ID,msg_type,emotions,transcript_raw,transcript_clean,summary_ref,重音信息 (词 - 起始秒数),重音原因,字段 1,字段 2
1,notice,愤怒,“哎，大家注意了啊！啊！我真是服了！那个……办公楼下的停车场，就刚才，又被不知道谁的车给堵了出口！啊！这都第几次了？！嗯……我现在非常、非常生气！麻烦这位车主，呃，立刻、马上去把车挪开！否则后果自负！就这样！”,“哎，大家注意了！我真是服了！办公楼下的停车场，就刚才，又被不知道谁的车给堵了出口！这都第几次了？！我现在非常、非常生气！麻烦这位车主，立刻、马上去把车挪开！否则后果自负！就这样！”,“紧急通知。办公楼下的停车场出口再次被车辆堵塞。请相关车主立即挪车，否则将追究责任。”,啊 - 3s 马上 - 22s,表达愤怒情绪，强调紧急性和命令,,
2,task,开心,“嘿小伙伴们！告诉大家一个超棒的消息！我们团队……嗯……上个季度的项目，拿奖啦！老板一高兴，说这周五下午，啊，团建！去吃那家超火的火锅！哇！所以呢，大家……呃……把手头的工作安排一下，咱们周五好好庆祝一下！一定要来啊！”,“嘿小伙伴们！告诉大家一个超棒的消息！我们团队上个季度的项目，拿奖啦！老板一高兴，说这周五下午，团建！去吃那家超火的火锅！所以呢，大家把手头的工作安排一下，咱们周五好好庆祝一下！一定要来啊！”,“通知：因团队项目获奖，本周五下午将组织团建聚餐。请大家提前安排好工作，准时参加。”,拿奖啦 - 8s 火锅 - 18s 一定 - 30s,强调好消息和令人兴奋的关键词，强调参与度,,
3,chitchat,伤心,“喂……嗯……你最近怎么样？我……哎，我养了十年的那只猫，毛毛，它……它昨天走了。我……我真的好难过啊，心里空落落的。嗯……就是……就是想找个人说说话……”,“你最近怎么样？我养了十年的那只猫，毛毛，它昨天走了。我真的好难过啊，心里空落落的。想找个人说说话”,“我最近不太好。陪伴我十年的宠物猫昨天去世了，我感到非常伤心。”,十年 - 10s 走了 - 15s 好难过 - 22s,强调时间长度和悲伤的核心事件与情绪,,
4,notice,害怕,“各位居民请注意，呃……气象台刚发布了红色暴雨预警。预计未来三小时会有……呃……特大暴雨，可能引发山洪。啊！大家千万不要出门！立刻检查家里的门窗！嗯……一定一定要注意安全！”,“各位居民请注意，气象台刚发布了红色暴雨预警。预计未来三小时会有特大暴雨，可能引发山洪。大家千万不要出门！立刻检查家里的门窗！一定一定要注意安全！”,“紧急通知：现已发布红色暴雨预警，预计将出现特大暴雨。请居民留在家中，紧闭门窗，确保安全。”,红色 - 7s 千万 - 20s 立刻 - 23s,强调预警的最高级别和指令的紧迫性,,
5,task,厌恶,“啧，小王啊，你去看一下三楼那个卫生间。哎哟我的天，不知道谁又……呃……弄得特别脏，地上全是水，恶心死了。唉，你去找保洁阿姨一起，赶紧去处理一下，我真是受不了了。”,“啧，小王啊，你去看一下三楼那个卫生间。哎哟我的天，不知道谁又弄得特别脏，地上全是水，恶心死了。你去找保洁阿姨一起，赶紧去处理一下，我真是受不了了。”,“请立即处理三楼卫生间的脏污问题。地面有大量积水，需尽快清理干净。”,特别脏 - 12s 全是水 - 15s 赶紧 - 25s,强调问题的严重性和处理的紧迫性,,
6,chitchat,惊讶,“我的天哪！你猜我刚才看到谁了？！哇！就咱们高中那个最内向的李华！啊！他居然在市中心开个人画展了！我的妈呀，太不可思议了！嗯……真是人不可貌相！”,“我的天哪！你猜我刚才看到谁了？！就咱们高中那个最内向的李华！他居然在市中心开个人画展了！我的妈呀，太不可思议了！真是人不可貌相！”,“我刚才意外得知，高中同学李华正在市中心举办个人画展，令人非常惊讶。”,谁 - 6s 最内向 - 12s 居然 - 18s,强调惊讶的对象和与预期的巨大反差,,
7,notice,严肃,“嗯，各位同事，下面播报一个通知。从下个月一号，也就是……呃……十月一号开始，公司的考勤制度会有一些调整。啊，具体细则呢，我会发邮件给大家，嗯……务必仔细阅读。”,“各位同事，下面播报一个通知。从下个月一号，也就是十月一号开始，公司的考勤制度会有一些调整。具体细则呢，我会发邮件给大家，务必仔细阅读。”,“通知：公司考勤制度将于十月一日起调整。具体细则将通过邮件发布，请务必仔细阅读。”,一号 - 10s 调整 - 16s 务必 - 28s,强调关键时间点和要求的重要性,,
8,task,疲惫,“哎……小李，你把这份报告……嗯……再核对一下数据，特别是第三和第四章节的图表。啊……我今天看了太多数字，眼睛都花了，实在盯不住了。嗯……麻烦你了，明天早上给我就行。”,“小李，你把这份报告再核对一下数据，特别是第三和第四章节的图表。我今天看了太多数字，眼睛都花了，实在盯不住了。麻烦你了，明天早上给我就行。”,“请协助核对报告中的数据，重点检查第三和第四章节的图表。明早提交即可。”,再 - 8s 第三第四 - 14s 明天早上 - 30s,强调重复性工作和需要重点关注的部分，明确时间底线,,
9,chitchat,开心,“嘿！我跟你说哦！嗯……我儿子今天不是参加运动会嘛，啊！他那个小组赛跑，居然拿了第一名！哇！我当时都快激动哭了！哈哈！晚上必须得加个鸡腿庆祝一下！”,“嘿！我跟你说哦！我儿子今天不是参加运动会嘛！他那个小组赛跑，居然拿了第一名！我当时都快激动哭了！哈哈！晚上必须得加个鸡腿庆祝一下！”,“我很高兴，儿子在今天的运动会赛跑中获得了小组第一名的好成绩。”,第一名 - 15s 激动哭了 - 20s 必须 - 28s,强调成就和激动的情绪，以及庆祝的决心,,
10,notice,惊讶,“哦！各位旅客请注意！我们非常……呃……抱歉地通知您，您乘坐的CZ6666航班，啊？因为……因为机械故障需要检修，起飞时间将推迟到……嗯……明天早上八点。天啊，这太突然了。”,“哦！各位旅客请注意！我们非常抱歉地通知您，您乘坐的CZ6666航班？因为机械故障需要检修，起飞时间将推迟到明天早上八点。天啊，这太突然了。”,“紧急通知：CZ6666航班因机械故障需检修，起飞时间将延误至明早八点。”,CZ6666 - 12s 机械故障 - 18s 明天早上八点 - 28s,强调受影响的航班、原因和新的关键时间点,,
11,task,生气,“这个方案是谁做的？！啊？里面这么多错别字，数据也对不上！拿回去！嗯……全部！全部给我重检查一遍！下班之前必须改好放我桌上！真是的！”,“这个方案是谁做的？！里面这么多错别字，数据也对不上！拿回去！全部！全部给我重检查一遍！下班之前必须改好放我桌上！真是的！”,“此方案存在大量错别字和数据错误。请全面核查并修改，今日下班前重新提交。”,谁 - 5s 全部 - 18s 下班之前 - 25s,表达愤怒，强调责任对象、工作范围和死线,,
12,chitchat,害怕,“我跟你讲……嗯……我刚才下班走那条黑黑的小路，好像……好像有人一直在后面跟着我。啊……我吓得一路跑回来的，心脏现在还在砰砰跳。太吓人了。”,“我跟你讲我刚才下班走那条黑黑的小路，好像有人一直在后面跟着我。我吓得一路跑回来的，心脏现在还在砰砰跳。太吓人了。”,“我刚才下班途中怀疑被人尾随，感到非常害怕，一路跑回了家。”,跟着 - 15s 跑 - 22s 砰砰跳 - 26s,强调威胁行为和自身的恐惧生理反应,,
13,notice,开心,“嗨！大家好呀！嗯……为庆祝公司成立十周年，本周五呢……啊……大家下班后都别走啊！老板请客，楼下新开的日料店！哇！还有抽奖活动哦！嗯……务必全员参加！”,“嗨！大家好呀！为庆祝公司成立十周年，本周五呢大家下班后都别走啊！老板请客，楼下新开的日料店！还有抽奖活动哦！务必全员参加！”,“为庆祝公司成立十周年，本周五下班后将举办聚餐及抽奖活动，地点为楼下日料店，请全体员工参加。”,十周年 - 8s 别走 - 18s 全员 - 32s,强调庆祝的由头和活动的强制性/包容性,,
14,task,中性,“小张，你……呃……联系一下上海那边的陈总，确认一下下周会议的具体时间。嗯……还有，把我们的产品资料……啊……最新版的那个PDF，先发过去给他们参考一下。”,“小张，你联系一下上海那边的陈总，确认一下下周会议的具体时间。还有，把我们的产品资料最新版的那个PDF，先发过去给他们参考一下。”,“请联系上海陈总，确认下周会议时间，并发送最新版产品资料PDF供其参考。”,陈总 - 8s 具体时间 - 14s 最新版 - 22s,强调关键联系人和任务的核心要求（时间、版本）,,
15,chitchat,厌恶,“啧，你看隔壁部门新来的那个谁了没？哎哟（厌恶），开会的时候那个马屁拍的呀，真是……嗯……听得我浑身不舒服。啊，就知道在领导面前表现，活儿全是别人干的。”,“啧，你看隔壁部门新来的那个谁了没？哎哟，开会的时候那个马屁拍的呀，真是听得我浑身不舒服。就知道在领导面前表现，活儿全是别人干的。”,“我对隔壁部门新同事在会议上过度奉承领导的行为感到十分厌恶。”,马屁 - 12s 浑身不舒服 - 18s 别人干的 - 28s,强调厌恶的具体行为和原因（不公）,,
16,notice,悲伤,“各位同仁，嗯……我们怀着无比沉痛的心情通知大家，我们研发部的老同事，王工……他……呃……因因病于昨日凌晨不幸去世。啊……公司将于本周举行追思会……”,“各位同仁，我们怀着无比沉痛的心情通知大家，我们研发部的老同事，王工他因因病于昨日凌晨不幸去世。公司将于本周举行追思会”,“沉痛通知：研发部王工于昨日凌晨因病去世。公司将于本周为其举行追思会。”,沉痛 - 5s 王工 - 12s 去世 - 20s,强调情绪、逝者身份和核心不幸事件,,
17,task,焦急,“快快快！服务器怎么宕机了？！啊！客户那边电话都快打爆了！嗯……运维的同事呢？赶紧！立刻！马上去机房看一下是什么情况！十分钟内我要知道原因！”,“快快快！服务器怎么宕机了？！客户那边电话都快打爆了！运维的同事呢？赶紧！立刻！马上去机房看一下是什么情况！十分钟内我要知道原因！”,“服务器出现宕机，请运维同事立即前往机房排查故障，并在十分钟内汇报原因。”,宕机 - 5s 马上 - 20s 十分钟 - 28s,强调问题的严重性、处理的急迫性和时间要求,,
18,chitchat,惊喜,“哇！我的天！你绝对猜不到！嗯……我随手买了张彩票，啊（难以置信）！居然……居然中了三千块钱！啊！虽然不多但是好开心啊！晚上请你喝奶茶！”,“我的天！你绝对猜不到！我随手买了张彩票，居然居然中了三千块钱！虽然不多但是好开心啊！晚上请你喝奶茶！”,“我意外中了三千元的彩票，感到非常惊喜和开心。”,猜不到 - 6s 中了 - 15s 三千 - 16s,强调事件的出乎意料和关键结果（金额）,,
19,notice,严肃,“咳咳，嗯。强调一下会议纪律。以后所有会议，呃，严禁迟到。啊！另外，手机必须调成静音或者震动模式。嗯……如果再有违反，将会记录在考核里。”,“咳咳。强调一下会议纪律。以后所有会议，严禁迟到。另外，手机必须调成静音或者震动模式。如果再有违反，将会记录在考核里。”,“郑重通知：今后所有会议严禁迟到，并要求手机静音。违者将记录考核。”,严禁迟到 - 12s 必须 - 20s 考核 - 28s,强调核心纪律要求和违反后果,,
20,task,鼓励,“兄弟们！我们这次的项目提案，客户非常非常满意！哇！嗯……大家这段时间辛苦了！啊！接下来呢，我们就按计划推进。啊……我相信，只要我们团结一心，一定能打一个漂亮仗！”,“兄弟们！我们这次的项目提案，客户非常非常满意！大家这段时间辛苦了！接下来呢，我们就按计划推进。我相信只要我们团结一心，一定能打一个漂亮仗！”,“我们的项目提案已获得客户高度认可。感谢大家辛苦付出，请按计划推进后续工作，相信我们能成功。”,非常非常 - 8s 辛苦 - 18s 相信 - 28s 漂亮仗 - 32s,强调认可程度、感谢之情和未来的信心,,
21,notice,愤怒,喂？喂？大家能听到吗？啊，紧急通知啊！嗯...刚才大楼物业发消息，说下午三点到五点要临时停电检修电路。啊！所以大家啊，务必在三点前保存好所有电脑上的工作文档！千万别忘了！嗯...免得丢了数据就麻烦了！好了，就这事！,喂？喂？大家能听到吗？紧急通知啊！刚才大楼物业发消息，说下午三点到五点要临时停电检修电路。所以大家啊，务必在三点前保存好所有电脑上的工作文档！千万别忘了！免得丢了数据就麻烦了！好了，就这事！,今日下午三点至五点将临时停电检修，请所有员工在三点前务必保存工作文档，防止数据丢失。,"[""临时停电"", ""务必""]","[""强调事件的突发性和操作的重要性、紧迫性。"", ""强调事件的突发性和操作的重要性、紧迫性。""]",,"
"
22,task,开心,嘿！小王啊！哎，告诉你个好消息！我们上次搞的那个市场活动，效果特别棒！老板刚才特地表扬了我们组！所以呢...嗯...你辛苦一下，把这次活动的成功经验总结一个PPT，下周咱们开个分享会！啊，做得好看点哦！,嘿！小王啊！告诉你个好消息！我们上次搞的那个市场活动，效果特别棒！老板刚才特地表扬了我们组！所以呢你辛苦一下，把这次活动的成功经验总结一个PPT，下周咱们开个分享会！做得好看点哦！,请基于上次成功的市场活动，制作一份经验总结PPT，用于下周的分享会。,"[""特别棒"", ""成功经验""]","[""强调积极结果和任务的核心内容。"", ""强调积极结果和任务的核心内容。""]",,"
"
23,chitchat,惊讶,我的天！哎我跟你说！你绝对猜不到！我刚刚在楼下咖啡店，看到总经理在和一个新来的实习生一起喝咖啡！哇塞，两人还有说有笑的！嗯...这是什么情况啊？不会吧...？,我的天！哎我跟你说！你绝对猜不到！我刚刚在楼下咖啡店，看到总经理在和新来的实习生一起喝咖啡！哇塞，两人还有说有笑的！这是什么情况啊？不会吧...？,我偶然看到总经理与新来的实习生在公司楼下咖啡店相谈甚欢。,"[""总经理"", ""实习生"", ""哇塞""]","[""强调人物的身份反差和事件的惊奇程度。"", ""强调人物的身份反差和事件的惊奇程度。"", ""强调人物的身份反差和事件的惊奇程度。""]",,"
"
24,notice,愤怒,哎，各位同事，我说个事啊。啊，又有人用完会议室不收拾！白板上画得乱七八糟，椅子挪得东倒西歪！嗯...这都第几次了？啊？下次再让我看到，直接在工作群里曝光你啊！素质！注意素质！,哎，各位同事，我说个事啊。又有人用完会议室不收拾！白板上画得乱七八糟，椅子挪得东倒西歪！这都第几次了？下次再让我看到，直接在工作群里曝光你啊！素质！注意素质！,再次强调使用会议室后须保持整洁，屡次不改者将在工作群内通报批评。,"[""又"", ""下次""]","[""强调问题的重复发生和警告的严重性。"", ""强调问题的重复发生和警告的严重性。""]",,"
"
25,task,疲惫,喂，小李...嗯...你那边现在忙不忙？哎，我这边系统突然崩了，今天必须交的报告还没保存...呃...你能不能帮我把上个月的销售数据再发我一份？对，就是最终版那个Excel...谢了啊兄弟，回头请你喝奶茶！,喂，小李...你那边现在忙不忙？哎，我这边系统突然崩了，今天必须交的报告还没保存...你能不能帮我把上个月的销售数据再发我一份？对，就是最终版那个Excel...谢了啊兄弟，回头请你喝奶茶！,因系统故障报告丢失，请立即将上个月的最终版销售数据Excel重新发送一份。,"[""崩了"", ""上个月""]","[""强调突发状况和所需数据的关键信息（时间、版本）。"", ""强调突发状况和所需数据的关键信息（时间、版本）。""]",,"
"
26,chitchat,伤心,喂...在吗？嗯...我心情不太好...哎，我养了快十年的金毛，毛毛...它今天早上...走了。我...我真的...唉，心里空落落的，就想找个人说说话...,喂...在吗？我心情不太好...哎，我养了快十年的金毛，毛毛...它今天早上...走了。我...我真的...心里空落落的，就想找个人说说话...,我因饲养多年的宠物狗今日早上去世而感到非常伤心。,"[""毛毛"", ""走了""]","[""强调宠物的名字和核心的悲伤事件。"", ""强调宠物的名字和核心的悲伤事件。""]",,"
"
27,notice,害怕,各位业主请注意！各位业主请注意！嗯...气象台刚发布了红色暴雨预警！预计晚上会有大到暴雨，还可能伴有雷电和大风！啊...大家一定要关好门窗，把阳台上的花盆什么的都收进来！注意安全啊！,各位业主请注意！各位业主请注意！气象台刚发布了红色暴雨预警！预计晚上会有大到暴雨，还可能伴有雷电和大风！大家一定要关好门窗，把阳台上的花盆什么的都收进来！注意安全啊！,紧急通知：已发布红色暴雨预警，晚间将有大到暴雨及雷电大风，请业主关好门窗，收回室外物品，注意安全。,"[""红色"", ""雷电""]","[""强调预警的最高等级和最具危险性的天气现象。"", ""强调预警的最高等级和最具危险性的天气现象。""]",,"
"
28,task,厌恶,啧，小张，你去跟进一下XX公司的那个尾款！啊，都拖了半个多月了，催一次动一下！你直接告诉他们负责人，这周五前再不到账，就按合同暂停所有合作！真是的！,啧，小张，你去跟进一下XX公司的那个尾款！都拖了半个多月了，催一次动一下！你直接告诉他们负责人，这周五前再不到账，就按合同暂停所有合作！真是的！,请立即跟进XX公司的逾期尾款，并告知其本周五前不到账将按合同暂停合作。,"[""XX公司"", ""半个多月"", ""暂停""]","[""强调拖欠方、拖欠时长和最终采取的强硬措施。"", ""强调拖欠方、拖欠时长和最终采取的强硬措施。"", ""强调拖欠方、拖欠时长和最终采取的强硬措施.""]",,"
"
29,chitchat,开心,哈哈哈哈！宝宝！快恭喜我！哎哟喂，我抢到了！我居然抢到了！周杰伦演唱会的内场票！两张！啊啊啊！我手都在抖！嗯...到时候一起去看啊！,哈哈哈哈！宝宝！快恭喜我！哎哟喂，我抢到了！我居然抢到了！周杰伦演唱会的内场票！两张！我手都在抖！到时候一起去看啊！,我成功抢到了两张周杰伦演唱会的内场票，非常兴奋。,"[""周杰伦"", ""两张""]","[""强调偶像名字和成功的数量，表达极度喜悦。"", ""强调偶像名字和成功的数量，表达极度喜悦。""]",,"
"
30,notice,中立,咳，嗯。各位同事提醒一下哈。嗯...年度体检的截止日期就到这周五了哈。啊...还没预约的赶紧在APP上操作一下。呃...过了时间可就视为自动放弃了哦。嗯，好.,咳，各位同事提醒一下哈.年度体检的截止日期就到这周五了哈.还没预约的赶紧在APP上操作一下.过了时间可就视为自动放弃了哦.好.,提醒：员工年度体检预约将于本周五截止，请未预约者尽快完成操作.,"[""这周五""]","[""强调不可延后的deadline.""]",,"
"
31,task,鼓励,老大刚把新项目的策划案交给我们组了！嗯...这说明啥？说明信任咱们！啊！大家加油干！特别是市场分析部分，小红你多费心！下周一咱们碰头！,老大刚把新项目的策划案交给我们组了！这说明啥？说明信任咱们！大家加油干！特别是市场分析部分，小红你多费心！下周一咱们碰头！,新项目策划案已交由我组负责，请各位全力以赴，重点完成市场分析部分，下周一开会讨论.,"[""我们组"", ""加油"", ""市场分析""]","[""强调团队荣誉感、鼓励情绪和任务的重点部分."", ""强调团队荣誉感、鼓励情绪和任务的重点部分."", ""强调团队荣誉感、鼓励情绪和任务的重点部分.""]",,"
"
32,chitchat,害怕,喂...亲爱的...你睡了吗？嗯...我...我好像听到客厅有奇怪的声音...窸窸窣窣的...啊...我好害怕...你能不能...呃...陪我打个电话？等我睡着再挂...,喂...亲爱的...你睡了吗？我...我好像听到客厅有奇怪的声音...窸窸窣窣的...我好害怕...你能不能陪我打个电话？等我睡着再挂...,我因独自在家听到客厅有异响而感到害怕，需要打电话陪伴.,"[""奇怪的声音""]","[""强调恐惧的来源和核心诉求.""]",,"
"
33,notice,失望,唉，通知个事吧.嗯...原定明天下午的团队户外拓展，因为天气预报说大雨，所以...呃...只能取消了.具体延期到什么时候，再等通知吧.哎...,唉，通知个事吧.原定明天下午的团队户外拓展，因为天气预报说大雨，所以只能取消了.具体延期到什么时候，再等通知吧.哎...,因明日大雨，原定的团队户外拓展活动取消，具体延期日期待通知.,"[""户外拓展"", ""大雨"", ""取消""]","[""强调被取消的期待活动、原因和令人失望的结果."", ""强调被取消的期待活动、原因和令人失望的结果."", ""强调被取消的期待活动、原因和令人失望的结果.""]",,"
"
34,task,生气,这份报告是谁做的？！啊？数据全是错的！格式也一塌糊涂！拿回去！今天下班前必须改好重新发给我！不然这个月绩效别想要了！,这份报告是谁做的？！数据全是错的！格式也一塌糊涂！拿回去！今天下班前必须改好重新发给我！不然这个月绩效别想要了！,此份报告数据与格式均有严重错误，责令负责人于今日下班前修改完毕并重新提交.,"[""数据"", ""格式"", ""今天下班前""]","[""强调错误的具体方面和不可妥协的最终期限."", ""强调错误的具体方面和不可妥协的最终期限."", ""强调错误的具体方面和不可妥协的最终期限.""]",,"
"
35,chitchat,厌恶,哎我跟你说，新来的那个同事真是绝了！嗯...自己份内的事搞不定，老是甩锅给别人！刚才又想把锅甩给我，被我怼回去了！真无语！,哎我跟你说，新来的那个同事真是绝了！自己份内的事搞不定，老是甩锅给别人！刚才又想把锅甩给我，被我怼回去了！真无语！,我对新同事无法完成本职工作且习惯推卸责任的行为感到十分厌恶.,"[""新来的那个同事"", ""甩锅"", ""怼""]","[""强调吐槽对象、其具体行为和自己的反击."", ""强调吐槽对象、其具体行为和自己的反击."", ""强调吐槽对象、其具体行为和自己的反击.""]",,"
"
36,notice,开心,嘿！大家先停一下手里的活儿哈！嗯...宣布个好消息！咱们这个月的业绩超额完成了百分之二十！老板特批，今天晚上聚餐！楼下新开的那家日料放题！六点准时出发啊！,嘿！大家先停一下手里的活儿哈！宣布个好消息！咱们这个月的业绩超额完成了百分之二十！老板特批，今天晚上聚餐！楼下新开的那家日料放题！六点准时出发啊！,因本月业绩超额完成20%，今晚六点将组织全体员工至楼下日料店聚餐庆祝.,"[""业绩"", ""百分之二十"", ""聚餐""]","[""强调庆祝的原因、出色的成果和奖励本身."", ""强调庆祝的原因、出色的成果和奖励本身."", ""强调庆祝的原因、出色的成果和奖励本身.""]",,"
"
37,task,急切,快！快！服务器宕机了！客户电话快打爆了！嗯...运维组的同学不管现在在干嘛，立刻、马上去查！五分钟我要知道是什么原因！,快！快！服务器宕机了！客户电话快打爆了！运维组的同学不管现在在干嘛，立刻、马上去查！五分钟我要知道是什么原因！,服务器突发宕机，请运维组人员立即中断手头工作进行排查，并要求五分钟内反馈原因.,"[""服务器宕机了"", ""不管现在在干嘛"", ""五分钟""]","[""强调紧急事件、任务的最高优先级和极短的时间要求."", ""强调紧急事件、任务的最高优先级和极短的时间要求."", ""强调紧急事件、任务的最高优先级和极短的时间要求.""]",,"
"
38,chitchat,难过,我没事...就是...哎，留学offer下来了...但是奖学金没申请到...嗯...家里条件你也知道...可能...可能就去不成了吧...,我没事...就是...哎，留学offer下来了...但是奖学金没申请到...家里条件你也知道...可能...可能就去不成了吧...,我因未能申请到留学奖学金，可能因经济原因无法如期入学.,"[""留学offer"", ""奖学金""]","[""强调希望和失望的核心点."", ""强调希望和失望的核心点.""]",,"
"
39,notice,疑惑,呃...大家有没有看到前台那个蓝色的文件夹？嗯...里面是下午开会要用的资料.啊...我记得就放那儿了，怎么一转眼没了？谁拿走了跟我说一声啊！,大家有没有看到前台那个蓝色的文件夹？里面是下午开会要用的资料.我记得就放那儿了，怎么一转眼没了？谁拿走了跟我说一声啊！,寻物：前台丢失一蓝色文件夹，内有下午开会的重要资料，拿取者请立即告知.,"[""蓝色的"", ""下午开会"", ""没了""]","[""强调丢失物品的特征、重要性和当前状态."", ""强调丢失物品的特征、重要性和当前状态."", ""强调丢失物品的特征、重要性和当前状态.""]",,"
"
40,task,期待,小刘，你这个创意非常棒！嗯...把它细化成一个可执行的方案吧！啊...需要任何资源支持直接跟我说！我很期待看到最终成果！,小刘，你这个创意非常棒！把它细化成一个可执行的方案吧！需要任何资源支持直接跟我说！我很期待看到最终成果！,肯定了小刘的创意，并要求其在此基础上细化为可执行方案，承诺提供所需资源支持.,"[""非常棒"", ""可执行的方案"", ""直接跟我说""]","[""强调对下属的肯定、任务的下一步目标以及提供的支持."", ""强调对下属的肯定、任务的下一步目标以及提供的支持."", ""强调对下属的肯定、任务的下一步目标以及提供的支持.""]",,"
"
41,notice,提醒,各位室友注意：嗯...这个月的水电费账单我贴在冰箱门上了。啊...大家记得看一下，呃...周末之前把各自的份子钱转给我哈。嗯...别忘了！,各位室友注意：这个月的水电费账单我贴在冰箱门上了。大家记得看一下，周末之前把各自的份子钱转给我哈。别忘了！,通知室友本月水电费账单已贴于冰箱，请于周末前支付各自应付部分。,"[""贴在冰箱上"", ""周末之前""]","[""强调账单位置"", ""强调付款截止时间""]",,"
"
42,task,指导,小王，你把这个合同送去给法务部的李经理。嗯...记住啊，一定要他本人签收！啊...如果他不在，你就带回来，千万别随便放他桌上！呃...这份很重要！,小王，你把这个合同送去给法务部的李经理。记住啊，一定要他本人签收！如果他不在，你就带回来，千万别随便放他桌上！这份很重要！,要求将重要合同送至法务部李经理处，并强调必须本人签收，否则带回。,"[""本人签收"", 千万别随便放""]""","[""强调关键且不可妥协的要求"", ""警告错误操作的严重后果""]",,"
"
43,chitchat,惊讶,我的天！你看新闻了吗？！嗯...就是咱们常去的那家商场，啊...昨晚着火了！哇塞...火势还挺大的！呃...幸好是半夜没人受伤...太吓人了！,我的天！你看新闻了吗？！就是咱们常去的那家商场，昨晚着火了！哇塞...火势还挺大的！幸好是半夜没人受伤...太吓人了！,我们常去的商场昨夜发生严重火灾，所幸无人伤亡，令人震惊后怕。,"[""着火了"", ""火势还挺大"", ""太吓人了""]","[""强调突发事件"", ""强调事件的严重性"", ""表达感受""]",,"
"
44,notice,开心,喜讯喜讯！嗯...恭喜我组项目经理王涛！啊...在刚刚结束的集团年度评选中，呃...荣获‘十佳杰出员工’称号！大家鼓掌！嗯...晚上他请客！,喜讯喜讯！恭喜我组项目经理王涛！在刚刚结束的集团年度评选中，荣获‘十佳杰出员工’称号！大家鼓掌！晚上他请客！,"祝贺组内项目经理王涛荣获集团十佳杰出员工""称号，并表示其将请客庆祝。""","[""喜讯"", ""十佳杰出员工"", ""请客""]","[""定下喜悦的基调"", ""强调荣誉的级别"", ""宣布庆祝活动""]",,"
"
45,task,焦急,快快快！系统又崩了！嗯...客户投诉电话又进来了！啊...运维呢？！呃...不是刚修复好吗？怎么又来了！赶紧排查原因啊！,快快快！系统又崩了！客户投诉电话又进来了！运维呢？！不是刚修复好吗？怎么又来了！赶紧排查原因啊！,系统再次发生故障引发客户投诉，紧急要求运维团队立即排查重复出现问题的原因。,"[""又崩了"", ""又来了"", ""赶紧排查""]","[""强调故障复发"", ""强调故障复发"", ""表达极度的紧迫和不满""]",,"
"
46,notice,提醒,大家注意一下哈！嗯...下个月一号，也就是周一，啊...公司要开始实行新的门禁刷卡制度了。呃...以后上下班都得刷卡，不然考勤会算异常的。嗯...别忘了！,大家注意一下哈！下个月一号，也就是周一，公司要开始实行新的门禁刷卡制度了。以后上下班都得刷卡，不然考勤会算异常的。别忘了！,通知：公司将于下月1日（周一）起实行新的门禁刷卡制度，上下班均需刷卡，否则考勤计为异常。,"[""下个月一号"", ""都得刷卡"", ""算异常""]","[""强调开始执行的具体时间"", ""强调行为的强制性"", ""强调不执行的后果""]",,"
"
47,task,焦急,快快快！直播马上就要开始了！嗯...演示用的PPT最后一张幻灯片的链接好像不对！啊...赶紧检查一下！呃...马上发正确的给我！快啊！,快快快！直播马上就要开始了！演示用的PPT最后一张幻灯片的链接好像不对！赶紧检查一下！马上发正确的给我！快啊！,直播即将开始，发现PPT最后一页的链接有误，需立即检查并发送正确链接。,"[""马上就要开始"", ""链接不对"", ""快啊""]","[""强调时间的紧迫性"", ""指出具体问题"", ""强烈催促""]",,"
"
48,chitchat,开心,嘿嘿嘿，告诉你个秘密！嗯...我昨天去相亲了！啊...对方居然是我大学时候暗恋过的学长！哇塞...这世界也太小了吧！呃...而且我们聊得超级投缘！,嘿嘿嘿，告诉你个秘密！我昨天去相亲了！对方居然是我大学时候暗恋过的学长！哇塞...这世界也太小了吧！而且我们聊得超级投缘！,我昨日相亲发现对象竟是大学时期暗恋的学长，双方相谈甚欢，感到惊喜又开心。,"[""相亲"", ""暗恋过的学长"", ""超级投缘""]","[""引出话题"", ""强调惊人的巧合"", ""表达积极的发展""]",,"
"
49,notice,失望,唉，通知一下。嗯...原定于明天下午的消防演习，啊...因为市消防队的调度问题，呃...暂时取消了。具体什么时候举行，再等通知吧。嗯...白准备了。,唉，通知一下。原定于明天下午的消防演习，因为市消防队的调度问题，暂时取消了。具体什么时候举行，再等通知吧。白准备了。,原定明日举行的消防演习因消防队调度问题取消，具体举行时间待通知。,"[""消防演习"", ""取消了"", ""白准备了""]","[""明确被取消的事件"", ""强调结果"", ""表达惋惜和无奈的情绪""]",,"
"
50,task,生气,这份数据报告是谁做的？！啊？！第三页的图表和第五页的结论根本对不上！嗯...这种低级错误也会犯？啊...立刻拿回去重新核对！下班前我要看到更正版！,这份数据报告是谁做的？！第三页的图表和第五页的结论根本对不上！这种低级错误也会犯？立刻拿回去重新核对！下班前我要看到更正版！,此份数据报告内容前后矛盾，存在低级错误，责令立即核对并於下班前重新提交。,"[""根本对不上"", ""低级错误"", ""立刻""]","[""强调错误的严重性"", ""表达愤怒和失望"", ""强调紧迫性""]",,"
"
51,chitchat,害怕,我刚开车好像...嗯...蹭到旁边车位的车了！啊...怎么办啊...呃...我要不要现在写个纸条留下联系方式？还是等人家找过来？好慌啊...,我刚开车好像蹭到旁边车位的车了！怎么办啊...我要不要现在写个纸条留下联系方式？还是等人家找过来？好慌啊...,我开车不慎剐蹭了邻车，对于如何处理感到不知所措和慌张。,"[""蹭到了"", ""怎么办啊"", ""好慌啊""]","[""描述事故"", 表达无助和寻求建议""",," ""强调心理状态""]"""
52,notice,开心,好消息好消息！嗯...公司决定，从这个季度开始，啊...项目的季度奖金发放周期从一个月缩短到一周！呃...让大家更快拿到奖励！鼓掌！,好消息好消息！公司决定，从这个季度开始，项目的季度奖金发放周期从一个月缩短到一周！让大家更快拿到奖励！鼓掌！,公司宣布本季度起项目季度奖金发放周期将由一个月缩短至一周。,"[""好消息"", ""缩短到一周"", ""更快拿到""]","[""营造喜悦氛围"", ""强调政策的核心利好"", ""强调带给员工的好处""]",,"
"
53,task,请求,姐，帮个忙呗？嗯...我下午有个急事得出去一趟，啊...大概俩小时。呃...要是经理问起来，你就说我去库房盘点了好不？谢啦谢啦！,姐，帮个忙呗？我下午有个急事得出去一趟，大概俩小时。要是经理问起来，你就说我去库房盘点了好不？谢啦谢啦！,请求同事帮忙打掩护，以库房盘点为理由解释其下午外出两小时的事宜。,"[""急事"", ""库房盘点"", ""谢啦""]","[""说明事情性质（寻求理解）"", ""指定需要的借口"", ""表达感谢""]",,"
"
54,chitchat,惊讶,我的天！你绝对猜不到我刚在楼下看到谁了！嗯...是之前被开除的那个销售总监！啊...他居然西装革履的，和老板有说有笑地走进来了！哇塞...这是什么情况？复辟了？,我的天！你绝对猜不到我刚在楼下看到谁了！是之前被开除的那个销售总监！他居然西装革履的，和老板有说有笑地走进来了！哇塞...这是什么情况？复辟了？,我惊讶地发现被开除的前销售总监与老板一同现身公司，且气氛融洽。,"[""被开除"", ""有说有笑"", ""复辟了""]","[""强调人物过去的负面状态"", ""强调当前状态的出乎意料"", ""用戏谑词表达震惊和猜测""]",,"
"
55,notice,紧急,所有人注意！所有人注意！嗯...大厦物业通知，五分钟后要进行消防水压测试，啊...届时可能会短暂停水十分钟。呃...请大家提前保存好相关工作，避免不便。,所有人注意！所有人注意！大厦物业通知，五分钟后要进行消防水压测试，届时可能会短暂停水十分钟。请大家提前保存好相关工作，避免不便。,紧急通知：五分钟后将进行消防水压测试，可能导致短暂停水，请提前保存工作。,"[""五分钟后"", ""停水十分钟"", ""保存好""]","[""强调即刻性"", ""说明影响和时长"", ""强调关键应对措施""]",,"
"
56,task,鼓励,小李，这次客户投诉处理得非常漂亮！嗯...不仅解决了问题，啊...还额外赢得了客户的信任。呃...你的沟通能力和应变能力真的很出色！继续保持！,小李，这次客户投诉处理得非常漂亮！不仅解决了问题，还额外赢得了客户的信任。你的沟通能力和应变能力真的很出色！继续保持！,高度表扬小李成功处理客户投诉并赢得客户信任，肯定其沟通与应变能力。,"[""非常漂亮"", ""赢得了信任"", ""真的很出色""]","[""高度肯定结果"", ""强调超出预期的收获"", ""具体表扬能力""]",,"
"
57,chitchat,难过,我妈刚又来电话催我回家考公务员了...嗯...说我在外面漂着不稳定，啊...可是我真的喜欢现在的工作啊...呃...烦死了，又吵了一架...,我妈刚又来电话催我回家考公务员了...说我在外面漂着不稳定，可是我真的喜欢现在的工作啊...烦死了，又吵了一架...,我因母亲再次来电催促回老家考公务员并与现工作对比而感到烦恼，并因此发生争执。,"[""又催"", ""漂着不稳定"", ""吵了一架""]","[""强调事件的重复性和压力"", ""引用母亲的话突出矛盾点"", ""表达冲突结果和负面情绪""]",,"
"
58,notice,中立,各位项目组成员：嗯...原定于明天上午十点的项目周会，啊...因主持人王总临时有紧急会议，呃...推迟到明天下午三点举行。地点不变。特此通知。,各位项目组成员：原定于明天上午十点的项目周会，因主持人王总临时有紧急会议，推迟到明天下午三点举行。地点不变。特此通知。,通知：明日项目周会因主持人王总有急会，从上午10点推迟至下午3点，地点不变。,"[""推迟"", ""下午三点"", ""地点不变""]","[""强调变更本身"", ""明确新的时间"", ""消除关于地点的疑虑""]",,"
"
59,task,不耐烦,那个需求文档到底什么时候能给我？嗯...这都催了第三遍了！啊...整个团队都在等这个排期呢！呃...今天下班前必须给我，没商量！,那个需求文档到底什么时候能给我？这都催了第三遍了！整个团队都在等这个排期呢！今天下班前必须给我，没商量！,强烈催促某人在今日下班前必须提交已拖延多时的需求文档，以免阻塞整个团队进度。,"[""第三遍了"", ""都在等"", ""必须给我""]","[""强调催促次数之多"", ""强调影响的广泛性"", ""表达最终期限和强硬态度""]",,"
"
60,chitchat,厌恶,我真服了隔壁部门那个谁了！嗯...每次一起合作，啊...活儿没干多少，抢功劳的时候冲在最前面！呃...上次那个点子明明是我提的，汇报的时候变成他的了！,我真服了隔壁部门那个谁了！每次一起合作，活儿没干多少，抢功劳的时候冲在最前面！上次那个点子明明是我提的，汇报的时候变成他的了！,我厌恶某同事在合作中少劳多获、抢功的行为，并举例说明。,"[""抢功劳"", ""冲在最前面"", ""明明是我提的""]","[""指出其恶劣行为"", ""描绘其积极抢功的丑态"", ""申明自身权益被侵犯""]",,"
"
61,notice,提醒,温馨提示：嗯...本周五之前，啊...请大家务必提交年度培训需求调查表。呃...邮件里有链接，点进去填就行。嗯...这关系到明年的培训计划，很重要哦。,温馨提示：本周五之前，请大家务必提交年度培训需求调查表。邮件里有链接，点进去填就行。这关系到明年的培训计划，很重要哦。,提醒大家于本周五前完成年度培训需求调查表的填写，该调查用于制定明年培训计划。,"[""本周五之前"", ""务必提交"", ""很重要""]","[""强调截止日期"", 强调操作的强制性""",," ""说明事情的重要性""]"""
62,task,指导,新来的实习生注意一下：嗯...公司内部通讯录和公共盘的使用指南，啊...我已经发到你们邮箱了。呃...有空仔细看一下，尤其是权限申请那部分，很重要。,新来的实习生注意一下：公司内部通讯录和公共盘的使用指南，我已经发到你们邮箱了。有空仔细看一下，尤其是权限申请那部分，很重要。,告知实习生内部通讯录和公共盘的使用指南已发送至邮箱，并提示需重点关注权限申请部分。,"[""使用指南"", ""仔细看一下"", ""权限申请""]","[""说明资料内容"", ""提出学习要求"", ""指出关键章节""]",,"
"
63,chitchat,惊讶,我的天！你看刘姐今天发的朋友圈了吗？嗯...她居然辞职去西藏骑行了一个月！啊...照片里又黑又瘦，但是笑得超开心！哇塞...完全不像她平时风格啊！,我的天！你看刘姐今天发的朋友圈了吗？她居然辞职去西藏骑行了一个月！照片里又黑又瘦，但是笑得超开心！哇塞...完全不像她平时风格啊！,我惊讶地发现同事刘姐辞职并完成了西藏骑行，其状态与往日形象截然不同。,"[""辞职"", ""西藏骑行"", ""超开心""]","[""强调惊人的举动"", 强调举动的艰苦和非凡""",," ""强调状态的积极变化""]"""
64,notice,开心,跟大家分享一个好消息！嗯...我们团队上个月主导的项目，啊...获得了集团内部的‘创新金奖’！呃...奖金下个月随工资发放！嗯...恭喜大家！,跟大家分享一个好消息！我们团队上个月主导的项目，获得了集团内部的‘创新金奖’！奖金下个月随工资发放！恭喜大家！,"宣布团队上月主导的项目荣获集团创新金奖""，奖金将于下月随工资发放。""","[""好消息"", ""创新金奖"", ""奖金""]","[""定下喜悦基调"", ""强调荣誉的级别"", ""宣布实质性奖励""]",,"
"
65,task,急切,网络！网络怎么又这么卡！嗯...视频会议一直掉线！啊...IT的人呢？呃...赶紧来看看是怎么回事啊！我这急着开会呢！,网络！网络怎么又这么卡！视频会议一直掉线！IT的人呢？赶紧来看看是怎么回事啊！我这急着开会呢！,抱怨网络卡顿导致视频会议中断，紧急要求IT人员立即前来排查故障。,"[""又这么卡"", ""一直掉线"", ""赶紧来看看""]","[""强调问题的重复发生"", 强调问题的严重影响""",," ""表达急切的需求""]"""
66,notice,提醒,各位同事注意啦！嗯...下周一公司要进行年度消防演习，啊...时间是上午十点整。呃...听到警报声后，请大家有序从消防楼梯撤离到一楼广场集合。嗯...各部门负责人清点一下人数。,各位同事注意啦！下周一公司要进行年度消防演习，时间是上午十点整。听到警报声后，请大家有序从消防楼梯撤离到一楼广场集合。各部门负责人清点一下人数。,通知：公司将于下周一上午10点进行年度消防演习，请听到警报后有序从消防楼梯撤离至一楼广场集合，各部门需清点人数。,"[""下周一"", ""有序撤离"", ""清点人数""]","[""强调具体时间"", ""强调撤离时的要求"", ""强调负责人的职责""]",,"
"
67,task,无奈,小张啊，嗯...客户那边又改需求了...啊...他们说之前定的那个蓝色不好看，呃...想换成...嗯...‘高级灰’...你...你尽量调一下吧...我也知道很烦...,小张啊，客户那边又改需求了...他们说之前定的那个蓝色不好看，想换成‘高级灰’...你尽量调一下吧...我也知道很烦...,客户再次更改需求，希望将之前确定的蓝色改为高级灰色，请尽量调整。,"[""又改需求"", ""高级灰"", ""很烦""]","[""表达对频繁变更的无奈"", ""强调新的模糊要求"", ""表达共情和理解""]",,"
"
68,chitchat,兴奋,啊啊啊！我抢到了！我居然抢到了！嗯...XX乐队巡演的内场票！啊...手都在抖！呃...开售十秒钟就没了！我的天！咱们一起去看吧！,啊啊啊！我抢到了！我居然抢到了！XX乐队巡演的内场票！手都在抖！开售十秒钟就没了！我的天！咱们一起去看吧！,我成功抢到了热门乐队巡演的内场票，非常兴奋并邀请朋友同去。,"[""抢到了"", ""内场票"", ""十秒钟""]","[""宣布成功的结果"", ""强调票的位置之好"", ""强调抢票难度和运气""]",,"
"
69,notice,失望,唉，跟大家说一声吧。嗯...原本计划年底的团队出国旅游，啊...因为公司预算调整，呃...今年暂时取消了。嗯...看看明年情况再说吧。,唉，跟大家说一声吧。原本计划年底的团队出国旅游，因为公司预算调整，今年暂时取消了。看看明年情况再说吧。,因公司预算调整，原定于年底的团队出国旅游计划今年取消。,"[""出国旅游"", ""取消了"", ""明年再说""]","[""强调被取消的令人期待的活动"", ""强调结果"", ""给出微弱的希望""]",,"
"
70,task,生气,这个代码是谁写的？！嗯...连基本的注释都没有！啊...函数命名也是abc、xyz！呃...这让别人怎么维护？拿回去重写！规范一点！,这个代码是谁写的？！连基本的注释都没有！函数命名也是abc、xyz！这让别人怎么维护？拿回去重写！规范一点！,此代码缺乏注释且命名极不规范，可维护性差，责令重写以符合规范。,"[""注释都没有"", ""abc、xyz"", ""重写""]","[""指出具体缺陷"", ""举例说明糟糕的命名"", ""给出强硬指令""]",,"
"
71,chitchat,害怕,我跟你说...嗯...我刚才好像看到老板和HR总监在会议室里谈话，啊...表情特别严肃...呃...而且我们部门就我一个人被叫去送材料...我好慌啊...,我跟你说...我刚才好像看到老板和HR总监在会议室里谈话，表情特别严肃...而且我们部门就我一个人被叫去送材料...我好慌啊...,我撞见老板与HR总监严肃谈话，且独自被召唤，因此感到不安和害怕。,"[""HR总监"", ""特别严肃"", ""就我一个人""]","[""强调谈话对象的特殊性"", ""强调气氛的不寻常"", ""强调自身的孤立和特殊待遇引发恐惧""]",,"
"
72,notice,开心,好消息！嗯...考虑到大家最近加班辛苦，啊...老板特批明天下午给大家放半天假！呃...手头紧急的工作处理一下，嗯...明天中午吃完饭就可以走了！,好消息！考虑到大家最近加班辛苦，老板特批明天下午给大家放半天假！手头紧急的工作处理一下，明天中午吃完饭就可以走了！,为慰劳近期加班辛苦，特批准明天下午放假半天，午饭后即可离开。,"[""放假"", ""半天假"", ""就可以走了""]","[""直接宣布福利"", ""明确假期时长"", ""强调自由的开始时间""]",,"
"
73,task,请求,兄弟，帮个忙顶一下！嗯...我家里突然有点急事，啊...必须得马上回去一趟。呃...下午那个客户接待你帮我去一下呗？资料我发你！谢了！,兄弟，帮个忙顶一下！我家里突然有点急事，必须得马上回去一趟。下午那个客户接待你帮我去一下呗？资料我发你！谢了！,因家中急事需立即离开，请求同事代为处理下午的客户接待工作。,"[""急事"", ""马上回去"", ""帮我去一下""]","[""说明事情的紧迫性和重要性"", ""强调需要立即行动"", ""提出具体的帮忙请求""]",,"
"
74,chitchat,惊讶,我的妈呀！你猜我刚在楼下碰到谁了？嗯...是之前离职去创业的前CTO！啊...他居然自己开车来送外卖了？！哇塞...这落差也太大了吧！,我的妈呀！你猜我刚在楼下碰到谁了？是之前离职去创业的前CTO！他居然自己开车来送外卖了？！哇塞...这落差也太大了吧！,我惊讶地发现公司前CTO目前在送外卖，与其过往身份形成巨大反差。,"[""前CTO"", ""送外卖"", ""落差太大""]","[""强调人物过去的高位"", ""强调现在的职业"", ""表达强烈的对比和震惊""]",,"
"
75,notice,紧急,紧急通知！嗯...大厦B区的电力线路故障，啊...可能导致我们这层楼一会电压不稳甚至短暂停电。呃...请大家立即保存手头工作！防止数据丢失！,紧急通知！大厦B区的电力线路故障，可能导致我们这层楼一会电压不稳甚至短暂停电。请大家立即保存手头工作！防止数据丢失！,紧急：因大厦电力故障，本楼层可能电压不稳或停电，请立即保存工作以防数据丢失。,"[""线路故障"", ""电压不稳"", ""立即保存""]","[""说明紧急情况的起因"", ""说明可能的影响"", ""强调最紧要的应对措施""]",,"
"
76,task,鼓励,小王，这次项目汇报做得非常清晰！嗯...逻辑清楚，数据扎实，啊...几个老板都在点头。呃...下次继续由你来主讲，没问题吧？,小王，这次项目汇报做得非常清晰！逻辑清楚，数据扎实，几个老板都在点头。下次继续由你来主讲，没问题吧？,充分肯定小王项目汇报的表现，并鼓励其下次继续担任主讲。,"[""非常清晰"", ""都在点头"", ""继续主讲""]","[""具体表扬优点"", ""引用老板反应佐证成功"", ""表达信任和期望""]",,"
"
77,chitchat,难过,我养了三年多的那盆茉莉花，嗯...最后还是没救活...啊...叶子全黄了...（叹气）呃...明明每天都细心照顾的...怎么就这样了...,我养了三年多的那盆茉莉花，最后还是没救活...叶子全黄了...（叹气）明明每天都细心照顾的...怎么就这样了...,我悉心照料多年的茉莉花未能救活，最终枯萎，感到十分难过和不解。,"[""三年多"", ""没救活"", ""细心照顾""]","[""强调时间投入和感情深度"", 强调令人伤心的结果""",," ""强调付出的努力与结果的反差""]"""
78,notice,中立,通知：嗯...本周五下午三点，啊...在第二会议室召开第一季度项目总结会。呃...请各项目组负责人准备好五分钟的发言稿。嗯...准时参加。,通知：本周五下午三点，在第二会议室召开第一季度项目总结会。请各项目组负责人准备好五分钟的发言稿。准时参加。,通知：本周五下午3点于第二会议室召开Q1项目总结会，请各项目负责人准备5分钟发言。,"[""周五下午三点"", ""五分钟发言稿""]","[""明确会议时间"", ""明确参会者的具体准备要求""]",,"
"
79,task,不耐烦,那个报表怎么还没发给我？嗯...昨天不是说了今天一早就要吗？啊...全组人都等着你的数据开会呢！呃...十分钟之内必须发到我邮箱！,那个报表怎么还没发给我？昨天不是说了今天一早就要吗？全组人都等着你的数据开会呢！十分钟之内必须发到我邮箱！,催促某人十分钟内必须提交拖延的报表，因其数据延误了全组的会议。,"[""还没发"", ""一早就要"", ""十分钟之内""]","[""强调未完成状态"", ""强调事先的约定和紧迫性"", ""给出最后的紧迫期限""]",,"
"
80,chitchat,厌恶,哎我真受不了了！嗯...楼上那家每天晚上十一点多就开始拖桌子拉椅子！啊...还伴随着各种奇怪的噪音！呃...上去沟通过好几次了，一点用都没有！素质太差了！,哎我真受不了了！楼上那家每天晚上十一点多就开始拖桌子拉椅子！还伴随着各种奇怪的噪音！上去沟通过好几次了，一点用都没有！素质太差了！,我对楼上邻居每晚制造噪音且沟通无效的行为感到极度厌恶和无奈。,"[""每天晚上"", ""一点用都没有"", ""素质太差""]","[""强调噪音的规律性和持续性"", ""表达沟通后的绝望"", ""进行道德评价""]",,"
"
81,notice,提醒,各位室友注意：嗯...小区物业通知明天上午九点到下午四点清洗水箱，啊...期间会停水。呃...大家记得提前储点水备用。嗯...免得没水用。,各位室友注意：小区物业通知明天上午九点到下午四点清洗水箱，期间会停水。大家记得提前储点水备用。免得没水用。,通知：明日9:00-16:00因清洗水箱将停水，请各位室友提前储水。,"[""清洗水箱"", ""停水"", ""储点水""]","[""说明停水原因"", ""说明停水事实"", ""强调应对措施""]",,"
"
82,task,指导,新来的同事看这里：嗯...公司报销需要先用手机APP提交申请，啊...然后打印出纸质版，呃...连同发票一起贴好，嗯...再找部门领导签字后交到财务。,新来的同事看这里：公司报销需要先用手机APP提交申请，然后打印出纸质版，连同发票一起贴好，再找部门领导签字后交到财务。,指导新同事报销流程：需先在APP提交申请，然后打印并附上发票，经领导签字后提交财务。,"[""APP提交"", ""贴好"", ""签字""]","[""强调第一步的线上操作"", ""强调发票的整理要求"", ""强调必要的审批环节""]",,"
"
83,chitchat,惊讶,我的天！你看刘工的最新论文了吗？嗯...居然发表在了《Nature》子刊上！啊...太牛了吧！呃...平时完全看不出来他这么厉害啊！深藏不露！,我的天！你看刘工的最新论文了吗？居然发表在了《Nature》子刊上！太牛了吧！平时完全看不出来他这么厉害啊！深藏不露！,我惊讶地得知同事刘工程师的论文发表在顶级期刊《Nature》子刊上，对其能力深感佩服。,"[""《Nature》子刊"", ""太牛了"", ""深藏不露""]","[""强调期刊的顶级水平"", ""表达极高的赞叹"", ""强调其低调与实力的反差""]",,"
"
84,notice,开心,喜报！喜报！嗯...我部门在刚刚结束的公司创新大赛中，啊...包揽了前三名！呃...总经理点名表扬了我们！嗯...下午茶已经订好了，大家休息室集合！,喜报！喜报！我部门在刚刚结束的公司创新大赛中，包揽了前三名！总经理点名表扬了我们！下午茶已经订好了，大家休息室集合！,祝贺我部门在公司创新大赛中包揽前三名并获得总经理表扬，现已预订下午茶庆祝。,"[""包揽"", ""前三名"", ""点名表扬""]","[""强调完胜的结果"", ""强调优异的成绩"", ""强调高层的认可""]",,"
"
85,task,急切,断电了？！怎么突然断电了？！嗯...服务器机房有备用电源启动吗？啊...赶紧去看看！呃...核心数据库可不能宕机啊！快！,断电了？！怎么突然断电了？！服务器机房有备用电源启动吗？赶紧去看看！核心数据库可不能宕机啊！快！,突发断电，紧急要求检查服务器机房备用电源是否启动，以确保核心数据库运行。,"[""断电了"", ""备用电源"", ""不能宕机""]","[""宣告紧急状况"", ""指出关键检查点"", ""强调保护的核心目标""]",,"
"
86,notice,提醒,各位同事请注意一下！嗯...公司Wi-Fi密码将于下周一起更换，啊...新的密码会通过邮件发给大家。呃...到时候记得重新连接一下哦，免得断网了。,各位同事请注意一下！公司Wi-Fi密码将于下周一起更换，新的密码会通过邮件发给大家。到时候记得重新连接一下哦，免得断网了。,通知：公司Wi-Fi密码将于下周一更换，新密码将通过邮件发送，请记得及时重新连接。,"[""下周一"", ""更换"", ""记得重新连接""]","[""强调执行时间"", ""强调变更动作"", ""提醒关键操作""]",,"
"
87,task,无奈,唉，小李啊...嗯...客户那边说预算砍了一半，啊...但是活还得干完...呃...你看看哪些功能可以简化一下？嗯...尽量保留核心功能吧...,唉，小李啊...客户那边说预算砍了一半，但是活还得干完...你看看哪些功能可以简化一下？尽量保留核心功能吧...,客户预算减半但要求完成项目，请评估并简化非核心功能，优先保留核心功能。,"[""砍了一半"", ""还得干完"", ""核心功能""]","[""强调项目的困难处境"", ""表达无奈的要求"", ""指明优先级""]",,"
"
88,chitchat,兴奋,哇塞！你快看我朋友圈！嗯...我中奖了！啊...参加商场抽奖中了台最新款的游戏机！呃...简直不敢相信！手气太好了吧！,哇塞！你快看我朋友圈！我中奖了！参加商场抽奖中了台最新款的游戏机！简直不敢相信！手气太好了吧！,我在商场抽奖中获得了最新款游戏机，感到非常兴奋和难以置信。,"[""中奖了"", ""最新款"", ""手气太好""]","[""宣布好消息"", ""强调奖品的价值"", ""表达幸运的喜悦""]",,"
"
89,notice,失望,跟大家说个不太好的消息...嗯...原定本月的团队outing，啊...因为最近项目太紧，呃...领导说暂时延期了...嗯...具体时间再通知吧。,跟大家说个不太好的消息...原定本月的团队outing，因为最近项目太紧，领导说暂时延期了...具体时间再通知吧.,因项目紧张，原定本月的团队outing活动暂缓举行，具体时间待定。,"[""团队outing"", ""延期了"", ""项目太紧""]","[""强调被取消的期待活动"", ""说明结果"", ""解释原因""]",,"
"
90,task,生气,这份合同怎么回事？！嗯...最后一页居然没有盖章？！啊...这种低级错误也能犯？！呃...立刻联系对方重新盖章寄回！今天必须搞定！,这份合同怎么回事？！最后一页居然没有盖章？！这种低级错误也能犯？！立刻联系对方重新盖章寄回！今天必须搞定！,发现合同最后一页遗漏盖章，责令立即联系对方重新盖章并于今日内完成寄回。,"[""没有盖章"", ""低级错误"", ""今天必须搞定""]","[""指出具体错误"", ""表达愤怒和失望"", ""强调紧急处理时限""]",,"
"
91,chitchat,害怕,我刚开车好像闯了个红灯...嗯...那个路口摄像头特别多...啊...怎么办啊...呃...会不会被扣分罚款啊...好慌...,我刚开车好像闯了个红灯...那个路口摄像头特别多...怎么办啊...会不会被扣分罚款啊...好慌...,我可能闯了红灯且该路口摄像头密集，担心被处罚而感到慌张。,"[""闯红灯"", ""摄像头多"", ""好慌""]","[""描述违规行为"", ""强调被拍到的可能性"", ""表达心理状态""]",,"
"
92,notice,开心,好消息！嗯...公司决定从下个月起，啊...为全体员工增加补充医疗保险！呃...具体保障内容会发邮件给大家，嗯...大家的健康更有保障啦！,好消息！公司决定从下个月起，为全体员工增加补充医疗保险！具体保障内容会发邮件给大家，大家的健康更有保障啦！,公司宣布下月起为全体员工新增补充医疗保险，详情将通过邮件通知。,"[""补充医疗保险"", ""下个月起"", ""更有保障""]","[""宣布福利内容"", ""明确开始时间"", ""强调 benefits""]",,"
"
93,task,请求,姐，帮个忙顶一下呗？嗯...我孩子学校突然通知开家长会，啊...必须得去一趟...呃...下午那个客户拜访你替我去一下行吗？资料我都准备好了！,姐，帮个忙顶一下呗？我孩子学校突然通知开家长会，必须得去一趟...下午那个客户拜访你替我去一下行吗？资料我都准备好了！,因需参加孩子学校家长会，请求同事代为进行下午的客户拜访。,"[""家长会"", ""必须得去"", ""替我去""]","[""说明原因的重要性"", ""强调必要性"", ""提出具体请求""]",,"
"
94,chitchat,惊讶,我的天！你猜我刚在电梯里遇到谁了？嗯...是公司的大老板！啊...他居然还记得我的名字，还问我项目进展！呃...吓死我了...,我的天！你猜我刚在电梯里遇到谁了？是公司的大老板！他居然还记得我的名字，还问我项目进展！吓死我了...,我在电梯偶遇公司大老板，其不仅记得我名字还询问项目进展，令我受宠若惊。,"[""大老板"", ""记得我的名字"", ""吓死了""]","[""强调人物的高阶身份"", ""强调出乎意料的关注"", ""表达紧张和惊讶""]",,"
"
95,notice,紧急,紧急通知！嗯...刚接到物业通知，啊...地下车库发现疑似漏水点，呃...请所有车主立即将车辆移出B区车位！嗯...以免造成财产损失！,紧急通知！刚接到物业通知，地下车库发现疑似漏水点，请所有车主立即将车辆移出B区车位！以免造成财产损失！,紧急：地下车库B区发现疑似漏水，请车主立即移车以避免财产损失。,"[""漏水点"", ""立即移出"", ""财产损失""]","[""说明紧急情况"", ""强调动作的紧迫性"", ""说明不执行的后果""]",,"
"
96,task,鼓励,小陈，这次项目上线虽然遇到了很多问题，嗯...但你临场处理得非常冷静和专业！啊...特别是数据库恢复那一下，太关键了！呃...继续加油！,小陈，这次项目上线虽然遇到了很多问题，但你临场处理得非常冷静和专业！特别是数据库恢复那一下，太关键了！继续加油！,肯定小陈在问题频出的项目上线过程中表现出的冷静、专业及关键处理能力，并给予鼓励。,"[""非常冷静专业"", ""太关键了"", ""继续加油""]","[""表扬具体能力和态度"", ""特别强调某个杰出贡献"", ""表达期望""]",,"
"
97,chitchat,难过,我最好的闺蜜要移民去加拿大了...嗯...以后见面就难了...啊...虽然替她高兴，但心里还是好舍不得...呃...十几年友情了...,我最好的闺蜜要移民去加拿大了...以后见面就难了...虽然替她高兴，但心里还是好舍不得...十几年友情了...,我因挚友即将移民加拿大，未来难再见面而感到不舍和难过，尽管为其高兴。,"[""移民"", ""见面难"", ""舍不得""]","[""强调分离的原因和距离"", ""强调未来的状态"", ""表达矛盾的情感""]",,"
"
98,notice,中立,通知：嗯...本周五下午四点，啊...在公司大堂举行新员工欢迎会。呃...欢迎大家参加，嗯...互相认识一下。,通知：本周五下午四点，在公司大堂举行新员工欢迎会。欢迎大家参加，互相认识一下。,通知：本周五下午4点于公司大堂举行新员工欢迎会，欢迎参加。,"[""周五下午四点"", ""欢迎会""]","[""明确活动时间"", ""说明活动性质""]",,"
"
99,task,不耐烦,那个方案到底什么时候能给我？嗯...这都催了多少遍了！啊...全组人都等着你的方案开会讨论呢！呃...半小时内必须发给我！,那个方案到底什么时候能给我？这都催了多少遍了！全组人都等着你的方案开会讨论呢！半小时内必须发给我！,强烈催促半小时内必须提交已多次拖延的方案，以免影响全组会议讨论。,"[""多少遍了"", ""全组人等"", ""半小时内""]","[""强调催促次数"", ""强调影响的广泛性"", ""给出极短的最终期限""]",,"
"
100,chitchat,厌恶,我真服了隔壁组那个谁了！嗯...每次合作都把最难最耗时的活儿推给我们，啊...最后汇报时却把功劳全揽在自己身上！呃...太不要脸了！,我真服了隔壁组那个谁了！每次合作都把最难最耗时的活儿推给我们，最后汇报时却把功劳全揽在自己身上！太不要脸了！,我厌恶某同事在合作中推卸困难工作却抢功的行为。,"[""最难最耗时"", ""推给我们"", ""全揽在自己身上""]","[""强调其分配任务的不公"", ""说明其行为模式"", ""谴责其抢功行为""]",,"
"
101,notice,提醒,各位室友注意：嗯...周末小区要进行化粪池清理，啊...可能会有一些味道。呃...大家记得关好门窗哦。嗯...尤其是周六上午。,各位室友注意：周末小区要进行化粪池清理，可能会有一些味道。大家记得关好门窗哦。尤其是周六上午。,通知：本周末小区进行化粪池清理，可能产生异味，请关好门窗，特别是周六上午。,"[""化粪池清理"", ""有味道"", ""关好门窗""]","[""说明事由"", ""说明影响"", ""强调应对措施""]",,"
"
102,task,指导,新同事看过来：嗯...公司内部知识库的访问地址和账号，啊...我已经发到你们邮箱了。呃...里面有各种流程和文档，嗯...有空多看看。,新同事看过来：公司内部知识库的访问地址和账号，我已经发到你们邮箱了。里面有各种流程和文档，有空多看看.,告知新同事内部知识库的访问信息已发送，并鼓励其学习其中的流程文档。,"[""知识库"", ""访问地址和账号"", ""多看看""]","[""说明资源内容"", ""提供关键信息"", ""提出学习建议""]",,"
"
103,chitchat,惊讶,我的天！你看张工的朋友圈了吗？嗯...他居然辞职去环骑青海湖了！啊...照片里黑得我都快认不出来了！呃...这也太潇洒了吧！,我的天！你看张工的朋友圈了吗？他居然辞职去环骑青海湖了！照片里黑得我都快认不出来了！这也太潇洒了吧！,我惊讶地发现同事张工程师辞职并完成了环青海湖骑行，其状态变化巨大且行为洒脱。,"[""环骑青海湖"", ""认不出来"", ""太潇洒""]","[""强调其壮举"", ""强调外貌变化之大"", ""表达赞叹""]",,"
"
104,notice,开心,分享一个好消息！嗯...我们团队研发的新功能，啊...用户满意度调查获得了历史最高分！呃...老板特别高兴，说月底发奖金！嗯...大家继续努力！,分享一个好消息！我们团队研发的新功能，用户满意度调查获得了历史最高分！老板特别高兴，说月底发奖金！大家继续努力！,宣布团队新功能在用户满意度调查中获历史最高分，老板表示月底将发放奖金。,"[""历史最高分"", ""特别高兴"", ""发奖金""]","[""强调成就的非凡"", ""引用高层的积极反应"", ""宣布实质性奖励""]",,"
"
105,task,急切,断网了？！怎么全公司都断网了？！嗯...赶紧给运营商打电话报修啊！啊...所有工作都停摆了！呃...催他们尽快派人来！,断网了？！怎么全公司都断网了？！赶紧给运营商打电话报修啊！所有工作都停摆了！催他们尽快派人来！,全公司网络中断，紧急要求联系运营商报修并催促其尽快派人恢复，因工作已完全停滞。,"[""全公司断网"", ""所有工作停摆"", ""尽快派人""]","[""强调故障范围"", ""强调影响的严重性"", ""表达急切的需求""]",,"
"
106,notice,提醒,各位同事请注意！嗯...公司服务器将于今晚十点进行维护，啊...预计耗时两小时。呃...期间所有系统将无法访问，嗯...请提前安排好工作。,各位同事请注意！公司服务器将于今晚十点进行维护，预计耗时两小时。期间所有系统将无法访问，请提前安排好工作。,通知：公司服务器将于今晚10点进行维护，预计耗时2小时，期间所有系统将无法访问，请提前安排工作。,"[""今晚十点"", ""两小时"", ""无法访问""]","[""强调维护时间"", ""说明预计时长"", ""说明影响范围""]",,"
"
107,task,无奈,唉，小王啊...嗯...客户那边又说要改方案...啊...这都第五版了...呃...他们说最后再微调一下就好...嗯...你再辛苦改改吧...,唉，小王啊...客户那边又说要改方案...这都第五版了...他们说最后再微调一下就好...你再辛苦改改吧...,客户要求再次修改方案（已是第五版），请继续调整。,"[""又改方案"", ""第五版"", ""微调一下""]","[""表达对频繁修改的无奈"", ""强调修改次数之多"", ""引用客户的话表示希望这是最后一次""]",,"
"
108,chitchat,兴奋,哇！太棒了！嗯...我刚刚通过试用期转正了！啊...而且老板还给我加了薪！呃...晚上我请客，大家想吃什么？,哇！太棒了！我刚刚通过试用期转正了！而且老板还给我加了薪！晚上我请客，大家想吃什么？,我顺利通过试用期转正并获得加薪，非常高兴并打算请客庆祝。,"[""转正了"", ""加了薪"", ""请客""]","[""宣布职业里程碑"", ""分享好消息"", ""表达庆祝意愿""]",,"
"
109,notice,失望,跟大家说一下...嗯...原定本周的团队建设活动，啊...因为场地原因临时取消了。呃...具体延期到什么时候，等行政部通知吧。嗯...抱歉啊。,跟大家说一下...原定本周的团队建设活动，因为场地原因临时取消了。具体延期到什么时候，等行政部通知吧。抱歉啊。,因场地原因，本周团队建设活动取消，具体延期时间待行政部通知。,"[""团队建设"", ""取消了"", ""场地原因""]","[""强调被取消的活动"", ""说明结果"", ""解释原因""]",,"
"
110,task,生气,这个设计稿是谁做的？！啊？！客户LOGO都能放错！嗯...这已经是基本中的基本了！啊...马上重新做！一小时内我要看到正确的版本！,这个设计稿是谁做的？！客户LOGO都能放错！这已经是基本中的基本了！马上重新做！一小时内我要看到正确的版本！,设计稿中出现客户LOGO错误此等低级失误，责令一小时内重新制作并提交正确版本。,"[""LOGO放错"", ""基本中的基本"", ""一小时内""]","[""指出具体错误"", ""强调错误的低级性"", ""给出紧急时限""]",,"
"
111,chitchat,害怕,我刚回家发现...嗯...门口有奇怪的标记...啊...就是一个圆圈里面有个叉...呃...我看网上说可能是小偷做的记号...好害怕啊...,我刚回家发现...门口有奇怪的标记...就是一个圆圈里面有个叉...我看网上说可能是小偷做的记号...好害怕啊...,我发现家门口有疑似小偷标记的奇怪符号，感到害怕。,"[""奇怪标记"", ""圆圈里面有个叉"", ""小偷记号""]","[""描述可疑现象"", ""具体描述标记特征"", ""表达担忧的来源""]",,"
"
112,notice,开心,好消息！嗯...公司接下来要推行弹性工作时间了！啊...早上八点到十点之间到公司都可以，呃...满八小时就能下班。嗯...大家更方便安排自己的时间了！,好消息！公司接下来要推行弹性工作时间了！早上八点到十点之间到公司都可以，满八小时就能下班。大家更方便安排自己的时间了！,公司即将推行弹性工作制，员工可在8-10点间到岗，工作满8小时即可下班。,"[""弹性工作时间"", ""八点到十点"", ""满八小时""]","[""宣布新政策"", ""说明灵活的时间范围"", ""说明核心规则""]",,"
"
113,task,请求,哥们，帮个忙！嗯...我这边有个急件要送到客户那儿，啊...但我现在走不开...呃...你能不能帮我跑一趟？很近的，就在隔壁写字楼！,哥们，帮个忙！我这边有个急件要送到客户那儿，但我现在走不开...你能不能帮我跑一趟？很近的，就在隔壁写字楼！,因无法脱身，请求同事帮忙将急件送至附近客户处。,"[""急件"", ""走不开"", ""跑一趟""]","[""说明物品的紧急性和重要性"", ""解释求助原因"", ""提出具体请求""]",,"
"
114,chitchat,惊讶,我的天！你看群里消息了吗？嗯...咱们公司被一家上市公司收购了！啊...这太突然了吧！呃...不知道以后会有什么变化...,我的天！你看群里消息了吗？咱们公司被一家上市公司收购了！这太突然了吧！不知道以后会有什么变化...,我惊讶得知公司被上市公司收购，对未来的变化感到不确定。,"[""收购了"", ""太突然"", ""什么变化""]","[""宣布重大消息"", ""表达意外之情"", ""表达对未来的关切""]",,"
"
115,notice,紧急,紧急通知！嗯...刚接到通知，啊...这层楼的卫生间水管爆了，呃...正在维修。嗯...请大家暂时使用其他楼层的卫生间。抱歉带来不便！,紧急通知！刚接到通知，这层楼的卫生间水管爆了，正在维修。请大家暂时使用其他楼层的卫生间。抱歉带来不便！,紧急：本楼层卫生间水管爆裂正在维修，请暂时使用其他楼层卫生间。,"[""水管爆了"", ""正在维修"", ""使用其他楼层""]","[""说明紧急情况"", ""说明处理状态"", ""提供解决方案""]",,"
"
116,task,鼓励,小张，这次项目虽然时间紧任务重，嗯...但你带领团队完成得非常出色！啊...客户特别满意！呃...年底评优我会重点推荐你！,小张，这次项目虽然时间紧任务重，但你带领团队完成得非常出色！客户特别满意！年底评优我会重点推荐你！,表扬小张在紧迫时间内出色完成项目并获得客户高度满意，承诺年底为其争取评优。,"[""非常出色"", ""特别满意"", ""重点推荐""]","[""高度评价工作成果"", ""引用客户反馈增强说服力"", ""承诺实质性奖励""]",,"
"
117,chitchat,难过,我养了快五年的仓鼠...嗯...今天早上发现它走了...啊...虽然知道它们寿命不长，呃...但还是好难过...,我养了快五年的仓鼠...今天早上发现它走了...虽然知道它们寿命不长，但还是好难过...,我饲养多年的宠物仓鼠今早去世，尽管有心理准备仍感到悲伤。,"[""五年"", ""走了"", ""好难过""]","[""强调饲养时间和感情"", ""委婉表达死亡"", ""表达悲伤情绪""]",,"
"
118,notice,中立,通知：嗯...公司打印机的默认设置已改为双面打印，啊...以节约用纸。呃...如需要单面打印，请手动更改设置。嗯...谢谢配合。,通知：公司打印机的默认设置已改为双面打印，以节约用纸。如需要单面打印，请手动更改设置。谢谢配合。,通知：公司打印机默认设置已改为双面打印以节约纸张，需单面打印请手动调整设置。,"[""双面打印"", ""节约用纸"", ""手动更改""]","[""说明变更内容"", ""解释变更目的"", ""说明例外操作""]",,"
"
119,task,不耐烦,那个数据报表到底什么时候能好？嗯...上周就说这周初给我，啊...现在都周三了！呃...整个项目卡在这了，今天必须给我！,那个数据报表到底什么时候能好？上周就说这周初给我，现在都周三了！整个项目卡在这了，今天必须给我！,催促拖延已久的数据报表，强调项目因此受阻，要求今日必须提交。,"[""上周就说"", ""现在都周三了"", ""今天必须""]","[""强调承诺的交付时间已过"", ""强调当前时间点突出延迟"", ""给出最终通牒""]",,"
"
120,chitchat,厌恶,我真受不了楼下新开那家店的音响了！嗯...从早到晚放那种动次打次的音乐，啊...窗户关上都听得见！呃...投诉了好几次也没用！,我真受不了楼下新开那家店的音响了！从早到晚放那种动次打次的音乐，窗户关上都听得见！投诉了好几次也没用！,我对楼下店铺持续播放高分贝音乐且投诉无效的情况感到极度厌恶。,"[""动次打次"", ""窗户关上"", ""投诉没用""]","[""描述噪音类型表达厌恶"", ""强调噪音穿透力"", ""表达投诉无果的无奈""]",,"
"
121,notice,提醒,各位同事：嗯...公司咖啡机将于明天上午九点到十点进行清洁维护，啊...期间暂停使用。呃...请大家合理安排时间。嗯...谢谢理解。,各位同事：公司咖啡机将于明天上午九点到十点进行清洁维护，期间暂停使用。请大家合理安排时间。谢谢理解。,通知：公司咖啡机明早9-10点进行清洁维护，期间暂停使用，请合理安排时间。,"[""九点到十点"", ""清洁维护"", ""暂停使用""]","[""明确维护时间段"", ""说明维护内容"", ""说明影响""]",,"
"
122,task,指导,新同事请注意：嗯...公司内部通讯软件上有个‘请假’审批流程，啊...需要提前至少一天申请。呃...急事也要先走流程再补说明。嗯...记得哦。,新同事请注意：公司内部通讯软件上有个‘请假’审批流程，需要提前至少一天申请。急事也要先走流程再补说明。记得哦。,指导新同事请假需通过内部通讯软件提前至少一天申请，急事也需先走流程。,"[""请假审批"", ""提前一天"", ""先走流程""]","[""说明功能位置"", ""强调提前量要求"", ""强调流程优先原则""]",,"
"
123,chitchat,惊讶,我的天！你知道我刚才看到谁了吗？嗯...是咱们公司前台小李！啊...她居然开着保时捷来上班！哇塞...深藏不露啊！,我的天！你知道我刚才看到谁了吗？是咱们公司前台小李！她居然开着保时捷来上班！哇塞...深藏不露啊！,我惊讶发现公司前台同事驾驶豪车上班，与其职位形成反差。,"[""保时捷"", ""来上班"", ""深藏不露""]","[""强调车的品牌和价值"", ""强调场景的反差"", ""表达对低调的惊叹""]",,"
"
124,notice,开心,分享一个喜讯！嗯...我部门的小王在公司技术创新大赛中，啊...荣获一等奖！呃...奖金五千元！嗯...大家鼓掌祝贺！,分享一个喜讯！我部门的小王在公司技术创新大赛中，荣获一等奖！奖金五千元！大家鼓掌祝贺！,祝贺部门同事小王在公司技术创新大赛中获得一等奖及五千元奖金。,"[""一等奖"", ""五千元"", ""鼓掌祝贺""]","[""强调奖项等级"", ""强调奖金数额"", ""号召共同庆祝""]",,"
"
125,task,急切,系统又报错了！嗯...客户那边催得要命！啊...技术支持的电话怎么一直占线？！呃...谁有他们负责人的手机号？赶紧直接联系！,系统又报错了！客户那边催得要命！技术支持的电话怎么一直占线？！谁有他们负责人的手机号？赶紧直接联系！,系统再次报错且客户紧急催促，因技术支持电话占线，急需直接联系负责人。,"[""又报错了"", ""催得要命"", ""赶紧直接联系""]","[""强调问题复发"", ""强调客户压力的紧迫性"", ""要求跳过常规渠道紧急处理""]",,"
"
126,notice,calm,各位同事请注意，嗯...下周一公司将进行网络安全培训，啊...时间为下午两点到四点。呃...请准时参加，不得缺席。,各位同事请注意，下周一公司将进行网络安全培训，时间为下午两点到四点。请准时参加，不得缺席。,通知：下周一14:00-16:00将举行网络安全培训，要求全体员工准时参加。,"[""网络安全培训"", ""不得缺席""]","[""强调培训内容的重要性"", ""强调参与的强制性""]",,
127,task,angry,这份合同是谁审核的？！啊？！金额数字都能写错！嗯...小数点往前移了一位！啊...立刻联系客户重新签！今天必须搞定！,这份合同是谁审核的？！金额数字都能写错！小数点往前移了一位！立刻联系客户重新签！今天必须搞定！,合同金额出现严重错误（小数点错位），责令立即联系客户重新签署。,"[""金额写错"", ""小数点移位"", ""今天必须搞定""]","[""指出错误的严重性"", ""说明具体错误"", ""表达紧急处理要求""]",,
128,chitchat,happy,哈哈哈！我通过驾照考试了！嗯...一次过！啊...太开心了！呃...周末可以开车出去玩了！,哈哈哈！我通过驾照考试了！一次过！太开心了！周末可以开车出去玩了！,我一次性通过驾照考试，非常高兴并计划周末开车出游。,"[""通过考试"", ""一次过"", ""太开心了""]","[""宣布好消息"", ""强调成功的顺利程度"", ""表达喜悦心情""]",,
129,notice,surprised,大家注意！嗯...刚才收到通知，啊...董事长下午要突然来视察！呃...请大家整理好工位，保持 professionalism。,大家注意！刚才收到通知，董事长下午要突然来视察！请大家整理好工位，保持 professionalism。,紧急通知：董事长将于下午突然前来视察，请立即整理工位保持专业形象。,"[""董事长"", ""突然视察"", ""保持professionalism""]","[""强调来访者身份"", ""强调事件的突发性"", ""强调行为要求""]",,
130,task,fearful,快！快！生产线停了！嗯...好像是传感器故障！啊...维修组赶紧去看看！呃...每停一分钟都是损失啊！,快！快！生产线停了！好像是传感器故障！维修组赶紧去看看！每停一分钟都是损失啊！,生产线因传感器故障停机，紧急要求维修组立即处理以减少损失。,"[""生产线停了"", ""传感器故障"", ""每停一分钟""]","[""宣告紧急状况"", ""指出可能原因"", ""强调时间紧迫性""]",,
131,chitchat,sad,我外婆昨天住院了...嗯...情况不太好...啊...我得请假回去看看...呃...心里挺难过的...,我外婆昨天住院了...情况不太好...我得请假回去看看...心里挺难过的...,我因外婆住院情况不佳需请假探望，心情沉重。,"[""住院了"", ""情况不太好"", ""挺难过""]","[""说明紧急情况"", ""表达担忧"", ""流露悲伤情绪""]",,
132,notice,disgusted,再次提醒！嗯...又有人在卫生间抽烟！啊...烟味都飘到办公区了！呃...再发现直接通报批评！,再次提醒！又有人在卫生间抽烟！烟味都飘到办公区了！再发现直接通报批评！,再次警告禁止在卫生间吸烟，否则将通报批评。,"[""又有人"", ""烟味飘出"", ""通报批评""]","[""强调问题重复发生"", ""说明影响的广泛性"", ""警告后果""]",,
133,task,calm,小李，这个项目的风险评估报告，嗯...需要更加详细一些。啊...特别是数据安全部分，呃...请补充完善后再提交。,小李，这个项目的风险评估报告，需要更加详细一些。特别是数据安全部分，请补充完善后再提交。,要求完善项目风险评估报告，特别是数据安全部分需要更详细。,"[""更加详细"", ""数据安全"", ""补充完善""]","[""指出改进方向"", ""强调重点部分"", ""明确要求""]",,
134,chitchat,surprised,我的天！你猜我刚在楼下看到谁了？嗯...是十年前离职的老总监！啊...他看起来一点都没变！呃...太神奇了！,我的天！你猜我刚在楼下看到谁了？是十年前离职的老总监！他看起来一点都没变！太神奇了！,我意外遇到十年前离职的老总监，对其容貌未变感到惊讶。,"[""十年前"", ""一点都没变"", ""太神奇""]","[""强调时间跨度"", ""强调外貌变化之小"", ""表达惊奇""]",,
135,notice,happy,好消息！嗯...公司决定为夜班同事提供免费宵夜！啊...从今晚开始实施。呃...具体菜单每周更新！,好消息！公司决定为夜班同事提供免费宵夜！从今晚开始实施。具体菜单每周更新！,公司将为夜班员工提供免费宵夜，即日起实施，菜单每周更新。,"[""免费宵夜"", ""今晚开始"", ""每周更新""]","[""宣布福利内容"", ""强调立即生效"", ""说明更新频率""]",,
136,task,angry,这个代码是谁写的？！啊？！连基本的异常处理都没有！嗯...服务器都被搞崩两次了！啊...重写！全部重写！,这个代码是谁写的？！连基本的异常处理都没有！服务器都被搞崩两次了！重写！全部重写！,代码缺乏异常处理导致服务器多次崩溃，责令彻底重写。,"[""异常处理都没有"", ""搞崩两次"", ""全部重写""]","[""指出严重缺陷"", ""强调后果的严重性"", ""表达强硬态度""]",,
137,chitchat,fearful,我刚走夜路回来...嗯...总觉得有人跟着我...啊...心跳到现在都很快...呃...以后晚上不出门了...,我刚走夜路回来...总觉得有人跟着我...心跳到现在都很快...以后晚上不出门了...,我走夜路时感觉被尾随，感到害怕并决定晚上不再出门。,"[""有人跟着"", ""心跳很快"", ""不出门了""]","[""描述恐惧经历"", ""表达生理反应"", ""做出防范决定""]",,
138,notice,sad,沉重通知：嗯...我们尊敬的老师傅老王，啊...因病情恶化于昨日离世。呃...追悼会安排在本周五上午。,沉重通知：我们尊敬的老师傅老王，因病情恶化于昨日离世。追悼会安排在本周五上午。,沉痛通知：老师傅老王因病于昨日去世，追悼会定于本周五上午举行。,"[""病情恶化"", ""离世"", ""追悼会""]","[""委婉说明死因"", ""宣布不幸消息"", ""告知后续安排""]",,
139,task,disgusted,啧，这个供应商的材料又偷工减料！嗯...上次警告过还这样！啊...立即终止合作！呃...找新的供应商！,啧，这个供应商的材料又偷工减料！上次警告过还这样！立即终止合作！找新的供应商！,供应商再次提供劣质材料，决定立即终止合作并寻找新供应商。,"[""又偷工减料"", ""终止合作"", ""找新的""]","[""强调问题重复发生"", ""做出果断决定"", ""指明下一步行动""]",,
140,chitchat,calm,我觉得这次项目虽然挑战很大，嗯...但只要按计划一步步来，啊...应该没问题。呃...大家保持冷静。,我觉得这次项目虽然挑战很大，但只要按计划一步步来，应该没问题。大家保持冷静。,我认为项目虽有挑战但按计划进行即可成功，建议大家保持冷静。,"[""挑战很大"", ""一步步来"", ""保持冷静""]","[""承认困难"", ""提供方法"", ""稳定军心""]",,
141,notice,surprised,意外通知：嗯...公司刚刚获得了一项重要专利！啊...这个突破来得比预期早很多！呃...技术部立了大功！,意外通知：公司刚刚获得了一项重要专利！这个突破来得比预期早很多！技术部立了大功！,公司意外提前获得重要专利，表彰技术部的突出贡献。,"[""重要专利"", ""比预期早"", ""立了大功""]","[""强调成就的重要性"", ""强调时间的意外性"", ""表扬功臣""]",,
142,task,fearful,紧急！紧急！数据库连接数爆满了！嗯...网站快要瘫痪了！啊...运维赶紧扩容！呃...客户投诉电话已经打爆了！,紧急！紧急！数据库连接数爆满了！网站快要瘫痪了！运维赶紧扩容！客户投诉电话已经打爆了！,数据库连接数已达极限导致网站濒临瘫痪，紧急要求运维立即扩容。,"[""连接数爆满"", ""快要瘫痪"", ""赶紧扩容""]","[""描述紧急状况"", ""强调严重后果"", ""要求立即行动""]",,
143,chitchat,happy,太棒了！我女儿这次期末考试全班第一！嗯...数学拿了满分！啊...作为家长太骄傲了！,太棒了！我女儿这次期末考试全班第一！数学拿了满分！作为家长太骄傲了！,我女儿期末考试获全班第一且数学满分，作为家长感到非常自豪。,"[""全班第一"", ""数学满分"", ""太骄傲""]","[""宣布优异成绩"", ""强调单科突出"", ""表达自豪情感""]",,
144,notice,angry,严正警告！嗯...再次发现有人私自将公司文件上传到网盘！啊...这是严重的安全违规！呃...再犯立即开除！,严正警告！再次发现有人私自将公司文件上传到网盘！这是严重的安全违规！再犯立即开除！,严重警告：再次发现员工私自上传公司文件至网盘，再犯将立即开除。,"[""再次发现"", ""严重安全违规"", ""立即开除""]","[""强调问题重复发生"", ""说明违规的严重性"", ""警告最严厉后果""]",,
145,task,sad,这个项目...嗯...客户那边突然撤资了...啊...我们准备了这么久...呃...大家调整心态吧...,这个项目...客户那边突然撤资了...我们准备了这么久...大家调整心态吧...,项目因客户突然撤资而终止，请大家调整心态。,"[""突然撤资"", ""准备了这么久"", ""调整心态""]","[""宣布坏消息"", ""表达惋惜"", ""提出应对建议""]",,
146,chitchat,disgusted,我真受不了隔壁部门那个马屁精！嗯...整天就知道围着领导转，啊...实际工作一点都不会！呃...看着就恶心！,我真受不了隔壁部门那个马屁精！整天就知道围着领导转，实际工作一点都不会！看着就恶心！,我对某同事只会奉承领导而无实际工作能力的行为感到厌恶。,"[""马屁精"", ""围着领导转"", ""一点都不会""]","[""使用贬义词表达厌恶"", ""描述其行为特征"", ""强调其无能""]",,
147,notice,calm,例行通知：嗯...本月绩效考核表请于周五前提交，啊...逾期将影响奖金发放。呃...请务必按时完成。,例行通知：本月绩效考核表请于周五前提交，逾期将影响奖金发放。请务必按时完成。,通知：本月绩效考核表需于周五前提交，逾期将影响奖金发放。,"[""周五前提交"", ""影响奖金"", ""务必按时""]","[""明确截止时间"", ""说明后果"", ""强调重要性""]",,
148,task,surprised,哇！客户刚刚追加了50%的订单！嗯...完全没想到！啊...生产计划需要立即调整！呃...这是甜蜜的负担啊！,哇！客户刚刚追加了50%的订单！完全没想到！生产计划需要立即调整！这是甜蜜的负担啊！,客户意外追加50%订单，需要立即调整生产计划应对。,"[""追加50%"", ""完全没想到"", ""立即调整""]","[""强调订单增幅"", ""表达意外之情"", ""要求快速响应""]",,
149,chitchat,fearful,我刚接到一个诈骗电话...嗯...说我涉案需要配合调查...啊...差点就被骗了！呃...现在手还在抖...,我刚接到一个诈骗电话...说我涉案需要配合调查...差点就被骗了！现在手还在抖...,我险些被冒充公检法的诈骗电话欺骗，事后仍感到后怕。,"[""诈骗电话"", ""差点被骗"", ""手在抖""]","[""说明事件性质"", ""强调危险边缘"", ""表达生理恐惧反应""]",,
150,notice,happy,分享喜悦：嗯...公司篮球赛我们部门夺冠了！啊...三年了终于拿到冠军！呃...晚上部门庆祝！,分享喜悦：公司篮球赛我们部门夺冠了！三年了终于拿到冠军！晚上部门庆祝！,祝贺部门在公司篮球赛中夺冠，结束三年等待，晚上将举行庆祝活动。,"[""夺冠了"", ""三年了"", ""部门庆祝""]","[""宣布胜利消息"", ""强调等待时间"", ""宣布庆祝安排""]",,
151,task,angry,这个设计方案是谁通过的？！啊？！完全不符合客户要求！嗯...颜色、字体全错了！啊...重做！明天早上我要看到新方案！,这个设计方案是谁通过的？！完全不符合客户要求！颜色、字体全错了！重做！明天早上我要看到新方案！,设计方案完全不符合客户要求，责令重做并于明早提交新方案。,"[""不符合要求"", ""全错了"", ""明天早上""]","[""指出严重不符合"", ""强调错误范围"", ""给出紧迫时限""]",,
152,chitchat,surprised,我的天！你猜我中什么了？嗯...公司年会特等奖！啊...欧洲双人游！哇塞...我从来没这么幸运过！,我的天！你猜我中什么了？公司年会特等奖！欧洲双人游！哇塞...我从来没这么幸运过！,我意外获得公司年会特等奖欧洲双人游，感到非常惊喜。,"[""特等奖"", ""欧洲双人游"", ""从来没这么幸运""]","[""强调奖项等级"", ""强调奖品价值"", ""表达极度惊喜""]",,
153,notice,fearful,紧急通知！嗯...大厦消防系统误报警，啊...但请大家保持冷静。呃...按照消防演习路线有序撤离！嗯...安全第一！,紧急通知！大厦消防系统误报警，但请大家保持冷静。按照消防演习路线有序撤离！安全第一！,紧急：大厦消防误报警，请保持冷静并按演习路线有序撤离。,"[""误报警"", ""保持冷静"", ""有序撤离""]","[""说明是误报但仍需重视"", ""强调情绪控制"", ""强调撤离要求""]",,
154,task,sad,这个项目...嗯...可能要进行不下去了...啊...投资方突然撤资了...呃...大家先把手头工作停一下吧...,这个项目...可能要进行不下去了...投资方突然撤资了...大家先把手头工作停一下吧...,项目因投资方撤资可能终止，建议暂停当前工作。,"[""进行不下去"", ""突然撤资"", ""停一下""]","[""委婉表达项目危机"", ""说明原因"", ""给出临时指令""]",,
155,chitchat,disgusted,我真服了楼上那家人！嗯...半夜十二点还在装修！啊...电钻声吵得根本睡不着！呃...物业管不管啊！,我真服了楼上那家人！半夜十二点还在装修！电钻声吵得根本睡不着！物业管不管啊！,我对楼上深夜装修制造噪音影响睡眠的行为感到极度厌恶。,"[""半夜十二点"", ""电钻声"", ""根本睡不着""]","[""强调时间不合理"", ""描述噪音类型"", ""表达严重影响""]",,
156,notice,calm,例行通知：嗯...公司年度体检报告已发放，啊...请大家到HR部门领取。呃...如有异常指标请及时就医。,例行通知：公司年度体检报告已发放，请大家到HR部门领取。如有异常指标请及时就医。,通知：年度体检报告已可领取，发现异常指标请及时就医。,"[""体检报告"", ""领取"", ""及时就医""]","[""说明文件可用"", ""指示领取地点"", ""强调健康关注""]",,
157,task,happy,告诉大家一个好消息！嗯...我们团队的项目获得客户高度评价！啊...客户决定追加预算！呃...继续努力！,告诉大家一个好消息！我们团队的项目获得客户高度评价！客户决定追加预算！继续努力！,团队项目获客户高度评价并获得追加预算，鼓励继续努力。,"[""高度评价"", ""追加预算"", ""继续努力""]","[""分享成功反馈"", 宣布好消息""",,
158,chitchat,angry,气死我了！嗯...我停得好好的车被刮了！啊...肇事车还跑了！呃...监控居然坏了！怎么这么倒霉！,气死我了！我停得好好的车被刮了！肇事车还跑了！监控居然坏了！怎么这么倒霉！,我停放的车被刮擦且肇事逃逸，监控失效，感到非常愤怒。,"[""被刮了"", ""还跑了"", ""监控坏了""]","[""描述财产损失"", ""谴责逃逸行为"", ""表达无奈愤怒""]",,
159,notice,surprised,意外通知：嗯...公司刚刚收到一笔意外的大额捐赠！啊...将用于员工福利改善。呃...具体方案后续公布。,意外通知：公司刚刚收到一笔意外的大额捐赠！将用于员工福利改善。具体方案后续公布。,公司意外获得大额捐赠，将用于改善员工福利，具体方案待公布。,"[""意外捐赠"", ""大额"", ""福利改善""]","[""强调惊喜性质"", ""说明金额规模"", ""说明用途""]",,
160,task,fearful,快！系统被攻击了！嗯...疑似数据泄露！啊...立即断网排查！呃...安全团队全部到岗！,快！系统被攻击了！疑似数据泄露！立即断网排查！安全团队全部到岗！,系统遭受攻击可能发生数据泄露，要求立即断网排查，安全团队紧急响应。,"[""被攻击了"", ""数据泄露"", ""立即断网""]","[""宣告安全事件"", ""说明潜在风险"", ""要求紧急措施""]",,
161,chitchat,sad,我养了八年的狗狗今天走了...嗯...它陪我度过了最难的时光...啊...心里空落落的...,我养了八年的狗狗今天走了...它陪我度过了最难的时光...心里空落落的...,我饲养八年的爱犬去世，感到非常伤心和失落。,"[""八年"", ""最难的时光"", ""空落落""]","[""强调时间感情深度"", ""说明陪伴意义"", ""表达失落感""]",,
162,notice,disgusted,再次强调：嗯...办公区域禁止食用气味浓重的食物！啊...特别是螺蛳粉和榴莲！呃...再发现将进行处罚！,再次强调：办公区域禁止食用气味浓重的食物！特别是螺蛳粉和榴莲！再发现将进行处罚！,再次强调禁止在办公区食用气味浓重食物，违者将受处罚。,"[""气味浓重"", ""螺蛳粉榴莲"", ""进行处罚""]","[""说明禁止原因"", ""举例典型食物"", ""警告后果""]",,
163,task,calm,各位项目经理注意：嗯...请于本周五前提交下季度工作计划，啊...需要包含详细的时间节点和预算。呃...务必按时完成。,各位项目经理注意：请于本周五前提交下季度工作计划，需要包含详细的时间节点和预算。务必按时完成。,要求项目经理于周五前提交下季度详细工作计划（含时间节点和预算）。,"[""周五前"", ""时间节点预算"", ""务必按时""]","[""明确截止时间"", ""说明内容要求"", ""强调重要性""]",,
164,chitchat,happy,太开心了！嗯...我论文被国际会议接受了！啊...还是oral presentation！呃...努力没有白费！,太开心了！我论文被国际会议接受了！还是oral presentation！努力没有白费！,我论文被国际会议接收并获口头报告资格，非常高兴。,"[""论文接受"", ""oral presentation"", ""没有白费""]","[""宣布学术成就"", ""强调展示形式"", ""表达欣慰""]",,
165,notice,angry,严重警告！嗯...发现有人私自复制公司机密文件！啊...这是零容忍的行为！呃...一经查实立即开除并追究法律责任！,严重警告！发现有人私自复制公司机密文件！这是零容忍的行为！一经查实立即开除并追究法律责任！,严重警告私自复制公司机密文件行为，违者将立即开除并追究法律责任。,"[""私自复制"", ""零容忍"", ""追究法律责任""]","[""指出违规行为"", ""表明严厉态度"", ""警告严重后果""]",,
166,task,surprised,哇！客户突然要求提前两周交付！嗯...完全没想到！啊...但机会难得！呃...大家加把劲能不能做到？,哇！客户突然要求提前两周交付！完全没想到！但机会难得！大家加把劲能不能做到？,客户意外要求提前两周交付，询问团队是否能够接受此挑战。,"[""提前两周"", ""完全没想到"", ""加把劲""]","[""强调时间紧迫"", ""表达意外"", ""鼓励团队努力""]",,
167,chitchat,fearful,我刚在家听到奇怪的声音...嗯...像是窗户被撬的声音...啊...现在不敢去看...呃...要不要报警啊...,我刚在家听到奇怪的声音...像是窗户被撬的声音...现在不敢去看...要不要报警啊...,我在家中听到疑似撬窗声，感到害怕且犹豫是否报警。,"[""奇怪声音"", ""窗户被撬"", ""不敢去看""]","[""描述可疑现象"", ""具体说明怀疑"", ""表达恐惧心理""]",,
168,notice,happy,好消息分享：嗯...公司员工餐厅从下周开始提供免费水果！啊...每天下午三点供应。呃...欢迎大家取用！,好消息分享：公司员工餐厅从下周开始提供免费水果！每天下午三点供应。欢迎大家取用！,公司餐厅将于下周起每天下午三点提供免费水果。,"[""免费水果"", ""下周开始"", ""下午三点""]","[""宣布福利"", ""明确开始时间"", ""说明供应时间""]",,
169,task,disgusted,啧，这个合作伙伴又拖延付款！嗯...信用太差了！啊...终止合作！呃...以后不再往来！,啧，这个合作伙伴又拖延付款！信用太差了！终止合作！以后不再往来！,因合作伙伴屡次拖延付款，决定终止合作并不再往来。,"[""又拖延"", ""信用太差"", ""终止合作""]","[""强调问题重复"", ""评价对方信用"", ""做出决断""]",,
170,chitchat,calm,我觉得这个事情不用太着急，嗯...只要按部就班地做，啊...最终都能解决。呃...保持平常心就好。,我觉得这个事情不用太着急，只要按部就班地做，最终都能解决。保持平常心就好。,我认为此事无需过于焦虑，按步骤进行即可解决，建议保持平常心。,"[""不用太着急"", ""按部就班"", ""保持平常心""]","[""安抚情绪"", ""提供方法"", ""建议心态""]",,
171,notice,sad,沉痛通知：嗯...我们尊敬的退休老领导张总，啊...于今日凌晨因病逝世。呃...追思会安排在下周一。,沉痛通知：我们尊敬的退休老领导张总，于今日凌晨因病逝世。追思会安排在下周一。,沉痛告知退休老领导张总于今日凌晨病逝，追思会定于下周一举行。,"[""因病逝世"", ""今日凌晨"", ""追思会""]","[""委婉宣布死讯"", ""说明时间"", ""告知后续安排""]",,
172,task,angry,这个产品质量怎么回事？！啊？！次品率高达30%！嗯...质检是怎么通过的？！啊...全部返工！停线整顿！,这个产品质量怎么回事？！次品率高达30%！质检是怎么通过的？！全部返工！停线整顿！,产品次品率高达30%，责令全部返工并停产整顿。,"[""次品率30%"", ""怎么通过的"", ""停线整顿""]","[""用数据说明问题严重性"", ""质疑质检工作"", ""要求严厉措施""]",,
173,chitchat,surprised,我的天！你猜我遇到谁了？嗯...高中时暗恋的学长！啊...他现在是我新项目的客户代表！呃...世界太小了吧！,我的天！你猜我遇到谁了？高中时暗恋的学长！他现在是我新项目的客户代表！世界太小了吧！,我意外发现高中暗恋的学长现成为新项目的客户代表，感叹世界之小。,"[""暗恋的学长"", ""客户代表"", ""世界太小""]","[""强调人物关系"", ""说明现状"", ""表达惊奇""]",,
174,notice,fearful,紧急预警：嗯...气象台发布台风橙色预警，啊...预计明后两天有特大暴雨。呃...请大家尽量减少外出，注意安全！,紧急预警：气象台发布台风橙色预警，预计明后两天有特大暴雨。请大家尽量减少外出，注意安全！,紧急：发布台风橙色预警，明后两天有特大暴雨，建议减少外出注意安全。,"[""台风预警"", ""特大暴雨"", ""减少外出""]","[""说明预警级别"", ""强调天气严重性"", ""给出安全建议""]",,
175,task,happy,告诉大家一个好消息！嗯...我们部门获得了年度最佳团队奖！啊...奖金很丰厚哦！呃...周五晚上庆祝！,告诉大家一个好消息！我们部门获得了年度最佳团队奖！奖金很丰厚哦！周五晚上庆祝！,祝贺部门获得年度最佳团队奖及丰厚奖金，周五晚上将举行庆祝。,"[""最佳团队奖"", ""奖金丰厚"", ""周五庆祝""]","[""宣布荣誉"", ""强调奖励"", ""安排庆祝""]",,
176,chitchat,sad,我最好的朋友要移民了...嗯...可能以后很难再见了...啊...虽然为她高兴，但真的很舍不得...,我最好的朋友要移民了...可能以后很难再见了...虽然为她高兴，但真的很舍不得...,我因好友即将移民难再相见而感到不舍，虽为其高兴但仍伤感。,"[""要移民了"", ""很难再见"", ""很舍不得""]","[""说明分离原因"", ""表达未来状态"", ""流露矛盾情感""]",,
177,notice,disgusted,再次提醒：嗯...茶水间请自觉清理干净！啊...又发现水池里有茶叶渣！呃...素质！注意素质！,再次提醒：茶水间请自觉清理干净！又发现水池里有茶叶渣！素质！注意素质！,再次提醒保持茶水间清洁，谴责将茶叶渣倒入水池的行为。,"[""自觉清理"", ""茶叶渣"", ""注意素质""]","[""提出要求"", ""指出具体问题"", ""批评行为""]",,
178,task,calm,各位注意：嗯...下周一开始执行新的报销流程，啊...具体操作指南已发邮件。呃...请大家仔细阅读并遵照执行。,各位注意：下周一开始执行新的报销流程，具体操作指南已发邮件。请大家仔细阅读并遵照执行。,通知：下周一启用新报销流程，操作指南已通过邮件发送，请仔细阅读执行。,"[""下周一"", ""新报销流程"", ""仔细阅读""]","[""明确执行时间"", ""说明变更内容"", ""强调认真学习""]",,
179,chitchat,angry,气死我了！嗯...网购的商品又发错了！啊...这都第三次了！呃...客服还态度恶劣！我要投诉！,气死我了！网购的商品又发错了！这都第三次了！客服还态度恶劣！我要投诉！,我因网购多次发错货且客服态度恶劣而感到愤怒，决定投诉。,"[""又发错了"", ""第三次了"", ""态度恶劣""]","[""强调问题重复"", ""说明次数"", ""谴责服务态度""]",,
180,notice,surprised,意外好消息：嗯...公司意外获得政府创新补贴！啊...金额超出预期！呃...将用于研发投入。,意外好消息：公司意外获得政府创新补贴！金额超出预期！将用于研发投入。,公司意外获得超出预期的政府创新补贴，将用于研发投入。,"[""意外获得"", ""超出预期"", ""研发投入""]","[""强调惊喜性质"", ""说明金额意外"", ""说明用途""]",,
181,task,fearful,紧急！服务器负载100%！嗯...网站随时可能崩溃！啊...立即启动应急预案！呃...技术团队全部上线！,紧急！服务器负载100%！网站随时可能崩溃！立即启动应急预案！技术团队全部上线！,服务器满载网站濒临崩溃，要求立即启动应急预案，技术团队全员响应。,"[""负载100%"", ""随时崩溃"", ""应急预案""]","[""用数据说明紧急程度"", ""强调危险性"", ""要求紧急措施""]",,
182,chitchat,happy,太棒了！我儿子被心仪的大学录取了！嗯...还是全额奖学金！啊...作为父母太欣慰了！,太棒了！我儿子被心仪的大学录取了！还是全额奖学金！作为父母太欣慰了！,我儿子获心仪大学录取并得全额奖学金，作为父母感到非常欣慰。,"[""心仪大学"", ""全额奖学金"", ""太欣慰""]","[""强调学校满意度"", ""强调经济支持"", ""表达父母欣慰""]",,
183,notice,angry,最后警告！嗯...再次发现有人工作时间玩游戏！啊...这是严重违反纪律！呃...再发现直接辞退！,最后警告！再次发现有人工作时间玩游戏！这是严重违反纪律！再发现直接辞退！,最后警告工作时间玩游戏行为，再犯将直接辞退。,"[""工作时间玩游戏"", ""严重违反纪律"", ""直接辞退""]","[""指出具体违规"", ""定性严重性"", ""警告最严厉后果""]",,
184,task,sad,很遗憾地通知...嗯...我们这个项目被客户终止了...啊...大家辛苦这么久...呃...先休息调整一下吧...,很遗憾地通知...我们这个项目被客户终止了...大家辛苦这么久...先休息调整一下吧...,遗憾告知项目被客户终止，感谢大家付出并建议休息调整。,"[""项目终止"", ""辛苦这么久"", ""休息调整""]","[""宣布坏消息"", ""认可付出"", ""建议应对""]",,
185,chitchat,disgusted,我真受不了那个新来的！嗯...什么都不会还指手画脚！啊...真不知道是怎么进来的！呃...看着就烦！,我真受不了那个新来的！什么都不会还指手画脚！真不知道是怎么进来的！看着就烦！,我对新同事无能却爱指挥的行为感到厌恶。,"[""什么都不会"", ""指手画脚"", ""怎么进来的""]","[""批评能力"", ""批评行为"", ""表达质疑""]",,
186,notice,calm,重要通知：嗯...公司将于下月进行ISO9001体系审核，啊...请各部门提前准备相关文件。呃...确保顺利通过。,重要通知：公司将于下月进行ISO9001体系审核，请各部门提前准备相关文件。确保顺利通过。,通知：下月将进行ISO9001体系审核，请各部门提前准备文件确保通过。,"[""ISO9001审核"", ""提前准备"", ""确保通过""]","[""说明审核类型"", ""要求准备工作"", ""强调目标""]",,
187,task,surprised,哇！刚刚收到消息，嗯...我们的产品入选行业十佳！啊...完全没想到！呃...市场部立大功了！,哇！刚刚收到消息，我们的产品入选行业十佳！完全没想到！市场部立大功了！,惊喜得知产品入选行业十佳，表彰市场部的突出贡献。,"[""入选十佳"", ""完全没想到"", ""立大功""]","[""宣布荣誉"", ""表达意外"", ""表扬功臣""]",,
188,chitchat,fearful,我刚接到一个电话...嗯...说我账户涉嫌洗钱...啊...要求我配合调查转账...呃...应该是诈骗吧？好吓人...,我刚接到一个电话...说我账户涉嫌洗钱...要求我配合调查转账...应该是诈骗吧？好吓人...,我接到冒充公安的诈骗电话要求配合调查转账，感到害怕。,"[""涉嫌洗钱"", ""配合调查转账"", ""好吓人""]","[""描述诈骗内容"", ""说明对方要求"", ""表达恐惧""]",,
189,notice,happy,开心分享：嗯...公司决定为全体员工购买补充商业保险！啊...涵盖门诊和住院费用！呃...详情见邮件！,开心分享：公司决定为全体员工购买补充商业保险！涵盖门诊和住院费用！详情见邮件！,公司将为员工购买补充商业保险（含门诊住院），详情见邮件。,"[""补充商业保险"", ""门诊住院"", ""详情见邮件""]","[""宣布福利"", ""说明保障范围"", ""指引详细信息""]",,
190,task,angry,这个报价是谁做的？！啊？！成本都没算清楚就报价！嗯...亏本生意也做？！啊...重新核算！今天必须出来！,这个报价是谁做的？！成本都没算清楚就报价！亏本生意也做？！重新核算！今天必须出来！,报价未核算清楚成本可能导致亏损，责令今日内重新核算。,"[""没算清楚"", ""亏本生意"", ""今天必须""]","[""指出严重错误"", ""说明后果"", ""要求紧急纠正""]",,
191,chitchat,sad,我爷爷住院了...嗯...医生说情况不太乐观...啊...我现在心里乱糟糟的...,我爷爷住院了...医生说情况不太乐观...我现在心里乱糟糟的...,我因爷爷住院情况不佳而感到心情混乱和悲伤。,"[""住院了"", ""不太乐观"", ""乱糟糟""]","[""说明亲人状况"", ""表达担忧"", ""描述心理状态""]",,
192,notice,disgusted,恶心死了！嗯...又在冰箱里发现发霉的食物！啊...请自觉清理过期食品！呃...再发现整个冰箱清空！,恶心死了！又在冰箱里发现发霉的食物！请自觉清理过期食品！再发现整个冰箱清空！,谴责在冰箱内存放发霉食物行为，要求自觉清理否则将清空整个冰箱。,"[""发霉食物"", ""自觉清理"", ""整个清空""]","[""描述令人厌恶的现象"", ""提出要求"", ""警告严厉措施""]",,
193,task,calm,各位注意：嗯...新的项目管理软件已上线，啊...请于本周内完成注册和学习。呃...旧系统将逐步停用。,各位注意：新的项目管理软件已上线，请于本周内完成注册和学习。旧系统将逐步停用。,通知新项目管理软件已上线，要求本周内完成注册学习，旧系统将逐步停用。,"[""新软件上线"", ""本周内完成"", ""旧系统停用""]","[""宣布新工具"", ""给出学习时限"", ""说明过渡安排""]",,
194,chitchat,surprised,我的天！你猜我刚看到什么了？嗯...总经理在员工餐厅排队打饭！啊...这也太亲民了吧！,我的天！你猜我刚看到什么了？总经理在员工餐厅排队打饭！这也太亲民了吧！,我惊讶看到总经理在员工餐厅排队打饭，认为其十分亲民。,"[""总经理"", ""排队打饭"", ""太亲民""]","[""强调人物身份"", ""描述行为"", ""表达正面评价""]",,
195,notice,fearful,紧急预警：嗯...附近地区发生地震，啊...震感明显！呃...请大家保持冷静，远离玻璃门窗！,紧急预警：附近地区发生地震，震感明显！请大家保持冷静，远离玻璃门窗！,紧急：附近发生地震且有明显震感，请保持冷静远离危险区域。,"[""发生地震"", ""震感明显"", ""远离玻璃门窗""]","[""宣告紧急事件"", ""说明感受程度"", ""给出安全指引""]",,
196,task,happy,好消息！嗯...客户对我们的服务非常满意！啊...决定将明年的合同也签给我们！呃...继续努力！,好消息！客户对我们的服务非常满意！决定将明年的合同也签给我们！继续努力！,客户高度满意服务并决定续签明年合同，鼓励继续努力。,"[""非常满意"", ""明年合同"", ""继续努力""]","[""分享正面反馈"", ""宣布业务延续"", ""给予鼓励""]",,
197,chitchat,angry,气死我了！嗯...快递又给我放驿站了！啊...明确要求送货上门的！呃...投诉！必须投诉！,气死我了！快递又给我放驿站了！明确要求送货上门的！投诉！必须投诉！,我因快递未按要求的送货上门而感到愤怒，决定投诉。,"[""又放驿站"", ""要求上门"", ""必须投诉""]","[""强调问题重复"", ""说明明确要求"", ""表达投诉决心""]",,
198,notice,sad,沉重通知：嗯...我们同事小王的母亲不幸病逝，啊...公司表示深切哀悼。呃...如有想去悼念的同事请联系HR。,沉重通知：我们同事小王的母亲不幸病逝，公司表示深切哀悼。如有想去悼念的同事请联系HR。,沉痛通知同事小王母亲病逝，公司表示哀悼，欲悼念者请联系HR。,"[""不幸病逝"", ""深切哀悼"", ""联系HR""]","[""委婉宣布死讯"", ""表达公司态度"", ""提供联系途径""]",,
199,task,disgusted,啧，这个供应商的材料以次充好！嗯...被我们抽检发现了！啊...立即列入黑名单！呃永不合作！,啧，这个供应商的材料以次充好！被我们抽检发现了！立即列入黑名单！永不合作！,发现供应商提供劣质材料，决定立即列入黑名单并永不合作。,"[""以次充好"", ""抽检发现"", ""永不合作""]","[""指出欺诈行为"", ""说明发现方式"", ""表明决绝态度""]",,
200,chitchat,calm,我觉得这个技术难题虽然复杂，嗯...但只要耐心分析，啊...总能找到解决方案的。呃...不用太焦虑。,我觉得这个技术难题虽然复杂，但只要耐心分析，总能找到解决方案的。不用太焦虑。,我认为技术难题虽复杂但可通过耐心分析解决，建议不必焦虑。,"[""虽然复杂"", ""耐心分析"", ""不用焦虑""]","[""承认困难"", ""提供方法"", ""安抚情绪""]",,
201,notice,calm,各位同事请注意，嗯...公司年度培训计划已制定完成，啊...具体课程安排已发送至各位邮箱。呃...请及时查看并按要求参加。,各位同事请注意，公司年度培训计划已制定完成，具体课程安排已发送至各位邮箱。请及时查看并按要求参加。,通知：公司年度培训计划已制定完成，课程安排已通过邮件发送，请及时查看并参加。,"[""年度培训计划"", ""已发送邮箱"", ""按要求参加""]","[""说明计划完成"", ""强调发送方式"", ""强调参与要求""]",,
202,task,angry,这个设计方案是谁批准的？！啊？！完全偏离了客户需求！嗯...颜色、布局全错了！啊...重做！明天必须交付新方案！,这个设计方案是谁批准的？！完全偏离了客户需求！颜色、布局全错了！重做！明天必须交付新方案！,设计方案严重偏离客户需求，责令重做并于明日交付新方案。,"[""偏离需求"", ""全错了"", ""明天必须""]","[""指出严重错误"", ""强调错误范围"", ""给出紧迫时限""]",,
203,chitchat,happy,太开心了！嗯...我女儿舞蹈比赛拿了金奖！啊...评委还特别表扬了她的表现力！呃...作为妈妈太骄傲了！,太开心了！我女儿舞蹈比赛拿了金奖！评委还特别表扬了她的表现力！作为妈妈太骄傲了！,我女儿在舞蹈比赛中获得金奖并获得评委特别表扬，作为母亲感到非常自豪。,"[""金奖"", ""特别表扬"", ""太骄傲""]","[""宣布比赛成绩"", ""强调额外荣誉"", ""表达父母自豪""]",,
204,notice,surprised,意外通知：嗯...公司刚刚获得行业创新大奖！啊...这个奖项竞争非常激烈！呃...技术团队功不可没！,意外通知：公司刚刚获得行业创新大奖！这个奖项竞争非常激烈！技术团队功不可没！,公司意外获得竞争激烈的行业创新大奖，表彰技术团队的贡献。,"[""创新大奖"", ""竞争激烈"", ""功不可没""]","[""宣布重要奖项"", ""强调获奖难度"", ""表扬功臣""]",,
205,task,fearful,紧急！系统出现重大漏洞！嗯...可能涉及用户数据安全！啊...立即组织修复！呃...安全团队全员紧急响应！,紧急！系统出现重大漏洞！可能涉及用户数据安全！立即组织修复！安全团队全员紧急响应！,系统发现重大安全漏洞可能危及用户数据，要求立即修复，安全团队紧急响应。,"[""重大漏洞"", ""数据安全"", ""立即修复""]","[""宣告安全危机"", ""说明潜在风险"", ""要求紧急行动""]",,
206,chitchat,sad,我养了十年的猫咪今天走了...嗯...它就像家人一样...啊...心里特别难受...,我养了十年的猫咪今天走了...它就像家人一样...心里特别难受...,我饲养十年的爱猫去世，感到非常伤心。,"[""十年"", ""像家人一样"", ""特别难受""]","[""强调时间感情"", ""比喻亲密关系"", ""表达悲伤程度""]",,
207,notice,disgusted,再次警告：嗯...发现有人在卫生间吸烟！啊...烟味严重影响他人！呃...再发现将严肃处理！,再次警告：发现有人在卫生间吸烟！烟味严重影响他人！再发现将严肃处理！,再次警告卫生间吸烟行为，强调其对他人影响并表示将严肃处理。,"[""卫生间吸烟"", ""严重影响"", ""严肃处理""]","[""指出违规行为"", ""说明负面影响"", ""警告处理措施""]",,
208,task,calm,各位项目经理注意：嗯...请于本周内完成项目风险评估，啊...需要包含详细的应对措施。呃...务必认真完成。,各位项目经理注意：请于本周内完成项目风险评估，需要包含详细的应对措施。务必认真完成。,要求项目经理于本周内完成包含详细应对措施的项目风险评估。,"[""本周内"", ""详细应对措施"", ""务必认真""]","[""明确时间要求"", ""强调内容要求"", ""强调态度要求""]",,
209,chitchat,surprised,我的天！你猜我遇到谁了？嗯...大学时的室友！啊...十年没见了！呃...居然在客户公司遇到了！,我的天！你猜我遇到谁了？大学时的室友！十年没见了！居然在客户公司遇到了！,我意外在客户公司遇到十年未见的大学室友，感到非常惊讶。,"[""大学室友"", ""十年没见"", ""客户公司""]","[""强调人物关系"", ""强调时间跨度"", ""强调相遇地点意外性""]",,
210,notice,happy,好消息分享：嗯...公司决定增设母婴室！啊...为哺乳期妈妈提供便利！呃...预计下月投入使用！,好消息分享：公司决定增设母婴室！为哺乳期妈妈提供便利！预计下月投入使用！,公司决定增设母婴室为哺乳期员工提供便利，预计下月投入使用。,"[""增设母婴室"", ""哺乳期妈妈"", ""下月使用""]","[""宣布福利设施"", ""说明受益群体"", ""给出时间计划""]",,
211,task,angry,这个产品质量怎么回事？！啊？！客户投诉率高达25%！嗯...质检部门在干什么？！啊...全部召回！停产整顿！,这个产品质量怎么回事？！客户投诉率高达25%！质检部门在干什么？！全部召回！停产整顿！,产品投诉率高达25%，质疑质检工作，要求全部召回并停产整顿。,"[""投诉率25%"", ""在干什么"", ""停产整顿""]","[""用数据说明问题严重性"", ""质疑部门工作"", ""要求严厉措施""]",,
212,chitchat,fearful,我刚接到一个电话...嗯...说我涉嫌非法出入境...啊...要求我配合资金审查...呃...应该是诈骗吧？好可怕...,我刚接到一个电话...说我涉嫌非法出入境...要求我配合资金审查...应该是诈骗吧？好可怕...,我接到冒充移民局的诈骗电话要求配合资金审查，感到害怕。,"[""非法出入境"", ""资金审查"", ""好可怕""]","[""描述诈骗内容"", ""说明对方要求"", ""表达恐惧心理""]",,
213,notice,sad,沉痛通知：嗯...我们尊敬的老师傅李师傅，啊...因突发疾病不幸离世。呃...追悼会安排在本周三上午。,沉痛通知：我们尊敬的老师傅李师傅，因突发疾病不幸离世。追悼会安排在本周三上午。,沉痛告知老师傅李师傅因突发疾病去世，追悼会定于本周三上午举行。,"[""突发疾病"", ""不幸离世"", ""追悼会""]","[""说明死因"", ""宣布死讯"", ""告知后续安排""]",,
214,task,disgusted,啧，这个供应商又延迟交货！嗯...信用太差了！啊...立即更换供应商！呃...永不合作！,啧，这个供应商又延迟交货！信用太差了！立即更换供应商！永不合作！,因供应商再次延迟交货，决定立即更换并永不合作。,"[""又延迟"", ""信用太差"", ""更换供应商""]","[""强调问题重复"", ""评价信用"", ""做出更换决定""]",,
215,chitchat,calm,我觉得这个技术问题虽然复杂，嗯...但只要团队协作，啊...一定能找到解决方案的。呃...大家保持信心。,我觉得这个技术问题虽然复杂，但只要团队协作，一定能找到解决方案的。大家保持信心。,我认为技术问题虽复杂但可通过团队协作解决，鼓励大家保持信心。,"[""虽然复杂"", ""团队协作"", ""保持信心""]","[""承认困难"", ""强调协作重要性"", ""鼓舞士气""]",,
216,notice,surprised,意外好消息：嗯...公司意外获得重大专利授权！啊...这将极大提升竞争力！呃...研发部值得表扬！,意外好消息：公司意外获得重大专利授权！这将极大提升竞争力！研发部值得表扬！,公司意外获得重大专利授权，将显著提升竞争力，表彰研发部。,"[""重大专利"", ""提升竞争力"", ""值得表扬""]","[""强调专利重要性"", ""说明战略意义"", ""表扬贡献部门""]",,
217,task,fearful,紧急！服务器遭受DDoS攻击！嗯...网站访问异常缓慢！啊...立即启动防护措施！呃...安全团队全力应对！,紧急！服务器遭受DDoS攻击！网站访问异常缓慢！立即启动防护措施！安全团队全力应对！,服务器遭受DDoS攻击导致网站访问缓慢，要求立即启动防护，安全团队全力应对。,"[""DDoS攻击"", ""异常缓慢"", ""启动防护""]","[""说明攻击类型"", ""描述影响"", ""要求防护措施""]",,
218,chitchat,happy,太棒了！我儿子被选为班长！嗯...全班同学投票通过的！啊...作为家长真的很欣慰！,太棒了！我儿子被选为班长！全班同学投票通过的！作为家长真的很欣慰！,我儿子经全班同学投票当选班长，作为家长感到非常欣慰。,"[""选为班长"", ""投票通过"", ""很欣慰""]","[""宣布荣誉职位"", ""强调民主过程"", ""表达家长欣慰""]",,
219,notice,angry,最后通牒：嗯...再次发现有人泄露公司机密！啊...这是犯罪行为！呃...一经发现立即开除并报警处理！,最后通牒：再次发现有人泄露公司机密！这是犯罪行为！一经发现立即开除并报警处理！,最后警告泄露公司机密行为，强调其犯罪性质并表示将立即开除并报警。,"[""泄露机密"", ""犯罪行为"", ""报警处理""]","[""指出严重违规"", ""定性法律性质"", ""警告最严厉后果""]",,
220,task,sad,很遗憾...嗯...我们这个项目因为资金问题不得不暂停...啊...大家辛苦了这么久...呃...先休息调整吧...,很遗憾...我们这个项目因为资金问题不得不暂停...大家辛苦了这么久...先休息调整吧...,遗憾告知项目因资金问题暂停，感谢大家付出并建议休息调整。,"[""资金问题"", ""不得不暂停"", ""休息调整""]","[""说明暂停原因"", ""表达无奈"", ""建议应对方式""]",,
221,chitchat,disgusted,我真受不了那个同事！嗯...整天搬弄是非挑拨离间！啊...办公室氛围都被搞坏了！呃...看着就烦！,我真受不了那个同事！整天搬弄是非挑拨离间！办公室氛围都被搞坏了！看着就烦！,我对同事搬弄是非破坏办公室氛围的行为感到厌恶。,"[""搬弄是非"", ""挑拨离间"", ""氛围搞坏""]","[""批评具体行为"", ""说明负面影响"", ""表达厌恶情绪""]",,
222,notice,calm,重要通知：嗯...公司将于下月进行内部审计，啊...请各部门提前整理好相关文件。呃...确保审计顺利进行。,重要通知：公司将于下月进行内部审计，请各部门提前整理好相关文件。确保审计顺利进行。,通知：下月将进行内部审计，请各部门提前整理文件确保顺利进行。,"[""内部审计"", ""提前整理"", ""顺利进行""]","[""说明审计类型"", ""要求准备工作"", ""强调目标""]",,
223,task,surprised,哇！刚刚收到消息，嗯...我们的产品获得国际认证！啊...完全出乎意料！呃...质量部立大功了！,哇！刚刚收到消息，我们的产品获得国际认证！完全出乎意料！质量部立大功了！,惊喜得知产品获得国际认证，表彰质量部的突出贡献。,"[""国际认证"", ""出乎意料"", ""立大功""]","[""宣布重要认证"", ""表达意外"", ""表扬功臣""]",,
224,chitchat,fearful,我刚在家听到奇怪的声音...嗯...像是门锁被撬的声音...啊...现在很害怕...呃...要不要叫保安？,我刚在家听到奇怪的声音...像是门锁被撬的声音...现在很害怕...要不要叫保安？,我在家中听到疑似撬锁声，感到害怕且犹豫是否呼叫保安。,"[""奇怪声音"", ""门锁被撬"", ""很害怕""]","[""描述可疑现象"", ""具体说明怀疑"", ""表达恐惧心理""]",,
225,notice,happy,开心宣布：嗯...公司决定为员工提供免费健身课程！啊...每周三下午五点开始。呃...欢迎大家积极参加！,开心宣布：公司决定为员工提供免费健身课程！每周三下午五点开始。欢迎大家积极参加！,公司将为员工提供免费健身课程，每周三下午五点开始，鼓励积极参加。,"[""免费健身课程"", ""每周三五点"", ""积极参加""]","[""宣布福利"", ""明确时间安排"", ""鼓励参与""]",,
226,task,angry,这个报价单是谁做的？！啊？！税率都算错了！嗯...这种低级错误！啊...重新计算！一小时内我要正确版本！,这个报价单是谁做的？！税率都算错了！这种低级错误！重新计算！一小时内我要正确版本！,报价单税率计算错误，责令一小时内重新计算并提交正确版本。,"[""税率算错"", ""低级错误"", ""一小时内""]","[""指出具体错误"", ""批评错误性质"", ""给出紧急时限""]",,
227,chitchat,sad,我外婆病情加重了...嗯...医生说要做好心理准备...啊...我现在心情很沉重...,我外婆病情加重了...医生说要做好心理准备...我现在心情很沉重...,我因外婆病情加重需做好心理准备而感到心情沉重。,"[""病情加重"", ""心理准备"", ""很沉重""]","[""说明亲人状况"", ""表达担忧程度"", ""描述心理状态""]",,
228,notice,disgusted,恶心！嗯...又在茶水间发现发臭的食物！啊...请自觉清理冰箱！呃...再发现全部扔掉！,恶心！又在茶水间发现发臭的食物！请自觉清理冰箱！再发现全部扔掉！,谴责在茶水间存放发臭食物行为，要求自觉清理否则将全部丢弃。,"[""发臭食物"", ""自觉清理"", ""全部扔掉""]","[""描述令人厌恶的现象"", ""提出要求"", ""警告处理措施""]",,
229,task,calm,各位注意：嗯...新的财务报销系统已上线，啊...请于本周内完成学习使用。呃...旧系统将停止使用。,各位注意：新的财务报销系统已上线，请于本周内完成学习使用。旧系统将停止使用。,通知新财务报销系统已上线，要求本周内学会使用，旧系统将停用。,"[""新系统上线"", ""本周内学习"", ""旧系统停止""]","[""宣布新系统"", ""给出学习时限"", ""说明过渡安排""]",,
230,chitchat,surprised,我的天！你猜我刚看到什么？嗯...董事长在挤地铁！啊...这也太接地气了吧！,我的天！你猜我刚看到什么？董事长在挤地铁！这也太接地气了吧！,我惊讶看到董事长乘坐地铁，认为其十分接地气。,"[""董事长"", ""挤地铁"", ""太接地气""]","[""强调人物身份"", ""描述行为"", ""表达正面评价""]",,
231,notice,fearful,紧急预警：嗯...气象台发布暴雨红色预警，啊...预计今晚有特大暴雨。呃...请大家尽量减少外出，注意安全！,紧急预警：气象台发布暴雨红色预警，预计今晚有特大暴雨。请大家尽量减少外出，注意安全！,紧急：发布暴雨红色预警，今晚有特大暴雨，建议减少外出注意安全。,"[""暴雨预警"", ""特大暴雨"", ""减少外出""]","[""说明预警级别"", ""强调天气严重性"", ""给出安全建议""]",,
232,task,happy,好消息！嗯...客户对我们的产品非常满意！啊...决定追加50%的订单！呃...生产部加油！,好消息！客户对我们的产品非常满意！决定追加50%的订单！生产部加油！,客户高度满意产品并决定追加50%订单，鼓励生产部努力。,"[""非常满意"", ""追加50%"", ""加油""]","[""分享正面反馈"", ""宣布订单增幅"", ""给予鼓励""]",,
233,chitchat,angry,气死我了！嗯...快递又未经同意放代收点了！啊...明明家里有人！呃...投诉！必须投诉！,气死我了！快递又未经同意放代收点了！明明家里有人！投诉！必须投诉！,我因快递未按要求的送货上门而感到愤怒，决定投诉。,"[""未经同意"", ""家里有人"", ""必须投诉""]","[""强调违规行为"", ""说明实际情况"", ""表达投诉决心""]",,
234,notice,sad,沉重通知：嗯...我们同事小张的父亲不幸病逝，啊...公司表示深切哀悼。呃...如有想去悼念的同事请联系部门经理。,沉重通知：我们同事小张的父亲不幸病逝，公司表示深切哀悼。如有想去悼念的同事请联系部门经理。,沉痛通知同事小张父亲病逝，公司表示哀悼，欲悼念者请联系部门经理。,"[""不幸病逝"", ""深切哀悼"", ""联系经理""]","[""委婉宣布死讯"", ""表达公司态度"", ""提供联系途径""]",,
235,task,disgusted,啧，这个合作伙伴诚信有问题！嗯...多次承诺不兑现！啊...立即终止合作！呃...永不往来！,啧，这个合作伙伴诚信有问题！多次承诺不兑现！立即终止合作！永不往来！,因合作伙伴多次失信，决定立即终止合作并不再往来。,"[""诚信问题"", ""承诺不兑现"", ""终止合作""]","[""批评信用问题"", ""说明具体问题"", ""做出决断""]",,
236,chitchat,calm,我觉得这个市场变化虽然突然，嗯...但只要冷静分析，啊...总能找到应对策略的。呃...不用慌乱。,我觉得这个市场变化虽然突然，但只要冷静分析，总能找到应对策略的。不用慌乱。,我认为市场变化虽突然但可通过冷静分析应对，建议不必慌乱。,"[""虽然突然"", ""冷静分析"", ""不用慌乱""]","[""承认变化突然"", ""提供方法"", ""安抚情绪""]",,
237,notice,surprised,意外喜讯：嗯...公司意外获得政府重点项目支持！啊...资金远超预期！呃...这将推动公司快速发展！,意外喜讯：公司意外获得政府重点项目支持！资金远超预期！这将推动公司快速发展！,公司意外获得政府重点项目支持且资金远超预期，将推动快速发展。,"[""重点项目"", ""资金远超预期"", ""推动发展""]","[""强调项目重要性"", ""说明资金意外"", ""说明战略意义""]",,
238,task,fearful,紧急！数据库出现严重错误！嗯...可能导致数据丢失！啊...立即组织备份恢复！呃...技术团队全员紧急处理！,紧急！数据库出现严重错误！可能导致数据丢失！立即组织备份恢复！技术团队全员紧急处理！,数据库出现严重错误可能造成数据丢失，要求立即备份恢复，技术团队紧急处理。,"[""严重错误"", ""数据丢失"", ""备份恢复""]","[""宣告技术危机"", ""说明潜在风险"", ""要求紧急措施""]",,
239,chitchat,happy,太开心了！嗯...我妻子怀孕了！啊...我们要当父母了！呃...真的是天大的好消息！,太开心了！我妻子怀孕了！我们要当父母了！真的是天大的好消息！,我妻子怀孕，我们将成为父母，感到非常幸福。,"[""怀孕了"", ""当父母了"", ""天大的好消息""]","[""宣布喜讯"", ""说明身份转变"", ""表达幸福程度""]",,
240,notice,angry,严正警告：嗯...发现有人工作时间看视频！啊...这是严重违纪行为！呃...再发现直接扣除当月奖金！,严正警告：发现有人工作时间看视频！这是严重违纪行为！再发现直接扣除当月奖金！,严正警告工作时间观看视频行为，再犯将扣除当月奖金。,"[""工作时间看视频"", ""严重违纪"", ""扣除奖金""]","[""指出具体违规"", ""定性严重性"", ""警告经济处罚""]",,
241,task,sad,很抱歉...嗯...我们这个项目因为政策变化不得不终止...啊...大家付出了这么多...呃...先休息调整吧...,很抱歉...我们这个项目因为政策变化不得不终止...大家付出了这么多...先休息调整吧...,遗憾告知项目因政策变化终止，感谢大家付出并建议休息调整。,"[""政策变化"", ""不得不终止"", ""休息调整""]","[""说明终止原因"", ""表达无奈"", ""建议应对方式""]",,
242,chitchat,disgusted,我真受不了那个邻居！嗯...整天制造噪音！啊...半夜还大声喧哗！呃...物业管不了吗？,我真受不了那个邻居！整天制造噪音！半夜还大声喧哗！物业管不了吗？,我对邻居制造噪音影响休息的行为感到厌恶，质疑物业治理能力。,"[""制造噪音"", ""半夜喧哗"", ""物业管不了""]","[""批评扰民行为"", ""强调时间不当"", ""表达对管理的不满""]",,
243,notice,calm,重要通知：嗯...公司年度绩效考核即将开始，啊...请各位准备好相关材料。呃...确保考核顺利进行。,重要通知：公司年度绩效考核即将开始，请各位准备好相关材料。确保考核顺利进行。,通知：年度绩效考核即将开始，请准备好相关材料确保顺利进行。,"[""绩效考核"", ""准备好材料"", ""顺利进行""]","[""说明考核事项"", ""要求准备工作"", ""强调目标""]",,
244,task,surprised,哇！刚刚得知，嗯...我们的项目获得国家级奖项！啊...完全没想到！呃...团队每个人都很棒！,哇！刚刚得知，我们的项目获得国家级奖项！完全没想到！团队每个人都很棒！,惊喜得知项目获得国家级奖项，表扬整个团队的优秀表现。,"[""国家级奖项"", ""完全没想到"", ""每个人都很棒""]","[""宣布高级别荣誉"", ""表达意外"", ""集体表扬""]",,
245,chitchat,fearful,我刚接到一个电话...嗯...说我账户异常操作...啊...要求我提供验证码...呃...应该是诈骗吧？好吓人...,我刚接到一个电话...说我账户异常操作...要求我提供验证码...应该是诈骗吧？好吓人...,我接到冒充银行的诈骗电话要求提供验证码，感到害怕。,"[""账户异常"", ""提供验证码"", ""好吓人""]","[""描述诈骗内容"", ""说明对方要求"", ""表达恐惧心理""]",,
246,notice,happy,开心分享：嗯...公司决定为员工提供免费下午茶！啊...每周二、四下午三点开始。呃...欢迎大家享用！,开心分享：公司决定为员工提供免费下午茶！每周二、四下午三点开始。欢迎大家享用！,公司将为员工提供免费下午茶，每周二、四下午三点开始，欢迎享用。,"[""免费下午茶"", ""周二周四"", ""欢迎大家""]","[""宣布福利"", ""明确时间安排"", ""热情邀请""]",,
247,task,angry,这个合同是谁拟的？！啊？！重要条款都遗漏了！嗯...这种疏忽不能容忍！啊...重新拟定！今天必须完成！,这个合同是谁拟的？！重要条款都遗漏了！这种疏忽不能容忍！重新拟定！今天必须完成！,合同遗漏重要条款，责令今日内重新拟定。,"[""条款遗漏"", ""不能容忍"", ""今天必须""]","[""指出严重错误"", ""表达严厉态度"", ""给出紧急时限""]",,
248,chitchat,sad,我爷爷病情恶化了...嗯...医生说希望不大...啊...我现在很难接受这个事实...,我爷爷病情恶化了...医生说希望不大...我现在很难接受这个事实...,我因爷爷病情恶化预后不佳而感到难以接受。,"[""病情恶化"", ""希望不大"", ""很难接受""]","[""说明亲人状况"", ""表达医疗判断"", ""描述心理状态""]",,
249,notice,disgusted,恶心！嗯...又在卫生间发现烟头！啊...明明禁止吸烟的！呃...再发现追究到底！,恶心！又在卫生间发现烟头！明明禁止吸烟的！再发现追究到底！,谴责在卫生间吸烟行为，强调禁令并表示将追究责任。,"[""发现烟头"", ""禁止吸烟"", ""追究到底""]","[""描述违规证据"", ""强调禁令"", ""警告追究责任""]",,
250,task,calm,各位注意：嗯...新的客户管理系统已上线，啊...请于本周内完成培训使用。呃...旧系统将逐步淘汰。,各位注意：新的客户管理系统已上线，请于本周内完成培训使用。旧系统将逐步淘汰。,通知新客户管理系统已上线，要求本周内完成培训使用，旧系统将淘汰。,"[""新系统上线"", ""本周内培训"", ""逐步淘汰""]","[""宣布新系统"", ""给出培训时限"", ""说明过渡安排""]",,
251,chitchat,surprised,我的天！你猜我刚遇到谁了？嗯...小学时的班主任！啊...二十多年没见了！呃...居然在超市遇到了！,我的天！你猜我刚遇到谁了？小学时的班主任！二十多年没见了！居然在超市遇到了！,我意外在超市遇到二十多年未见的小学班主任，感到非常惊讶。,"[""小学班主任"", ""二十多年"", ""超市遇到""]","[""强调人物关系"", ""强调时间跨度"", ""强调相遇地点意外性""]",,
252,notice,fearful,紧急预警：嗯...附近发生化学泄漏事故，啊...请关闭门窗避免外出！呃...等待进一步通知！,紧急预警：附近发生化学泄漏事故，请关闭门窗避免外出！等待进一步通知！,紧急：附近发生化学泄漏事故，请关闭门窗避免外出，等待进一步通知。,"[""化学泄漏"", ""关闭门窗"", ""避免外出""]","[""说明事故性质"", ""给出防护措施"", ""要求等待指令""]",,
253,task,happy,好消息！嗯...客户对我们的服务赞不绝口！啊...决定签订长期合作协议！呃...继续努力！,好消息！客户对我们的服务赞不绝口！决定签订长期合作协议！继续努力！,客户高度赞扬服务并决定签订长期合作协议，鼓励继续努力。,"[""赞不绝口"", ""长期合作"", ""继续努力""]","[""分享高度评价"", ""宣布合作延续"", ""给予鼓励""]",,
254,chitchat,angry,气死我了！嗯...装修公司又拖延工期！啊...合同明确约定了时间的！呃...要追究违约责任！,气死我了！装修公司又拖延工期！合同明确约定了时间的！要追究违约责任！,我因装修公司多次拖延工期违反合同约定而感到愤怒，决定追究责任。,"[""又拖延"", ""合同约定"", ""追究责任""]","[""强调问题重复"", ""说明合同依据"", ""表达维权决心""]",,
255,notice,sad,沉重通知：嗯...我们同事老王的妻子不幸病逝，啊...公司表示深切哀悼。呃...如有想去慰问的同事请联系工会。,沉重通知：我们同事老王的妻子不幸病逝，公司表示深切哀悼。如有想去慰问的同事请联系工会。,沉痛通知同事老王妻子病逝，公司表示哀悼，欲慰问者请联系工会。,"[""不幸病逝"", ""深切哀悼"", ""联系工会""]","[""委婉宣布死讯"", ""表达公司态度"", ""提供联系途径""]",,
256,task,disgusted,啧，这个供应商以次充好！嗯...被我们现场检验发现了！啊...立即列入黑名单！呃...永不合作！,啧，这个供应商以次充好！被我们现场检验发现了！立即列入黑名单！永不合作！,发现供应商提供劣质材料，决定立即列入黑名单并永不合作。,"[""以次充好"", ""现场检验"", ""永不合作""]","[""指出欺诈行为"", ""说明发现方式"", ""表明决绝态度""]",,
257,chitchat,calm,我觉得这个技术挑战虽然困难，嗯...但只要团队齐心协力，啊...一定能克服的。呃...大家保持信心。,我觉得这个技术挑战虽然困难，但只要团队齐心协力，一定能克服的。大家保持信心。,我认为技术挑战虽困难但可通过团队协作克服，鼓励大家保持信心。,"[""虽然困难"", ""齐心协力"", ""保持信心""]","[""承认难度"", ""强调协作重要性"", ""鼓舞士气""]",,
258,notice,surprised,意外好消息：嗯...公司意外获得重大投资！啊...投资方实力雄厚！呃...这将加速公司发展！,意外好消息：公司意外获得重大投资！投资方实力雄厚！这将加速公司发展！,公司意外获得实力雄厚投资方的重大投资，将加速发展。,"[""重大投资"", ""实力雄厚"", ""加速发展""]","[""宣布投资消息"", ""强调投资方实力"", ""说明战略意义""]",,
259,task,fearful,紧急！系统遭受 ransomware 攻击！嗯...重要文件被加密！啊...立即启动应急响应！呃...安全团队全力抢救！,紧急！系统遭受 ransomware 攻击！重要文件被加密！立即启动应急响应！安全团队全力抢救！,系统遭受勒索软件攻击导致文件被加密，要求立即启动应急响应，安全团队全力抢救。,"[""ransomware攻击"", ""文件被加密"", ""应急响应""]","[""说明攻击类型"", ""描述严重危害"", ""要求紧急措施""]",,
260,chitchat,happy,太棒了！我女儿钢琴比赛获得一等奖！嗯...评委说她的演奏很有感染力！啊...作为父母太自豪了！,太棒了！我女儿钢琴比赛获得一等奖！评委说她的演奏很有感染力！作为父母太自豪了！,我女儿在钢琴比赛中获得一等奖并获得评委高度评价，作为父母感到非常自豪。,"[""一等奖"", ""很有感染力"", ""太自豪""]","[""宣布比赛成绩"", ""分享评委评价"", ""表达父母自豪""]",,
261,notice,angry,最后警告：嗯...发现有人私自拷贝公司代码！啊...这是严重违规！呃...再发现立即开除并追究法律责任！,最后警告：发现有人私自拷贝公司代码！这是严重违规！再发现立即开除并追究法律责任！,最后警告私自拷贝公司代码行为，强调其严重违规性质并表示将立即开除并追究法律责任。,"[""私自拷贝代码"", ""严重违规"", ""追究法律责任""]","[""指出具体违规"", ""定性严重性"", ""警告最严厉后果""]",,
262,task,sad,很遗憾...嗯...我们这个项目因为市场变化不得不暂停...啊...大家辛苦了这么久...呃...先休息调整吧...,很遗憾...我们这个项目因为市场变化不得不暂停...大家辛苦了这么久...先休息调整吧...,遗憾告知项目因市场变化暂停，感谢大家付出并建议休息调整。,"[""市场变化"", ""不得不暂停"", ""休息调整""]","[""说明暂停原因"", ""表达无奈"", ""建议应对方式""]",,
263,chitchat,disgusted,我真受不了那个同事！嗯...整天推卸责任甩锅他人！啊...团队氛围都被破坏了！呃...看着就生气！,我真受不了那个同事！整天推卸责任甩锅他人！团队氛围都被破坏了！看着就生气！,我对同事推卸责任破坏团队氛围的行为感到厌恶。,"[""推卸责任"", ""甩锅他人"", ""氛围破坏""]","[""批评具体行为"", ""说明负面影响"", ""表达愤怒情绪""]",,
264,notice,calm,重要通知：嗯...公司将于下月进行质量体系审核，啊...请各部门提前准备好相关文件。呃...确保审核顺利通过。,重要通知：公司将于下月进行质量体系审核，请各部门提前准备好相关文件。确保审核顺利通过。,通知：下月将进行质量体系审核，请各部门提前准备文件确保通过。,"[""质量体系审核"", ""提前准备"", ""顺利通过""]","[""说明审核类型"", ""要求准备工作"", ""强调目标""]",,
265,task,surprised,哇！刚刚收到消息，嗯...我们的产品获得国际设计大奖！啊...完全出乎意料！呃...设计团队太棒了！,哇！刚刚收到消息，我们的产品获得国际设计大奖！完全出乎意料！设计团队太棒了！,惊喜得知产品获得国际设计大奖，表彰设计团队的优秀表现。,"[""国际设计大奖"", ""出乎意料"", ""太棒了""]","[""宣布高级别奖项"", ""表达意外"", ""表扬团队""]",,
266,chitchat,fearful,我刚接到一个电话...嗯...说我涉嫌洗钱犯罪...啊...要求我配合调查转账...呃...应该是诈骗吧？好可怕...,我刚接到一个电话...说我涉嫌洗钱犯罪...要求我配合调查转账...应该是诈骗吧？好可怕...,我接到冒充公安的诈骗电话要求配合调查转账，感到害怕。,"[""洗钱犯罪"", ""配合调查转账"", ""好可怕""]","[""描述诈骗内容"", ""说明对方要求"", ""表达恐惧心理""]",,
267,notice,happy,开心宣布：嗯...公司决定为员工提供免费体检！啊...每年一次全面检查！呃...关爱员工健康！,开心宣布：公司决定为员工提供免费体检！每年一次全面检查！关爱员工健康！,公司将为员工提供每年一次的免费全面体检，关爱员工健康。,"[""免费体检"", ""每年一次"", ""关爱健康""]","[""宣布福利"", ""说明频率"", ""强调关怀目的""]",,
268,task,angry,这个报告是谁写的？！啊？！数据严重错误！嗯...这种质量不能接受！啊...重新撰写！今天必须完成！,这个报告是谁写的？！数据严重错误！这种质量不能接受！重新撰写！今天必须完成！,报告数据严重错误，责令今日内重新撰写。,"[""数据错误"", ""不能接受"", ""今天必须""]","[""指出严重问题"", ""表达不满态度"", ""给出紧急时限""]",,
269,chitchat,sad,我好朋友确诊重病...嗯...需要长期治疗...啊...我心里很难过...呃...希望能陪她度过难关...,我好朋友确诊重病...需要长期治疗...我心里很难过...希望能陪她度过难关...,我因好友确诊重病需长期治疗而感到难过，希望陪伴支持。,"[""确诊重病"", ""长期治疗"", ""很难过""]","[""说明朋友状况"", ""表达治疗艰难"", ""流露悲伤情绪""]",,
270,notice,disgusted,恶心！嗯...又在厨房发现腐烂食物！啊...请自觉清理冰箱！呃...再发现全部丢弃并罚款！,恶心！又在厨房发现腐烂食物！请自觉清理冰箱！再发现全部丢弃并罚款！,谴责在厨房存放腐烂食物行为，要求自觉清理否则将丢弃并罚款。,"[""腐烂食物"", ""自觉清理"", ""罚款""]","[""描述令人厌恶的现象"", ""提出要求"", ""警告处罚措施""]",,
271,task,calm,各位注意：嗯...新的人力资源系统已上线，啊...请于本周内完成信息更新。呃...旧系统将停止使用。,各位注意：新的人力资源系统已上线，请于本周内完成信息更新。旧系统将停止使用。,通知新人力资源系统已上线，要求本周内完成信息更新，旧系统将停用。,"[""新系统上线"", ""本周内更新"", ""停止使用""]","[""宣布新系统"", ""给出操作时限"", ""说明过渡安排""]",,
272,chitchat,surprised,我的天！你猜我刚看到什么？嗯...公司CEO在食堂吃员工餐！啊...这也太亲民了吧！,我的天！你猜我刚看到什么？公司CEO在食堂吃员工餐！这也太亲民了吧！,我惊讶看到CEO在员工食堂用餐，认为其十分亲民。,"[""公司CEO"", ""食堂用餐"", ""太亲民""]","[""强调人物身份"", ""描述行为"", ""表达正面评价""]",,
273,notice,fearful,紧急预警：嗯...气象台发布台风红色预警，啊...预计明后两天有特大暴雨。呃...请大家尽量减少外出，注意安全！,紧急预警：气象台发布台风红色预警，预计明后两天有特大暴雨。请大家尽量减少外出，注意安全！,紧急：发布台风红色预警，明后两天有特大暴雨，建议减少外出注意安全。,"[""台风预警"", ""特大暴雨"", ""减少外出""]","[""说明预警级别"", ""强调天气严重性"", ""给出安全建议""]",,
274,task,happy,好消息！嗯...客户对我们的产品非常满意！啊...决定扩大合作范围！呃...继续努力！,好消息！客户对我们的产品非常满意！决定扩大合作范围！继续努力！,客户高度满意产品并决定扩大合作范围，鼓励继续努力。,"[""非常满意"", ""扩大合作"", ""继续努力""]","[""分享正面反馈"", ""宣布合作扩展"", ""给予鼓励""]",,
275,chitchat,angry,气死我了！嗯...物业又擅自进入我家！啊...说是检修但没提前通知！呃...要投诉他们！,气死我了！物业又擅自进入我家！说是检修但没提前通知！要投诉他们！,我因物业未提前通知擅自进入家中而感到愤怒，决定投诉。,"[""擅自进入"", ""没提前通知"", ""要投诉""]","[""批评违规行为"", ""说明问题所在"", ""表达投诉决心""]",,
276,notice,sad,沉重通知：嗯...我们同事老李的母亲不幸病逝，啊...公司表示深切哀悼。呃...如有想去悼念的同事请联系行政部。,沉重通知：我们同事老李的母亲不幸病逝，公司表示深切哀悼。如有想去悼念的同事请联系行政部。,沉痛通知同事老李母亲病逝，公司表示哀悼，欲悼念者请联系行政部。,"[""不幸病逝"", ""深切哀悼"", ""联系行政部""]","[""委婉宣布死讯"", ""表达公司态度"", ""提供联系途径""]",,
277,task,disgusted,啧，这个合作伙伴毫无诚信！嗯...多次违约不履行承诺！啊...立即终止所有合作！呃...永不往来！,啧，这个合作伙伴毫无诚信！多次违约不履行承诺！立即终止所有合作！永不往来！,因合作伙伴多次违约失信，决定立即终止所有合作并不再往来。,"[""毫无诚信"", ""多次违约"", ""终止合作""]","[""批评信用问题"", ""说明具体问题"", ""做出决断""]",,
278,chitchat,calm,我觉得这个市场机遇虽然难得，嗯...但只要谨慎评估，啊...总能找到合适切入点的。呃...不用急于求成。,我觉得这个市场机遇虽然难得，但只要谨慎评估，总能找到合适切入点的。不用急于求成。,我认为市场机遇虽难得但需谨慎评估寻找合适切入点，建议不必急于求成。,"[""虽然难得"", ""谨慎评估"", ""不用急于求成""]","[""承认机遇价值"", ""提供方法"", ""建议稳健态度""]",,
279,notice,surprised,意外喜讯：嗯...公司意外获得重大政策支持！啊...这将极大降低运营成本！呃...财务部立大功了！,意外喜讯：公司意外获得重大政策支持！这将极大降低运营成本！财务部立大功了！,公司意外获得重大政策支持将显著降低运营成本，表彰财务部。,"[""政策支持"", ""降低运营成本"", ""立大功""]","[""宣布政策利好"", ""说明经济效益"", ""表扬功臣""]",,
280,task,fearful,紧急！服务器遭受严重攻击！嗯...系统运行异常缓慢！啊...立即启动最高级别防护！呃...安全团队全力应对！,紧急！服务器遭受严重攻击！系统运行异常缓慢！立即启动最高级别防护！安全团队全力应对！,服务器遭受严重攻击导致系统运行缓慢，要求立即启动最高防护，安全团队全力应对。,"[""严重攻击"", ""异常缓慢"", ""最高级别防护""]","[""说明攻击严重性"", ""描述影响"", ""要求最强防护措施""]",,
281,chitchat,happy,太开心了！嗯...我妻子顺利生产了！啊...是个健康的宝宝！呃...我们当父母了！,太开心了！我妻子顺利生产了！是个健康的宝宝！我们当父母了！,我妻子顺利生下健康宝宝，我们成为父母，感到非常幸福。,"[""顺利生产"", ""健康宝宝"", ""当父母了""]","[""宣布生产喜讯"", ""强调宝宝健康"", ""表达身份转变的喜悦""]",,
282,notice,angry,严正警告：嗯...发现有人泄露商业机密！啊...这是严重违法行为！呃...再发现立即开除并报警处理！,严正警告：发现有人泄露商业机密！这是严重违法行为！再发现立即开除并报警处理！,严正警告泄露商业机密行为，强调其违法性质并表示将立即开除并报警。,"[""泄露机密"", ""违法行为"", ""报警处理""]","[""指出严重违规"", ""定性法律性质"", ""警告最严厉后果""]",,
283,task,sad,很抱歉...嗯...我们这个项目因为资金链断裂不得不终止...啊...大家付出了这么多...呃...先休息调整吧...,很抱歉...我们这个项目因为资金链断裂不得不终止...大家付出了这么多...先休息调整吧...,遗憾告知项目因资金链断裂终止，感谢大家付出并建议休息调整。,"[""资金链断裂"", ""不得不终止"", ""休息调整""]","[""说明终止原因"", ""表达无奈"", ""建议应对方式""]",,
284,chitchat,disgusted,我真受不了那个邻居！嗯...整天制造噪音影响休息！啊...沟通多次无效！呃...要报警处理了！,我真受不了那个邻居！整天制造噪音影响休息！沟通多次无效！要报警处理了！,我对邻居制造噪音且沟通无效的行为感到厌恶，决定报警处理。,"[""制造噪音"", ""沟通无效"", ""报警处理""]","[""批评扰民行为"", ""说明沟通失败"", ""表达升级处理决心""]",,
285,notice,calm,重要通知：嗯...公司年度审计即将开始，啊...请各部门提前整理好相关账目。呃...确保审计顺利进行。,重要通知：公司年度审计即将开始，请各部门提前整理好相关账目。确保审计顺利进行。,通知：年度审计即将开始，请各部门提前整理账目确保顺利进行。,"[""年度审计"", ""提前整理"", ""顺利进行""]","[""说明审计事项"", ""要求准备工作"", ""强调目标""]",,
286,task,surprised,哇！刚刚得知，嗯...我们的技术获得国际专利！啊...完全出乎意料！呃...研发团队太优秀了！,哇！刚刚得知，我们的技术获得国际专利！完全出乎意料！研发团队太优秀了！,惊喜得知技术获得国际专利，表彰研发团队的优秀表现。,"[""国际专利"", ""出乎意料"", ""太优秀""]","[""宣布重要专利"", ""表达意外"", ""表扬团队""]",,
287,chitchat,fearful,我刚接到一个电话...嗯...说我账户存在风险...啊...要求我立即转账到安全账户...呃...应该是诈骗吧？好吓人...,我刚接到一个电话...说我账户存在风险...要求我立即转账到安全账户...应该是诈骗吧？好吓人...,我接到冒充银行的诈骗电话要求转账到安全账户，感到害怕。,"[""账户风险"", ""转账安全账户"", ""好吓人""]","[""描述诈骗内容"", ""说明对方要求"", ""表达恐惧心理""]",,
288,notice,happy,开心分享：嗯...公司决定为员工提供免费心理咨询服务！啊...关爱员工心理健康！呃...详情见内部邮件！,开心分享：公司决定为员工提供免费心理咨询服务！关爱员工心理健康！详情见内部邮件！,公司将为员工提供免费心理咨询服务，关爱员工心理健康，详情见邮件。,"[""心理咨询"", ""关爱心理健康"", ""详情见邮件""]","[""宣布福利服务"", ""强调关怀目的"", ""指引详细信息""]",,
289,task,angry,这个方案是谁做的？！啊？！完全不符合客户要求！嗯...这种质量不能接受！啊...重新制作！今天必须完成！,这个方案是谁做的？！完全不符合客户要求！这种质量不能接受！重新制作！今天必须完成！,方案完全不符合客户要求，责令今日内重新制作。,"[""不符合要求"", ""不能接受"", ""今天必须""]","[""指出严重问题"", ""表达不满态度"", ""给出紧急时限""]",,
290,chitchat,sad,我父亲住院了...嗯...需要做手术...啊...我现在很担心...呃...希望手术顺利...,我父亲住院了...需要做手术...我现在很担心...希望手术顺利...,我因父亲住院需要手术而感到担心，希望手术顺利。,"[""住院了"", ""需要手术"", ""很担心""]","[""说明亲人状况"", ""表达治疗需要"", ""流露担忧情绪""]",,
291,notice,disgusted,恶心！嗯...又在公共区域发现垃圾！啊...请自觉维护环境卫生！呃...再发现将进行处罚！,恶心！又在公共区域发现垃圾！请自觉维护环境卫生！再发现将进行处罚！,谴责在公共区域乱扔垃圾行为，要求自觉维护环境否则将处罚。,"[""发现垃圾"", ""维护环境卫生"", ""进行处罚""]","[""描述不文明现象"", ""提出要求"", ""警告处罚措施""]",,
292,task,calm,各位注意：嗯...新的项目管理系统已上线，啊...请于本周内完成学习使用。呃...旧系统将停止服务。,各位注意：新的项目管理系统已上线，请于本周内完成学习使用。旧系统将停止服务。,通知新项目管理系统已上线，要求本周内学会使用，旧系统将停用。,"[""新系统上线"", ""本周内学习"", ""停止服务""]","[""宣布新系统"", ""给出学习时限"", ""说明过渡安排""]",,
293,chitchat,surprised,我的天！你猜我刚遇到谁了？嗯...十年前的老同事！啊...完全没变样！呃...时间过得真快啊！,我的天！你猜我刚遇到谁了？十年前的老同事！完全没变样！时间过得真快啊！,我意外遇到十年前的老同事，对其容貌未变感到惊讶，感叹时间流逝。,"[""十年前"", ""完全没变样"", ""时间真快""]","[""强调时间跨度"", ""强调外貌变化之小"", ""表达时光感慨""]",,
294,notice,fearful,紧急预警：嗯...附近发生 gas 泄漏事故，啊...请立即关闭火源避免明火！呃...等待进一步指令！,紧急预警：附近发生 gas 泄漏事故，请立即关闭火源避免明火！等待进一步指令！,紧急：附近发生燃气泄漏事故，请立即关闭火源避免明火，等待进一步指令。,"[""gas泄漏"", ""关闭火源"", ""避免明火""]","[""说明事故性质"", ""给出紧急措施"", ""要求等待指令""]",,
295,task,happy,好消息！嗯...客户对我们的服务非常满意！啊...决定推荐给其他合作伙伴！呃...继续努力！,好消息！客户对我们的服务非常满意！决定推荐给其他合作伙伴！继续努力！,客户高度满意服务并决定推荐给其他合作伙伴，鼓励继续努力。,"[""非常满意"", ""推荐合作伙伴"", ""继续努力""]","[""分享正面反馈"", ""宣布推荐行为"", ""给予鼓励""]",,
296,chitchat,angry,气死我了！嗯...装修公司又拖延工期！啊...严重影响我的计划！呃...要追究违约责任！,气死我了！装修公司又拖延工期！严重影响我的计划！要追究违约责任！,我因装修公司多次拖延工期影响计划而感到愤怒，决定追究责任。,"[""又拖延"", ""严重影响"", ""追究责任""]","[""强调问题重复"", ""说明实际影响"", ""表达维权决心""]",,
297,notice,sad,沉重通知：嗯...我们同事小赵的配偶不幸病逝，啊...公司表示深切哀悼。呃...如有想去慰问的同事请联系HR。,沉重通知：我们同事小赵的配偶不幸病逝，公司表示深切哀悼。如有想去慰问的同事请联系HR。,沉痛通知同事小赵配偶病逝，公司表示哀悼，欲慰问者请联系HR。,"[""不幸病逝"", ""深切哀悼"", ""联系HR""]","[""委婉宣布死讯"", ""表达公司态度"", ""提供联系途径""]",,
298,task,disgusted,啧，这个供应商质量极差！嗯...多次警告仍不改进！啊...立即终止所有合作！呃...永不往来！,啧，这个供应商质量极差！多次警告仍不改进！立即终止所有合作！永不往来！,因供应商质量极差且多次警告无效，决定立即终止所有合作并不再往来。,"[""质量极差"", ""警告无效"", ""终止合作""]","[""批评质量问题"", ""说明沟通无效"", ""做出决断""]",,
299,chitchat,calm,我觉得这个业务挑战虽然艰巨，嗯...但只要团队共同努力，啊...一定能找到突破口的。呃...大家保持信心。,我觉得这个业务挑战虽然艰巨，但只要团队共同努力，一定能找到突破口的。大家保持信心。,我认为业务挑战虽艰巨但可通过团队协作找到突破口，鼓励大家保持信心。,"[""虽然艰巨"", ""共同努力"", ""保持信心""]","[""承认难度"", ""强调协作重要性"", ""鼓舞士气""]",,
300,notice,surprised,意外好消息：嗯...公司意外获得行业领军企业投资！啊...这将极大提升品牌影响力！呃...市场部立大功了！,意外好消息：公司意外获得行业领军企业投资！这将极大提升品牌影响力！市场部立大功了！,公司意外获得行业领军企业投资将显著提升品牌影响力，表彰市场部。,"[""领军企业投资"", ""提升品牌影响力"", ""立大功""]","[""宣布重要投资"", ""说明战略意义"", ""表扬功臣""]",,
301,notice,calm,各位同事请注意，嗯...公司年度培训计划已完成制定，啊...具体安排已发送至邮箱。呃...请按时参加相关课程。,各位同事请注意，公司年度培训计划已完成制定，具体安排已发送至邮箱。请按时参加相关课程。,通知：公司年度培训计划已制定完成，课程安排已通过邮件发送，请按时参加。,"[""培训计划"", ""已发送邮箱"", ""按时参加""]","[""说明计划完成"", ""强调发送方式"", ""强调参与要求""]",,
302,task,angry,这个设计稿是谁审核的？！啊？！完全偏离品牌规范！嗯...颜色字体全错了！啊...重做！明天早上我要看到新稿！,这个设计稿是谁审核的？！完全偏离品牌规范！颜色字体全错了！重做！明天早上我要看到新稿！,设计稿严重偏离品牌规范，责令重做并于明早提交新稿。,"[""偏离规范"", ""全错了"", ""明天早上""]","[""指出严重错误"", ""强调错误范围"", ""给出紧迫时限""]",,
303,chitchat,happy,太开心了！嗯...我儿子足球比赛拿了冠军！啊...还是最佳射手！呃...作为家长太骄傲了！,太开心了！我儿子足球比赛拿了冠军！还是最佳射手！作为家长太骄傲了！,我儿子在足球比赛中获得冠军及最佳射手，作为家长感到非常自豪。,"[""拿了冠军"", ""最佳射手"", ""太骄傲""]","[""宣布比赛成绩"", ""强调个人荣誉"", ""表达父母自豪""]",,
304,notice,surprised,意外通知：嗯...公司刚刚获得行业创新大奖！啊...这个奖项含金量很高！呃...技术团队功不可没！,意外通知：公司刚刚获得行业创新大奖！这个奖项含金量很高！技术团队功不可没！,公司意外获得含金量高的行业创新大奖，表彰技术团队的贡献。,"[""创新大奖"", ""含金量高"", ""功不可没""]","[""宣布重要奖项"", ""强调奖项价值"", ""表扬功臣""]",,
305,task,fearful,紧急！系统出现安全漏洞！嗯...可能影响用户隐私！啊...立即组织修复！呃...安全团队全员响应！,紧急！系统出现安全漏洞！可能影响用户隐私！立即组织修复！安全团队全员响应！,系统发现安全漏洞可能危及用户隐私，要求立即修复，安全团队紧急响应。,"[""安全漏洞"", ""用户隐私"", ""立即修复""]","[""宣告安全危机"", ""说明潜在风险"", ""要求紧急行动""]",,
306,chitchat,sad,我养了十二年的狗狗今天走了...嗯...它就像家人一样...啊...心里特别难受...,我养了十二年的狗狗今天走了...它就像家人一样...心里特别难受...,我饲养十二年的爱犬去世，感到非常伤心。,"[""十二年"", ""像家人一样"", ""特别难受""]","[""强调时间感情"", ""比喻亲密关系"", ""表达悲伤程度""]",,
307,notice,disgusted,再次警告：嗯...发现有人在办公室吃味道重的食物！啊...严重影响他人工作！呃...再发现将进行处理！,再次警告：发现有人在办公室吃味道重的食物！严重影响他人工作！再发现将进行处理！,再次警告在办公室食用气味重食物行为，强调其对他人影响并表示将处理。,"[""味道重食物"", ""严重影响"", ""进行处理""]","[""指出违规行为"", ""说明负面影响"", ""警告处理措施""]",,
308,task,calm,各位项目经理注意：嗯...请于本周五前提交项目进度报告，啊...需要包含详细的数据分析。呃...务必认真完成。,各位项目经理注意：请于本周五前提交项目进度报告，需要包含详细的数据分析。务必认真完成。,要求项目经理于周五前提交包含详细数据分析的项目进度报告。,"[""本周五前"", ""数据分析"", ""务必认真""]","[""明确时间要求"", ""强调内容要求"", ""强调态度要求""]",,
309,chitchat,surprised,我的天！你猜我遇到谁了？嗯...高中时的班主任！啊...十五年没见了！呃...居然在客户公司遇到了！,我的天！你猜我遇到谁了？高中时的班主任！十五年没见了！居然在客户公司遇到了！,我意外在客户公司遇到十五年未见的高中班主任，感到非常惊讶。,"[""高中班主任"", ""十五年没见"", ""客户公司""]","[""强调人物关系"", ""强调时间跨度"", ""强调相遇地点意外性""]",,
310,notice,happy,好消息分享：嗯...公司决定增设休息区！啊...为员工提供放松空间！呃...预计下月投入使用！,好消息分享：公司决定增设休息区！为员工提供放松空间！预计下月投入使用！,公司决定增设休息区为员工提供放松空间，预计下月投入使用。,"[""增设休息区"", ""放松空间"", ""下月使用""]","[""宣布福利设施"", ""说明功能用途"", ""给出时间计划""]",,
311,task,angry,这个产品质量怎么回事？！啊？！客户退货率高达20%！嗯...质检部门在做什么？！啊...全部返工！停产检查！,这个产品质量怎么回事？！客户退货率高达20%！质检部门在做什么？！全部返工！停产检查！,产品退货率高达20%，质疑质检工作，要求全部返工并停产检查。,"[""退货率20%"", ""在做什么"", ""停产检查""]","[""用数据说明问题严重性"", ""质疑部门工作"", ""要求严厉措施""]",,
312,chitchat,fearful,我刚接到一个电话...嗯...说我涉嫌金融诈骗...啊...要求我配合资金审查...呃...应该是诈骗吧？好可怕...,我刚接到一个电话...说我涉嫌金融诈骗...要求我配合资金审查...应该是诈骗吧？好可怕...,我接到冒充公安的诈骗电话要求配合资金审查，感到害怕。,"[""金融诈骗"", ""资金审查"", ""好可怕""]","[""描述诈骗内容"", ""说明对方要求"", ""表达恐惧心理""]",,
313,notice,sad,沉痛通知：嗯...我们尊敬的老师傅陈师傅，啊...因突发心脏病不幸离世。呃...追悼会安排在本周五上午。,沉痛通知：我们尊敬的老师傅陈师傅，因突发心脏病不幸离世。追悼会安排在本周五上午。,沉痛告知老师傅陈师傅因突发心脏病去世，追悼会定于本周五上午举行。,"[""突发心脏病"", ""不幸离世"", ""追悼会""]","[""说明死因"", ""宣布死讯"", ""告知后续安排""]",,
314,task,disgusted,啧，这个供应商又延迟交货！嗯...信用太差了！啊...立即更换供应商！呃...永不合作！,啧，这个供应商又延迟交货！信用太差了！立即更换供应商！永不合作！,因供应商再次延迟交货，决定立即更换并永不合作。,"[""又延迟"", ""信用太差"", ""更换供应商""]","[""强调问题重复"", ""评价信用"", ""做出更换决定""]",,
315,chitchat,calm,我觉得这个技术问题虽然复杂，嗯...但只要团队协作，啊...一定能找到解决方案的。呃...大家保持信心。,我觉得这个技术问题虽然复杂，但只要团队协作，一定能找到解决方案的。大家保持信心。,我认为技术问题虽复杂但可通过团队协作解决，鼓励大家保持信心。,"[""虽然复杂"", ""团队协作"", ""保持信心""]","[""承认困难"", ""强调协作重要性"", ""鼓舞士气""]",,
316,notice,surprised,意外好消息：嗯...公司意外获得重大专利授权！啊...这将极大提升技术竞争力！呃...研发部值得表扬！,意外好消息：公司意外获得重大专利授权！这将极大提升技术竞争力！研发部值得表扬！,公司意外获得重大专利授权，将显著提升技术竞争力，表彰研发部。,"[""重大专利"", ""提升竞争力"", ""值得表扬""]","[""强调专利重要性"", ""说明战略意义"", ""表扬贡献部门""]",,
317,task,fearful,紧急！服务器遭受网络攻击！嗯...网站访问异常卡顿！啊...立即启动防护措施！呃...安全团队全力应对！,紧急！服务器遭受网络攻击！网站访问异常卡顿！立即启动防护措施！安全团队全力应对！,服务器遭受网络攻击导致网站访问卡顿，要求立即启动防护，安全团队全力应对。,"[""网络攻击"", ""异常卡顿"", ""启动防护""]","[""说明攻击类型"", ""描述影响"", ""要求防护措施""]",,
318,chitchat,happy,太棒了！我女儿美术比赛获得特等奖！嗯...评委说她的作品很有创意！啊...作为父母太自豪了！,太棒了！我女儿美术比赛获得特等奖！评委说她的作品很有创意！作为父母太自豪了！,我女儿在美术比赛中获得特等奖并获得评委高度评价，作为父母感到非常自豪。,"[""特等奖"", ""很有创意"", ""太自豪""]","[""宣布比赛成绩"", ""分享评委评价"", ""表达父母自豪""]",,
319,notice,angry,最后警告：嗯...发现有人私自复制公司资料！啊...这是严重违规行为！呃...再发现立即开除并追究责任！,最后警告：发现有人私自复制公司资料！这是严重违规行为！再发现立即开除并追究责任！,最后警告私自复制公司资料行为，强调其严重违规性质并表示将立即开除并追究责任。,"[""私自复制资料"", ""严重违规"", ""追究责任""]","[""指出具体违规"", ""定性严重性"", ""警告严重后果""]",,
320,task,sad,很遗憾...嗯...我们这个项目因为资源不足不得不暂停...啊...大家辛苦了这么久...呃...先休息调整吧...,很遗憾...我们这个项目因为资源不足不得不暂停...大家辛苦了这么久...先休息调整吧...,遗憾告知项目因资源不足暂停，感谢大家付出并建议休息调整。,"[""资源不足"", ""不得不暂停"", ""休息调整""]","[""说明暂停原因"", ""表达无奈"", ""建议应对方式""]",,
321,chitchat,disgusted,我真受不了那个同事！嗯...整天推诿扯皮不干活！啊...团队效率都被拉低了！呃...看着就烦！,我真受不了那个同事！整天推诿扯皮不干活！团队效率都被拉低了！看着就烦！,我对同事推诿扯皮影响团队效率的行为感到厌恶。,"[""推诿扯皮"", ""不干活"", ""效率拉低""]","[""批评具体行为"", ""说明工作态度"", ""说明负面影响""]",,
322,notice,calm,重要通知：嗯...公司将于下月进行内部审计，啊...请各部门提前整理好相关文件。呃...确保审计顺利进行。,重要通知：公司将于下月进行内部审计，请各部门提前整理好相关文件。确保审计顺利进行。,通知：下月将进行内部审计，请各部门提前整理文件确保顺利进行。,"[""内部审计"", ""提前整理"", ""顺利进行""]","[""说明审计类型"", ""要求准备工作"", ""强调目标""]",,
323,task,surprised,哇！刚刚收到消息，嗯...我们的产品获得国际质量认证！啊...完全出乎意料！呃...质量部立大功了！,哇！刚刚收到消息，我们的产品获得国际质量认证！完全出乎意料！质量部立大功了！,惊喜得知产品获得国际质量认证，表彰质量部的突出贡献。,"[""国际认证"", ""出乎意料"", ""立大功""]","[""宣布重要认证"", ""表达意外"", ""表扬功臣""]",,
324,chitchat,fearful,我刚在家听到奇怪的声音...嗯...像是窗户被撬的声音...啊...现在很害怕...呃...要不要报警？,我刚在家听到奇怪的声音...像是窗户被撬的声音...现在很害怕...要不要报警？,我在家中听到疑似撬窗声，感到害怕且犹豫是否报警。,"[""奇怪声音"", ""窗户被撬"", ""很害怕""]","[""描述可疑现象"", ""具体说明怀疑"", ""表达恐惧心理""]",,
325,notice,happy,开心宣布：嗯...公司决定为员工提供免费健身卡！啊...可以在合作健身房使用！呃...欢迎大家积极健身！,开心宣布：公司决定为员工提供免费健身卡！可以在合作健身房使用！欢迎大家积极健身！,公司将为员工提供免费健身卡，可在合作健身房使用，鼓励积极健身。,"[""免费健身卡"", ""合作健身房"", ""积极健身""]","[""宣布福利"", ""说明使用范围"", ""鼓励参与""]",,
326,task,angry,这个报价单是谁做的？！啊？！成本计算严重错误！嗯...这种低级失误！啊...重新计算！一小时内我要正确版本！,这个报价单是谁做的？！成本计算严重错误！这种低级失误！重新计算！一小时内我要正确版本！,报价单成本计算严重错误，责令一小时内重新计算并提交正确版本。,"[""计算错误"", ""低级失误"", ""一小时内""]","[""指出严重问题"", ""批评错误性质"", ""给出紧急时限""]",,
327,chitchat,sad,我奶奶病情加重了...嗯...需要住院治疗...啊...我现在心情很沉重...,我奶奶病情加重了...需要住院治疗...我现在心情很沉重...,我因奶奶病情加重需住院治疗而感到心情沉重。,"[""病情加重"", ""住院治疗"", ""很沉重""]","[""说明亲人状况"", ""表达治疗需要"", ""描述心理状态""]",,
328,notice,disgusted,恶心！嗯...又在厨房发现发霉食品！啊...请自觉清理冰箱！呃...再发现全部丢弃！,恶心！又在厨房发现发霉食品！请自觉清理冰箱！再发现全部丢弃！,谴责在厨房存放发霉食品行为，要求自觉清理否则将全部丢弃。,"[""发霉食品"", ""自觉清理"", ""全部丢弃""]","[""描述令人厌恶的现象"", ""提出要求"", ""警告处理措施""]",,
329,task,calm,各位注意：嗯...新的财务系统已上线，啊...请于本周内完成学习使用。呃...旧系统将停止服务。,各位注意：新的财务系统已上线，请于本周内完成学习使用。旧系统将停止服务。,通知新财务系统已上线，要求本周内学会使用，旧系统将停用。,"[""新系统上线"", ""本周内学习"", ""停止服务""]","[""宣布新系统"", ""给出学习时限"", ""说明过渡安排""]",,
330,chitchat,surprised,我的天！你猜我刚看到什么？嗯...公司总裁在员工食堂吃饭！啊...这也太亲民了吧！,我的天！你猜我刚看到什么？公司总裁在员工食堂吃饭！这也太亲民了吧！,我惊讶看到总裁在员工食堂用餐，认为其十分亲民。,"[""公司总裁"", ""食堂吃饭"", ""太亲民""]","[""强调人物身份"", ""描述行为"", ""表达正面评价""]",,
331,notice,fearful,紧急预警：嗯...气象台发布暴雨红色预警，啊...预计今晚有特大暴雨。呃...请大家尽量减少外出，注意安全！,紧急预警：气象台发布暴雨红色预警，预计今晚有特大暴雨。请大家尽量减少外出，注意安全！,紧急：发布暴雨红色预警，今晚有特大暴雨，建议减少外出注意安全。,"[""暴雨预警"", ""特大暴雨"", ""减少外出""]","[""说明预警级别"", ""强调天气严重性"", ""给出安全建议""]",,
332,task,happy,好消息！嗯...客户对我们的产品非常满意！啊...决定增加订单量！呃...生产部加油！,好消息！客户对我们的产品非常满意！决定增加订单量！生产部加油！,客户高度满意产品并决定增加订单量，鼓励生产部努力。,"[""非常满意"", ""增加订单"", ""加油""]","[""分享正面反馈"", ""宣布订单增加"", ""给予鼓励""]",,
333,chitchat,angry,气死我了！嗯...快递又未经同意放代收点！啊...明明要求送货上门的！呃...投诉！必须投诉！,气死我了！快递又未经同意放代收点！明明要求送货上门的！投诉！必须投诉！,我因快递未按要求的送货上门而感到愤怒，决定投诉。,"[""未经同意"", ""要求上门"", ""必须投诉""]","[""强调违规行为"", ""说明明确要求"", ""表达投诉决心""]",,
334,notice,sad,沉重通知：嗯...我们同事小刘的父亲不幸病逝，啊...公司表示深切哀悼。呃...如有想去悼念的同事请联系部门经理。,沉重通知：我们同事小刘的父亲不幸病逝，公司表示深切哀悼。如有想去悼念的同事请联系部门经理。,沉痛通知同事小刘父亲病逝，公司表示哀悼，欲悼念者请联系部门经理。,"[""不幸病逝"", ""深切哀悼"", ""联系经理""]","[""委婉宣布死讯"", ""表达公司态度"", ""提供联系途径""]",,
335,task,disgusted,啧，这个合作伙伴诚信缺失！嗯...多次违约不守信用！啊...立即终止所有合作！呃...永不往来！,啧，这个合作伙伴诚信缺失！多次违约不守信用！立即终止所有合作！永不往来！,因合作伙伴多次违约失信，决定立即终止所有合作并不再往来。,"[""诚信缺失"", ""多次违约"", ""终止合作""]","[""批评信用问题"", ""说明具体问题"", ""做出决断""]",,
336,chitchat,calm,我觉得这个市场变化虽然突然，嗯...但只要冷静分析，啊...总能找到应对策略的。呃...不用慌乱。,我觉得这个市场变化虽然突然，但只要冷静分析，总能找到应对策略的。不用慌乱。,我认为市场变化虽突然但可通过冷静分析应对，建议不必慌乱。,"[""虽然突然"", ""冷静分析"", ""不用慌乱""]","[""承认变化突然"", ""提供方法"", ""安抚情绪""]",,
337,notice,surprised,意外喜讯：嗯...公司意外获得政府重点支持！啊...资金支持力度很大！呃...这将促进公司快速发展！,意外喜讯：公司意外获得政府重点支持！资金支持力度很大！这将促进公司快速发展！,公司意外获得政府重点支持且资金力度很大，将促进快速发展。,"[""政府支持"", ""力度很大"", ""促进发展""]","[""宣布政策利好"", ""说明支持力度"", ""说明战略意义""]",,
338,task,fearful,紧急！数据库出现严重故障！嗯...可能导致数据丢失！啊...立即组织备份恢复！呃...技术团队全员紧急处理！,紧急！数据库出现严重故障！可能导致数据丢失！立即组织备份恢复！技术团队全员紧急处理！,数据库出现严重故障可能造成数据丢失，要求立即备份恢复，技术团队紧急处理。,"[""严重故障"", ""数据丢失"", ""备份恢复""]","[""宣告技术危机"", ""说明潜在风险"", ""要求紧急措施""]",,
339,chitchat,happy,太开心了！嗯...我妻子怀孕了！啊...我们要当父母了！呃...真的是天大的好消息！,太开心了！我妻子怀孕了！我们要当父母了！真的是天大的好消息！,我妻子怀孕，我们将成为父母，感到非常幸福。,"[""怀孕了"", ""当父母了"", ""天大的好消息""]","[""宣布喜讯"", ""说明身份转变"", ""表达幸福程度""]",,
340,notice,angry,严正警告：嗯...发现有人工作时间玩游戏！啊...这是严重违纪行为！呃...再发现直接扣除当月绩效！,严正警告：发现有人工作时间玩游戏！这是严重违纪行为！再发现直接扣除当月绩效！,严正警告工作时间玩游戏行为，再犯将扣除当月绩效。,"[""工作时间玩游戏"", ""严重违纪"", ""扣除绩效""]","[""指出具体违规"", ""定性严重性"", ""警告经济处罚""]",,
341,task,sad,很抱歉...嗯...我们这个项目因为政策调整不得不终止...啊...大家付出了这么多...呃...先休息调整吧...,很抱歉...我们这个项目因为政策调整不得不终止...大家付出了这么多...先休息调整吧...,遗憾告知项目因政策调整终止，感谢大家付出并建议休息调整。,"[""政策调整"", ""不得不终止"", ""休息调整""]","[""说明终止原因"", ""表达无奈"", ""建议应对方式""]",,
342,chitchat,disgusted,我真受不了那个邻居！嗯...整天制造噪音影响休息！啊...沟通多次无效！呃...要报警处理了！,我真受不了那个邻居！整天制造噪音影响休息！沟通多次无效！要报警处理了！,我对邻居制造噪音且沟通无效的行为感到厌恶，决定报警处理。,"[""制造噪音"", ""沟通无效"", ""报警处理""]","[""批评扰民行为"", ""说明沟通失败"", ""表达升级处理决心""]",,
343,notice,calm,重要通知：嗯...公司年度考核即将开始，啊...请各位准备好相关材料。呃...确保考核顺利进行。,重要通知：公司年度考核即将开始，请各位准备好相关材料。确保考核顺利进行。,通知：年度考核即将开始，请准备好相关材料确保顺利进行。,"[""年度考核"", ""准备好材料"", ""顺利进行""]","[""说明考核事项"", ""要求准备工作"", ""强调目标""]",,
344,task,surprised,哇！刚刚得知，嗯...我们的技术获得国家专利！啊...完全没想到！呃...研发团队太优秀了！,哇！刚刚得知，我们的技术获得国家专利！完全没想到！研发团队太优秀了！,惊喜得知技术获得国家专利，表彰研发团队的优秀表现。,"[""国家专利"", ""完全没想到"", ""太优秀""]","[""宣布重要专利"", ""表达意外"", ""表扬团队""]",,
345,chitchat,fearful,我刚接到一个电话...嗯...说我账户存在风险...啊...要求我立即转账到安全账户...呃...应该是诈骗吧？好吓人...,我刚接到一个电话...说我账户存在风险...要求我立即转账到安全账户...应该是诈骗吧？好吓人...,我接到冒充银行的诈骗电话要求转账到安全账户，感到害怕。,"[""账户风险"", ""转账安全账户"", ""好吓人""]","[""描述诈骗内容"", ""说明对方要求"", ""表达恐惧心理""]",,
346,notice,happy,开心分享：嗯...公司决定为员工提供免费体检！啊...关爱员工身体健康！呃...详情见内部通知！,开心分享：公司决定为员工提供免费体检！关爱员工身体健康！详情见内部通知！,公司将为员工提供免费体检，关爱员工身体健康，详情见通知。,"[""免费体检"", ""关爱健康"", ""详情见通知""]","[""宣布福利"", ""强调关怀目的"", ""指引详细信息""]",,
347,task,angry,这个方案是谁做的？！啊？！完全不符合客户要求！嗯...这种质量不能接受！啊...重新制作！今天必须完成！,这个方案是谁做的？！完全不符合客户要求！这种质量不能接受！重新制作！今天必须完成！,方案完全不符合客户要求，责令今日内重新制作。,"[""不符合要求"", ""不能接受"", ""今天必须""]","[""指出严重问题"", ""表达不满态度"", ""给出紧急时限""]",,
348,chitchat,sad,我父亲住院了...嗯...需要手术治疗...啊...我现在很担心...呃...希望手术顺利...,我父亲住院了...需要手术治疗...我现在很担心...希望手术顺利...,我因父亲住院需要手术而感到担心，希望手术顺利。,"[""住院了"", ""手术治疗"", ""很担心""]","[""说明亲人状况"", ""表达治疗需要"", ""流露担忧情绪""]",,
349,notice,disgusted,恶心！嗯...又在公共区域发现垃圾！啊...请自觉维护环境卫生！呃...再发现将进行处罚！,恶心！又在公共区域发现垃圾！请自觉维护环境卫生！再发现将进行处罚！,谴责在公共区域乱扔垃圾行为，要求自觉维护环境否则将处罚。,"[""发现垃圾"", ""维护环境卫生"", ""进行处罚""]","[""描述不文明现象"", ""提出要求"", ""警告处罚措施""]",,
350,task,calm,各位注意：嗯...新的管理系统已上线，啊...请于本周内完成学习使用。呃...旧系统将停止服务。,各位注意：新的管理系统已上线，请于本周内完成学习使用。旧系统将停止服务。,通知新管理系统已上线，要求本周内学会使用，旧系统将停用。,"[""新系统上线"", ""本周内学习"", ""停止服务""]","[""宣布新系统"", ""给出学习时限"", ""说明过渡安排""]",,
351,chitchat,surprised,我的天！你猜我刚遇到谁了？嗯...大学时的导师！啊...十年没见了！呃...居然在会议上遇到了！,我的天！你猜我刚遇到谁了？大学时的导师！十年没见了！居然在会议上遇到了！,我意外在会议上遇到十年未见的大学导师，感到非常惊讶。,"[""大学导师"", ""十年没见"", ""会议上遇到""]","[""强调人物关系"", ""强调时间跨度"", ""强调相遇地点意外性""]",,
352,notice,fearful,紧急预警：嗯...附近发生化学品泄漏，啊...请立即关闭门窗避免外出！呃...等待进一步通知！,紧急预警：附近发生化学品泄漏，请立即关闭门窗避免外出！等待进一步通知！,紧急：附近发生化学品泄漏，请关闭门窗避免外出，等待进一步通知。,"[""化学品泄漏"", ""关闭门窗"", ""避免外出""]","[""说明事故性质"", ""给出防护措施"", ""要求等待指令""]",,
353,task,happy,好消息！嗯...客户对我们的服务非常满意！啊...决定长期合作！呃...继续努力！,好消息！客户对我们的服务非常满意！决定长期合作！继续努力！,客户高度满意服务并决定长期合作，鼓励继续努力。,"[""非常满意"", ""长期合作"", ""继续努力""]","[""分享正面反馈"", ""宣布合作延续"", ""给予鼓励""]",,
354,chitchat,angry,气死我了！嗯...装修公司又拖延工期！啊...严重影响入住计划！呃...要追究违约责任！,气死我了！装修公司又拖延工期！严重影响入住计划！要追究违约责任！,我因装修公司多次拖延工期影响计划而感到愤怒，决定追究责任。,"[""又拖延"", ""严重影响"", ""追究责任""]","[""强调问题重复"", ""说明实际影响"", ""表达维权决心""]",,
355,notice,sad,沉重通知：嗯...我们同事老王的妻子不幸病逝，啊...公司表示深切哀悼。呃...如有想去慰问的同事请联系工会。,沉重通知：我们同事老王的妻子不幸病逝，公司表示深切哀悼。如有想去慰问的同事请联系工会。,沉痛通知同事老王妻子病逝，公司表示哀悼，欲慰问者请联系工会。,"[""不幸病逝"", ""深切哀悼"", ""联系工会""]","[""委婉宣布死讯"", ""表达公司态度"", ""提供联系途径""]",,
356,task,disgusted,啧，这个供应商质量极差！嗯...多次警告仍不改进！啊...立即终止所有合作！呃...永不往来！,啧，这个供应商质量极差！多次警告仍不改进！立即终止所有合作！永不往来！,因供应商质量极差且多次警告无效，决定立即终止所有合作并不再往来。,"[""质量极差"", ""警告无效"", ""终止合作""]","[""批评质量问题"", ""说明沟通无效"", ""做出决断""]",,
357,chitchat,calm,我觉得这个业务挑战虽然艰巨，嗯...但只要团队共同努力，啊...一定能找到突破口的。呃...大家保持信心。,我觉得这个业务挑战虽然艰巨，但只要团队共同努力，一定能找到突破口的。大家保持信心。,我认为业务挑战虽艰巨但可通过团队协作找到突破口，鼓励大家保持信心。,"[""虽然艰巨"", ""共同努力"", ""保持信心""]","[""承认难度"", ""强调协作重要性"", ""鼓舞士气""]",,
358,notice,surprised,意外好消息：嗯...公司意外获得行业巨头投资！啊...这将极大提升市场地位！呃...市场部立大功了！,意外好消息：公司意外获得行业巨头投资！这将极大提升市场地位！市场部立大功了！,公司意外获得行业巨头投资将显著提升市场地位，表彰市场部。,"[""行业巨头投资"", ""提升市场地位"", ""立大功""]","[""宣布重要投资"", ""说明战略意义"", ""表扬功臣""]",,
359,task,fearful,紧急！系统遭受恶意攻击！嗯...重要数据可能泄露！啊...立即启动应急响应！呃...安全团队全力抢救！,紧急！系统遭受恶意攻击！重要数据可能泄露！立即启动应急响应！安全团队全力抢救！,系统遭受恶意攻击可能导致数据泄露，要求立即启动应急响应，安全团队全力抢救。,"[""恶意攻击"", ""数据泄露"", ""应急响应""]","[""说明攻击性质"", ""描述严重危害"", ""要求紧急措施""]",,
360,chitchat,happy,太棒了！我女儿数学竞赛获得一等奖！嗯...老师说她很有天赋！啊...作为父母太自豪了！,太棒了！我女儿数学竞赛获得一等奖！老师说她很有天赋！作为父母太自豪了！,我女儿在数学竞赛中获得一等奖并获得老师高度评价，作为父母感到非常自豪。,"[""一等奖"", ""很有天赋"", ""太自豪""]","[""宣布比赛成绩"", ""分享老师评价"", ""表达父母自豪""]",,
361,notice,angry,最后警告：嗯...发现有人私自外传公司文件！啊...这是严重违规！呃...再发现立即开除并追究责任！,最后警告：发现有人私自外传公司文件！这是严重违规！再发现立即开除并追究责任！,最后警告私自外传公司文件行为，强调其严重违规性质并表示将立即开除并追究责任。,"[""私自外传文件"", ""严重违规"", ""追究责任""]","[""指出具体违规"", ""定性严重性"", ""警告严重后果""]",,
362,task,sad,很遗憾...嗯...我们这个项目因为市场变化不得不暂停...啊...大家辛苦了这么久...呃...先休息调整吧...,很遗憾...我们这个项目因为市场变化不得不暂停...大家辛苦了这么久...先休息调整吧...,遗憾告知项目因市场变化暂停，感谢大家付出并建议休息调整。,"[""市场变化"", ""不得不暂停"", ""休息调整""]","[""说明暂停原因"", ""表达无奈"", ""建议应对方式""]",,
363,chitchat,disgusted,我真受不了那个同事！嗯...整天挑拨离间制造矛盾！啊...团队和谐都被破坏了！呃...看着就生气！,我真受不了那个同事！整天挑拨离间制造矛盾！团队和谐都被破坏了！看着就生气！,我对同事挑拨离间破坏团队和谐的行为感到厌恶。,"[""挑拨离间"", ""制造矛盾"", ""和谐破坏""]","[""批评具体行为"", ""说明负面影响"", ""表达愤怒情绪""]",,
364,notice,calm,重要通知：嗯...公司将于下月进行体系审核，啊...请各部门提前准备好相关文件。呃...确保审核顺利通过。,重要通知：公司将于下月进行体系审核，请各部门提前准备好相关文件。确保审核顺利通过。,通知：下月将进行体系审核，请各部门提前准备文件确保通过。,"[""体系审核"", ""提前准备"", ""顺利通过""]","[""说明审核类型"", ""要求准备工作"", ""强调目标""]",,
365,task,surprised,哇！刚刚收到消息，嗯...我们的产品获得国际设计奖！啊...完全出乎意料！呃...设计团队太棒了！,哇！刚刚收到消息，我们的产品获得国际设计奖！完全出乎意料！设计团队太棒了！,惊喜得知产品获得国际设计奖，表彰设计团队的优秀表现。,"[""国际设计奖"", ""出乎意料"", ""太棒了""]","[""宣布高级别奖项"", ""表达意外"", ""表扬团队""]",,
366,chitchat,fearful,我刚接到一个电话...嗯...说我涉嫌违法操作...啊...要求我配合调查...呃...应该是诈骗吧？好可怕...,我刚接到一个电话...说我涉嫌违法操作...要求我配合调查...应该是诈骗吧？好可怕...,我接到冒充公安的诈骗电话要求配合调查，感到害怕。,"[""涉嫌违法"", ""配合调查"", ""好可怕""]","[""描述诈骗内容"", ""说明对方要求"", ""表达恐惧心理""]",,
367,notice,happy,开心宣布：嗯...公司决定为员工提供免费午餐！啊...每周一至周五提供！呃...欢迎大家享用！,开心宣布：公司决定为员工提供免费午餐！每周一至周五提供！欢迎大家享用！,公司将为员工提供每周一至周五的免费午餐，欢迎享用。,"[""免费午餐"", ""周一至周五"", ""欢迎大家""]","[""宣布福利"", ""明确提供时间"", ""热情邀请""]",,
368,task,angry,这个报告是谁写的？！啊？！数据严重失实！嗯...这种质量不能接受！啊...重新撰写！今天必须完成！,这个报告是谁写的？！数据严重失实！这种质量不能接受！重新撰写！今天必须完成！,报告数据严重失实，责令今日内重新撰写。,"[""数据失实"", ""不能接受"", ""今天必须""]","[""指出严重问题"", ""表达不满态度"", ""给出紧急时限""]",,
369,chitchat,sad,我好朋友确诊重病...嗯...需要长期治疗...啊...我心里很难过...呃...希望能陪她度过难关...,我好朋友确诊重病...需要长期治疗...我心里很难过...希望能陪她度过难关...,我因好友确诊重病需长期治疗而感到难过，希望陪伴支持。,"[""确诊重病"", ""长期治疗"", ""很难过""]","[""说明朋友状况"", ""表达治疗艰难"", ""流露悲伤情绪""]",,
370,notice,disgusted,恶心！嗯...又在卫生间发现烟头！啊...明明禁止吸烟的！呃...再发现追究责任！,恶心！又在卫生间发现烟头！明明禁止吸烟的！再发现追究责任！,谴责在卫生间吸烟行为，强调禁令并表示将追究责任。,"[""发现烟头"", ""禁止吸烟"", ""追究责任""]","[""描述违规证据"", ""强调禁令"", ""警告追究责任""]",,
371,task,calm,各位注意：嗯...新的办公系统已上线，啊...请于本周内完成学习使用。呃...旧系统将停止服务。,各位注意：新的办公系统已上线，请于本周内完成学习使用。旧系统将停止服务。,通知新办公系统已上线，要求本周内学会使用，旧系统将停用。,"[""新系统上线"", ""本周内学习"", ""停止服务""]","[""宣布新系统"", ""给出学习时限"", ""说明过渡安排""]",,
372,chitchat,surprised,我的天！你猜我刚看到什么？嗯...公司董事长在员工餐厅排队！啊...这也太接地气了吧！,我的天！你猜我刚看到什么？公司董事长在员工餐厅排队！这也太接地气了吧！,我惊讶看到董事长在员工餐厅排队，认为其十分接地气。,"[""公司董事长"", ""员工餐厅排队"", ""太接地气""]","[""强调人物身份"", ""描述行为"", ""表达正面评价""]",,
373,notice,fearful,紧急预警：嗯...气象台发布台风预警，啊...预计明后两天有特大暴雨。呃...请大家尽量减少外出，注意安全！,紧急预警：气象台发布台风预警，预计明后两天有特大暴雨。请大家尽量减少外出，注意安全！,紧急：发布台风预警，明后两天有特大暴雨，建议减少外出注意安全。,"[""台风预警"", ""特大暴雨"", ""减少外出""]","[""说明预警级别"", ""强调天气严重性"", ""给出安全建议""]",,
374,task,happy,好消息！嗯...客户对我们的产品非常满意！啊...决定扩大合作范围！呃...继续努力！,好消息！客户对我们的产品非常满意！决定扩大合作范围！继续努力！,客户高度满意产品并决定扩大合作范围，鼓励继续努力。,"[""非常满意"", ""扩大合作"", ""继续努力""]","[""分享正面反馈"", ""宣布合作扩展"", ""给予鼓励""]",,
375,chitchat,angry,气死我了！嗯...物业又擅自进入我家！啊...说是维修但没提前通知！呃...要投诉他们！,气死我了！物业又擅自进入我家！说是维修但没提前通知！要投诉他们！,我因物业未提前通知擅自进入家中而感到愤怒，决定投诉。,"[""擅自进入"", ""没提前通知"", ""要投诉""]","[""批评违规行为"", ""说明问题所在"", ""表达投诉决心""]",,
376,notice,sad,沉重通知：嗯...我们同事老张的母亲不幸病逝，啊...公司表示深切哀悼。呃...如有想去悼念的同事请联系行政部。,沉重通知：我们同事老张的母亲不幸病逝，公司表示深切哀悼。如有想去悼念的同事请联系行政部。,沉痛通知同事老张母亲病逝，公司表示哀悼，欲悼念者请联系行政部。,"[""不幸病逝"", ""深切哀悼"", ""联系行政部""]","[""委婉宣布死讯"", ""表达公司态度"", ""提供联系途径""]",,
377,task,disgusted,啧，这个合作伙伴毫无信誉！嗯...多次失信不履行承诺！啊...立即终止所有合作！呃...永不往来！,啧，这个合作伙伴毫无信誉！多次失信不履行承诺！立即终止所有合作！永不往来！,因合作伙伴多次失信，决定立即终止所有合作并不再往来。,"[""毫无信誉"", ""多次失信"", ""终止合作""]","[""批评信用问题"", ""说明具体问题"", ""做出决断""]",,
378,chitchat,calm,我觉得这个市场机遇虽然难得，嗯...但只要谨慎评估，啊...总能找到合适切入点的。呃...不用急于求成。,我觉得这个市场机遇虽然难得，但只要谨慎评估，总能找到合适切入点的。不用急于求成。,我认为市场机遇虽难得但需谨慎评估寻找合适切入点，建议不必急于求成。,"[""虽然难得"", ""谨慎评估"", ""不用急于求成""]","[""承认机遇价值"", ""提供方法"", ""建议稳健态度""]",,
379,notice,surprised,意外喜讯：嗯...公司意外获得重大政策支持！啊...这将极大降低运营成本！呃...财务部立大功了！,意外喜讯：公司意外获得重大政策支持！这将极大降低运营成本！财务部立大功了！,公司意外获得重大政策支持将显著降低运营成本，表彰财务部。,"[""政策支持"", ""降低运营成本"", ""立大功""]","[""宣布政策利好"", ""说明经济效益"", ""表扬功臣""]",,
380,task,fearful,紧急！服务器遭受严重攻击！嗯...系统运行异常缓慢！啊...立即启动最高级别防护！呃...安全团队全力应对！,紧急！服务器遭受严重攻击！系统运行异常缓慢！立即启动最高级别防护！安全团队全力应对！,服务器遭受严重攻击导致系统运行缓慢，要求立即启动最高防护，安全团队全力应对。,"[""严重攻击"", ""异常缓慢"", ""最高级别防护""]","[""说明攻击严重性"", ""描述影响"", ""要求最强防护措施""]",,
381,chitchat,happy,太开心了！嗯...我妻子顺利生产了！啊...是个健康的宝宝！呃...我们当父母了！,太开心了！我妻子顺利生产了！是个健康的宝宝！我们当父母了！,我妻子顺利生下健康宝宝，我们成为父母，感到非常幸福。,"[""顺利生产"", ""健康宝宝"", ""当父母了""]","[""宣布生产喜讯"", ""强调宝宝健康"", ""表达身份转变的喜悦""]",,
382,notice,angry,严正警告：嗯...发现有人泄露商业机密！啊...这是严重违法行为！呃...再发现立即开除并报警处理！,严正警告：发现有人泄露商业机密！这是严重违法行为！再发现立即开除并报警处理！,严正警告泄露商业机密行为，强调其违法性质并表示将立即开除并报警。,"[""泄露机密"", ""违法行为"", ""报警处理""]","[""指出严重违规"", ""定性法律性质"", ""警告最严厉后果""]",,
383,task,sad,很抱歉...嗯...我们这个项目因为资金问题不得不终止...啊...大家付出了这么多...呃...先休息调整吧...,很抱歉...我们这个项目因为资金问题不得不终止...大家付出了这么多...先休息调整吧...,遗憾告知项目因资金问题终止，感谢大家付出并建议休息调整。,"[""资金问题"", ""不得不终止"", ""休息调整""]","[""说明终止原因"", ""表达无奈"", ""建议应对方式""]",,
384,chitchat,disgusted,我真受不了那个邻居！嗯...整天制造噪音影响休息！啊...沟通多次无效！呃...要报警处理了！,我真受不了那个邻居！整天制造噪音影响休息！沟通多次无效！要报警处理了！,我对邻居制造噪音且沟通无效的行为感到厌恶，决定报警处理。,"[""制造噪音"", ""沟通无效"", ""报警处理""]","[""批评扰民行为"", ""说明沟通失败"", ""表达升级处理决心""]",,
385,notice,calm,重要通知：嗯...公司年度审计即将开始，啊...请各部门提前整理好相关账目。呃...确保审计顺利进行。,重要通知：公司年度审计即将开始，请各部门提前整理好相关账目。确保审计顺利进行。,通知：年度审计即将开始，请各部门提前整理账目确保顺利进行。,"[""年度审计"", ""提前整理"", ""顺利进行""]","[""说明审计事项"", ""要求准备工作"", ""强调目标""]",,
386,task,surprised,哇！刚刚得知，嗯...我们的技术获得国际专利！啊...完全出乎意料！呃...研发团队太优秀了！,哇！刚刚得知，我们的技术获得国际专利！完全出乎意料！研发团队太优秀了！,惊喜得知技术获得国际专利，表彰研发团队的优秀表现。,"[""国际专利"", ""出乎意料"", ""太优秀""]","[""宣布重要专利"", ""表达意外"", ""表扬团队""]",,
387,chitchat,fearful,我刚接到一个电话...嗯...说我账户存在风险...啊...要求我立即转账到安全账户...呃...应该是诈骗吧？好吓人...,我刚接到一个电话...说我账户存在风险...要求我立即转账到安全账户...应该是诈骗吧？好吓人...,我接到冒充银行的诈骗电话要求转账到安全账户，感到害怕。,"[""账户风险"", ""转账安全账户"", ""好吓人""]","[""描述诈骗内容"", ""说明对方要求"", ""表达恐惧心理""]",,
388,notice,happy,开心分享：嗯...公司决定为员工提供免费心理咨询！啊...关爱员工心理健康！呃...详情见内部邮件！,开心分享：公司决定为员工提供免费心理咨询！关爱员工心理健康！详情见内部邮件！,公司将为员工提供免费心理咨询服务，关爱员工心理健康，详情见邮件。,"[""心理咨询"", ""关爱心理健康"", ""详情见邮件""]","[""宣布福利服务"", ""强调关怀目的"", ""指引详细信息""]",,
389,task,angry,这个方案是谁做的？！啊？！完全不符合客户要求！嗯...这种质量不能接受！啊...重新制作！今天必须完成！,这个方案是谁做的？！完全不符合客户要求！这种质量不能接受！重新制作！今天必须完成！,方案完全不符合客户要求，责令今日内重新制作。,"[""不符合要求"", ""不能接受"", ""今天必须""]","[""指出严重问题"", ""表达不满态度"", ""给出紧急时限""]",,
390,chitchat,sad,我父亲住院了...嗯...需要做手术...啊...我现在很担心...呃...希望手术顺利...,我父亲住院了...需要做手术...我现在很担心...希望手术顺利...,我因父亲住院需要手术而感到担心，希望手术顺利。,"[""住院了"", ""需要手术"", ""很担心""]","[""说明亲人状况"", ""表达治疗需要"", ""流露担忧情绪""]",,
391,notice,disgusted,恶心！嗯...又在公共区域发现垃圾！啊...请自觉维护环境卫生！呃...再发现将进行处罚！,恶心！又在公共区域发现垃圾！请自觉维护环境卫生！再发现将进行处罚！,谴责在公共区域乱扔垃圾行为，要求自觉维护环境否则将处罚。,"[""发现垃圾"", ""维护环境卫生"", ""进行处罚""]","[""描述不文明现象"", ""提出要求"", ""警告处罚措施""]",,
392,task,calm,各位注意：嗯...新的项目管理系统已上线，啊...请于本周内完成学习使用。呃...旧系统将停止服务。,各位注意：新的项目管理系统已上线，请于本周内完成学习使用。旧系统将停止服务。,通知新项目管理系统已上线，要求本周内学会使用，旧系统将停用。,"[""新系统上线"", ""本周内学习"", ""停止服务""]","[""宣布新系统"", ""给出学习时限"", ""说明过渡安排""]",,
393,chitchat,surprised,我的天！你猜我刚遇到谁了？嗯...十年前的老同事！啊...完全没变样！呃...时间过得真快啊！,我的天！你猜我刚遇到谁了？十年前的老同事！完全没变样！时间过得真快啊！,我意外遇到十年前的老同事，对其容貌未变感到惊讶，感叹时间流逝。,"[""十年前"", ""完全没变样"", ""时间真快""]","[""强调时间跨度"", ""强调外貌变化之小"", ""表达时光感慨""]",,
394,notice,fearful,紧急预警：嗯...附近发生燃气泄漏事故，啊...请立即关闭火源避免明火！呃...等待进一步指令！,紧急预警：附近发生燃气泄漏事故，请立即关闭火源避免明火！等待进一步指令！,紧急：附近发生燃气泄漏事故，请立即关闭火源避免明火，等待进一步指令。,"[""燃气泄漏"", ""关闭火源"", ""避免明火""]","[""说明事故性质"", ""给出紧急措施"", ""要求等待指令""]",,
395,task,happy,好消息！嗯...客户对我们的服务非常满意！啊...决定推荐给其他合作伙伴！呃...继续努力！,好消息！客户对我们的服务非常满意！决定推荐给其他合作伙伴！继续努力！,客户高度满意服务并决定推荐给其他合作伙伴，鼓励继续努力。,"[""非常满意"", ""推荐合作伙伴"", ""继续努力""]","[""分享正面反馈"", ""宣布推荐行为"", ""给予鼓励""]",,
396,chitchat,angry,气死我了！嗯...装修公司又拖延工期！啊...严重影响我的计划！呃...要追究违约责任！,气死我了！装修公司又拖延工期！严重影响我的计划！要追究违约责任！,我因装修公司多次拖延工期影响计划而感到愤怒，决定追究责任。,"[""又拖延"", ""严重影响"", ""追究责任""]","[""强调问题重复"", ""说明实际影响"", ""表达维权决心""]",,
397,notice,sad,沉重通知：嗯...我们同事小赵的配偶不幸病逝，啊...公司表示深切哀悼。呃...如有想去慰问的同事请联系HR。,沉重通知：我们同事小赵的配偶不幸病逝，公司表示深切哀悼。如有想去慰问的同事请联系HR。,沉痛通知同事小赵配偶病逝，公司表示哀悼，欲慰问者请联系HR。,"[""不幸病逝"", ""深切哀悼"", ""联系HR""]","[""委婉宣布死讯"", ""表达公司态度"", ""提供联系途径""]",,
398,task,disgusted,啧，这个供应商质量极差！嗯...多次警告仍不改进！啊...立即终止所有合作！呃...永不往来！,啧，这个供应商质量极差！多次警告仍不改进！立即终止所有合作！永不往来！,因供应商质量极差且多次警告无效，决定立即终止所有合作并不再往来。,"[""质量极差"", ""警告无效"", ""终止合作""]","[""批评质量问题"", ""说明沟通无效"", ""做出决断""]",,
399,chitchat,calm,我觉得这个业务挑战虽然艰巨，嗯...但只要团队共同努力，啊...一定能找到突破口的。呃...大家保持信心。,我觉得这个业务挑战虽然艰巨，但只要团队共同努力，一定能找到突破口的。大家保持信心。,我认为业务挑战虽艰巨但可通过团队协作找到突破口，鼓励大家保持信心。,"[""虽然艰巨"", ""共同努力"", ""保持信心""]","[""承认难度"", ""强调协作重要性"", ""鼓舞士气""]",,
400,notice,surprised,意外好消息：嗯...公司意外获得行业领军企业投资！啊...这将极大提升品牌影响力！呃...市场部立大功了！,意外好消息：公司意外获得行业领军企业投资！这将极大提升品牌影响力！市场部立大功了！,公司意外获得行业领军企业投资将显著提升品牌影响力，表彰市场部。,"[""领军企业投资"", ""提升品牌影响力"", ""立大功""]","[""宣布重要投资"", ""说明战略意义"", ""表扬功臣""]",,
401,notice,calm,各位同事请注意，嗯...公司年度培训计划已发布，啊...具体课程安排详见邮件。呃...请按要求准时参加。,各位同事请注意，公司年度培训计划已发布，具体课程安排详见邮件。请按要求准时参加。,通知：公司年度培训计划已发布，课程安排详见邮件，请准时参加。,"[""培训计划"", ""详见邮件"", ""准时参加""]","[""说明计划发布"", ""强调查看方式"", ""强调时间要求""]",,
402,task,angry,这个设计稿是谁审核的？！啊？！完全不符合品牌标准！嗯...色彩搭配全错了！啊...重做！明天必须交付！,这个设计稿是谁审核的？！完全不符合品牌标准！色彩搭配全错了！重做！明天必须交付！,设计稿严重不符合品牌标准，责令重做并于明日交付。,"[""不符合标准"", ""全错了"", ""明天必须""]","[""指出严重错误"", ""强调错误范围"", ""给出紧迫时限""]",,
403,chitchat,happy,太开心了！嗯...我儿子篮球比赛拿了冠军！啊...还是MVP球员！呃...作为家长太骄傲了！,太开心了！我儿子篮球比赛拿了冠军！还是MVP球员！作为家长太骄傲了！,我儿子在篮球比赛中获得冠军及MVP，作为家长感到非常自豪。,"[""拿了冠军"", ""MVP球员"", ""太骄傲""]","[""宣布比赛成绩"", ""强调个人荣誉"", ""表达父母自豪""]",,
404,notice,surprised,意外通知：嗯...公司刚刚获得行业创新大奖！啊...这个奖项竞争异常激烈！呃...技术团队功不可没！,意外通知：公司刚刚获得行业创新大奖！这个奖项竞争异常激烈！技术团队功不可没！,公司意外获得竞争激烈的行业创新大奖，表彰技术团队的贡献。,"[""创新大奖"", ""竞争激烈"", ""功不可没""]","[""宣布重要奖项"", ""强调获奖难度"", ""表扬功臣""]",,
405,task,fearful,紧急！系统发现安全漏洞！嗯...可能危及用户数据！啊...立即组织修复！呃...安全团队全员响应！,紧急！系统发现安全漏洞！可能危及用户数据！立即组织修复！安全团队全员响应！,系统发现安全漏洞可能危及用户数据，要求立即修复，安全团队紧急响应。,"[""安全漏洞"", ""用户数据"", ""立即修复""]","[""宣告安全危机"", ""说明潜在风险"", ""要求紧急行动""]",,
406,chitchat,sad,我养了十五年的狗狗今天走了...嗯...它就像家人一样...啊...心里特别难受...,我养了十五年的狗狗今天走了...它就像家人一样...心里特别难受...,我饲养十五年的爱犬去世，感到非常伤心。,"[""十五年"", ""像家人一样"", ""特别难受""]","[""强调时间感情"", ""比喻亲密关系"", ""表达悲伤程度""]",,
407,notice,disgusted,再次警告：嗯...发现有人在办公区吃异味食物！啊...严重影响他人工作！呃...再发现将进行处理！,再次警告：发现有人在办公区吃异味食物！严重影响他人工作！再发现将进行处理！,再次警告在办公区食用异味食物行为，强调其对他人影响并表示将处理。,"[""异味食物"", ""严重影响"", ""进行处理""]","[""指出违规行为"", ""说明负面影响"", ""警告处理措施""]",,
408,task,calm,各位项目经理注意：嗯...请于本周五前提交项目总结报告，啊...需要包含详细的数据分析。呃...务必认真完成。,各位项目经理注意：请于本周五前提交项目总结报告，需要包含详细的数据分析。务必认真完成。,要求项目经理于周五前提交包含详细数据分析的项目总结报告。,"[""本周五前"", ""数据分析"", ""务必认真""]","[""明确时间要求"", ""强调内容要求"", ""强调态度要求""]",,
409,chitchat,surprised,我的天！你猜我遇到谁了？嗯...初中时的班主任！啊...二十年没见了！呃...居然在客户公司遇到了！,我的天！你猜我遇到谁了？初中时的班主任！二十年没见了！居然在客户公司遇到了！,我意外在客户公司遇到二十年未见的初中班主任，感到非常惊讶。,"[""初中班主任"", ""二十年没见"", ""客户公司""]","[""强调人物关系"", ""强调时间跨度"", ""强调相遇地点意外性""]",,
410,notice,happy,好消息分享：嗯...公司决定增设休闲区！啊...为员工提供放松空间！呃...预计下月投入使用！,好消息分享：公司决定增设休闲区！为员工提供放松空间！预计下月投入使用！,公司决定增设休闲区为员工提供放松空间，预计下月投入使用。,"[""增设休闲区"", ""放松空间"", ""下月使用""]","[""宣布福利设施"", ""说明功能用途"", ""给出时间计划""]",,
411,task,angry,这个产品质量怎么回事？！啊？！客户投诉率高达30%！嗯...质检部门在做什么？！啊...全部返工！停产整顿！,这个产品质量怎么回事？！客户投诉率高达30%！质检部门在做什么？！全部返工！停产整顿！,产品投诉率高达30%，质疑质检工作，要求全部返工并停产整顿。,"[""投诉率30%"", ""在做什么"", ""停产整顿""]","[""用数据说明问题严重性"", ""质疑部门工作"", ""要求严厉措施""]",,
412,chitchat,fearful,我刚接到一个电话...嗯...说我涉嫌经济犯罪...啊...要求我配合资金调查...呃...应该是诈骗吧？好可怕...,我刚接到一个电话...说我涉嫌经济犯罪...要求我配合资金调查...应该是诈骗吧？好可怕...,我接到冒充公安的诈骗电话要求配合资金调查，感到害怕。,"[""经济犯罪"", ""资金调查"", ""好可怕""]","[""描述诈骗内容"", ""说明对方要求"", ""表达恐惧心理""]",,
413,notice,sad,沉痛通知：嗯...我们尊敬的老师傅刘师傅，啊...因突发疾病不幸离世。呃...追悼会安排在本周四上午。,沉痛通知：我们尊敬的老师傅刘师傅，因突发疾病不幸离世。追悼会安排在本周四上午。,沉痛告知老师傅刘师傅因突发疾病去世，追悼会定于本周四上午举行。,"[""突发疾病"", ""不幸离世"", ""追悼会""]","[""说明死因"", ""宣布死讯"", ""告知后续安排""]",,
414,task,disgusted,啧，这个供应商又延迟交货！嗯...信用太差了！啊...立即更换供应商！呃...永不合作！,啧，这个供应商又延迟交货！信用太差了！立即更换供应商！永不合作！,因供应商再次延迟交货，决定立即更换并永不合作。,"[""又延迟"", ""信用太差"", ""更换供应商""]","[""强调问题重复"", ""评价信用"", ""做出更换决定""]",,
415,chitchat,calm,我觉得这个技术难题虽然复杂，嗯...但只要团队协作，啊...一定能找到解决方案的。呃...大家保持信心。,我觉得这个技术难题虽然复杂，但只要团队协作，一定能找到解决方案的。大家保持信心。,我认为技术难题虽复杂但可通过团队协作解决，鼓励大家保持信心。,"[""虽然复杂"", ""团队协作"", ""保持信心""]","[""承认困难"", ""强调协作重要性"", ""鼓舞士气""]",,
416,notice,surprised,意外好消息：嗯...公司意外获得重要专利授权！啊...这将极大提升技术实力！呃...研发部值得表扬！,意外好消息：公司意外获得重要专利授权！这将极大提升技术实力！研发部值得表扬！,公司意外获得重要专利授权，将显著提升技术实力，表彰研发部。,"[""重要专利"", ""提升实力"", ""值得表扬""]","[""强调专利重要性"", ""说明战略意义"", ""表扬贡献部门""]",,
417,task,fearful,紧急！服务器遭受网络攻击！嗯...网站访问异常缓慢！啊...立即启动防护措施！呃...安全团队全力应对！,紧急！服务器遭受网络攻击！网站访问异常缓慢！立即启动防护措施！安全团队全力应对！,服务器遭受网络攻击导致网站访问缓慢，要求立即启动防护，安全团队全力应对。,"[""网络攻击"", ""异常缓慢"", ""启动防护""]","[""说明攻击类型"", ""描述影响"", ""要求防护措施""]",,
418,chitchat,happy,太棒了！我女儿艺术比赛获得特等奖！嗯...评委说她的作品很有创意！啊...作为父母太自豪了！,太棒了！我女儿艺术比赛获得特等奖！评委说她的作品很有创意！作为父母太自豪了！,我女儿在艺术比赛中获得特等奖并获得评委高度评价，作为父母感到非常自豪。,"[""特等奖"", ""很有创意"", ""太自豪""]","[""宣布比赛成绩"", ""分享评委评价"", ""表达父母自豪""]",,
419,notice,angry,最后警告：嗯...发现有人私自复制公司资料！啊...这是严重违规行为！呃...再发现立即开除并追究责任！,最后警告：发现有人私自复制公司资料！这是严重违规行为！再发现立即开除并追究责任！,最后警告私自复制公司资料行为，强调其严重违规性质并表示将立即开除并追究责任。,"[""私自复制资料"", ""严重违规"", ""追究责任""]","[""指出具体违规"", ""定性严重性"", ""警告严重后果""]",,
420,task,sad,很遗憾...嗯...我们这个项目因为资源限制不得不暂停...啊...大家辛苦了这么久...呃...先休息调整吧...,很遗憾...我们这个项目因为资源限制不得不暂停...大家辛苦了这么久...先休息调整吧...,遗憾告知项目因资源限制暂停，感谢大家付出并建议休息调整。,"[""资源限制"", ""不得不暂停"", ""休息调整""]","[""说明暂停原因"", ""表达无奈"", ""建议应对方式""]",,
421,chitchat,disgusted,我真受不了那个同事！嗯...整天推诿扯皮不做事！啊...团队效率都被拖累了！呃...看着就烦！,我真受不了那个同事！整天推诿扯皮不做事！团队效率都被拖累了！看着就烦！,我对同事推诿扯皮影响团队效率的行为感到厌恶。,"[""推诿扯皮"", ""不做事"", ""效率拖累""]","[""批评具体行为"", ""说明工作态度"", ""说明负面影响""]",,
422,notice,calm,重要通知：嗯...公司将于下月进行内部审计，啊...请各部门提前整理好相关文件。呃...确保审计顺利进行。,重要通知：公司将于下月进行内部审计，请各部门提前整理好相关文件。确保审计顺利进行。,通知：下月将进行内部审计，请各部门提前整理文件确保顺利进行。,"[""内部审计"", ""提前整理"", ""顺利进行""]","[""说明审计类型"", ""要求准备工作"", ""强调目标""]",,
423,task,surprised,哇！刚刚收到消息，嗯...我们的产品获得国际质量认证！啊...完全出乎意料！呃...质量部立大功了！,哇！刚刚收到消息，我们的产品获得国际质量认证！完全出乎意料！质量部立大功了！,惊喜得知产品获得国际质量认证，表彰质量部的突出贡献。,"[""国际认证"", ""出乎意料"", ""立大功""]","[""宣布重要认证"", ""表达意外"", ""表扬功臣""]",,
424,chitchat,fearful,我刚在家听到奇怪的声音...嗯...像是门锁被撬的声音...啊...现在很害怕...呃...要不要报警？,我刚在家听到奇怪的声音...像是门锁被撬的声音...现在很害怕...要不要报警？,我在家中听到疑似撬锁声，感到害怕且犹豫是否报警。,"[""奇怪声音"", ""门锁被撬"", ""很害怕""]","[""描述可疑现象"", ""具体说明怀疑"", ""表达恐惧心理""]",,
425,notice,happy,开心宣布：嗯...公司决定为员工提供免费健身福利！啊...可以在合作健身房使用！呃...欢迎大家积极健身！,开心宣布：公司决定为员工提供免费健身福利！可以在合作健身房使用！欢迎大家积极健身！,公司将为员工提供免费健身福利，可在合作健身房使用，鼓励积极健身。,"[""免费健身"", ""合作健身房"", ""积极健身""]","[""宣布福利"", ""说明使用范围"", ""鼓励参与""]",,
426,task,angry,这个报价单是谁做的？！啊？！成本计算严重错误！嗯...这种低级失误！啊...重新计算！一小时内我要正确版本！,这个报价单是谁做的？！成本计算严重错误！这种低级失误！重新计算！一小时内我要正确版本！,报价单成本计算严重错误，责令一小时内重新计算并提交正确版本。,"[""计算错误"", ""低级失误"", ""一小时内""]","[""指出严重问题"", ""批评错误性质"", ""给出紧急时限""]",,
427,chitchat,sad,我爷爷病情恶化了...嗯...需要住院治疗...啊...我现在心情很沉重...,我爷爷病情恶化了...需要住院治疗...我现在心情很沉重...,我因爷爷病情恶化需住院治疗而感到心情沉重。,"[""病情恶化"", ""住院治疗"", ""很沉重""]","[""说明亲人状况"", ""表达治疗需要"", ""描述心理状态""]",,
428,notice,disgusted,恶心！嗯...又在厨房发现变质食品！啊...请自觉清理冰箱！呃...再发现全部丢弃！,恶心！又在厨房发现变质食品！请自觉清理冰箱！再发现全部丢弃！,谴责在厨房存放变质食品行为，要求自觉清理否则将全部丢弃。,"[""变质食品"", ""自觉清理"", ""全部丢弃""]","[""描述令人厌恶的现象"", ""提出要求"", ""警告处理措施""]",,
429,task,calm,各位注意：嗯...新的财务系统已上线，啊...请于本周内完成学习使用。呃...旧系统将停止服务。,各位注意：新的财务系统已上线，请于本周内完成学习使用。旧系统将停止服务。,通知新财务系统已上线，要求本周内学会使用，旧系统将停用。,"[""新系统上线"", ""本周内学习"", ""停止服务""]","[""宣布新系统"", ""给出学习时限"", ""说明过渡安排""]",,
430,chitchat,surprised,我的天！你猜我刚看到什么？嗯...公司总裁在员工餐厅用餐！啊...这也太亲民了吧！,我的天！你猜我刚看到什么？公司总裁在员工餐厅用餐！这也太亲民了吧！,我惊讶看到总裁在员工餐厅用餐，认为其十分亲民。,"[""公司总裁"", ""餐厅用餐"", ""太亲民""]","[""强调人物身份"", ""描述行为"", ""表达正面评价""]",,
431,notice,fearful,紧急预警：嗯...气象台发布暴雨警报，啊...预计今晚有特大暴雨。呃...请大家尽量减少外出，注意安全！,紧急预警：气象台发布暴雨警报，预计今晚有特大暴雨。请大家尽量减少外出，注意安全！,紧急：发布暴雨警报，今晚有特大暴雨，建议减少外出注意安全。,"[""暴雨警报"", ""特大暴雨"", ""减少外出""]","[""说明预警级别"", ""强调天气严重性"", ""给出安全建议""]",,
432,task,happy,好消息！嗯...客户对我们的产品非常满意！啊...决定增加采购量！呃...生产部加油！,好消息！客户对我们的产品非常满意！决定增加采购量！生产部加油！,客户高度满意产品并决定增加采购量，鼓励生产部努力。,"[""非常满意"", ""增加采购"", ""加油""]","[""分享正面反馈"", ""宣布订单增加"", ""给予鼓励""]",,
433,chitchat,angry,气死我了！嗯...快递又未经同意放代收点！啊...明明要求送货上门的！呃...投诉！必须投诉！,气死我了！快递又未经同意放代收点！明明要求送货上门的！投诉！必须投诉！,我因快递未按要求的送货上门而感到愤怒，决定投诉。,"[""未经同意"", ""要求上门"", ""必须投诉""]","[""强调违规行为"", ""说明明确要求"", ""表达投诉决心""]",,
434,notice,sad,沉重通知：嗯...我们同事小王的父亲不幸病逝，啊...公司表示深切哀悼。呃...如有想去悼念的同事请联系部门经理。,沉重通知：我们同事小王的父亲不幸病逝，公司表示深切哀悼。如有想去悼念的同事请联系部门经理。,沉痛通知同事小王父亲病逝，公司表示哀悼，欲悼念者请联系部门经理。,"[""不幸病逝"", ""深切哀悼"", ""联系经理""]","[""委婉宣布死讯"", ""表达公司态度"", ""提供联系途径""]",,
435,task,disgusted,啧，这个合作伙伴诚信缺失！嗯...多次违约不守信用！啊...立即终止所有合作！呃...永不往来！,啧，这个合作伙伴诚信缺失！多次违约不守信用！立即终止所有合作！永不往来！,因合作伙伴多次违约失信，决定立即终止所有合作并不再往来。,"[""诚信缺失"", ""多次违约"", ""终止合作""]","[""批评信用问题"", ""说明具体问题"", ""做出决断""]",,
436,chitchat,calm,我觉得这个市场变化虽然突然，嗯...但只要冷静分析，啊...总能找到应对策略的。呃...不用慌乱。,我觉得这个市场变化虽然突然，但只要冷静分析，总能找到应对策略的。不用慌乱。,我认为市场变化虽突然但可通过冷静分析应对，建议不必慌乱。,"[""虽然突然"", ""冷静分析"", ""不用慌乱""]","[""承认变化突然"", ""提供方法"", ""安抚情绪""]",,
437,notice,surprised,意外喜讯：嗯...公司意外获得政府重点支持！啊...资金支持力度很大！呃...这将促进公司快速发展！,意外喜讯：公司意外获得政府重点支持！资金支持力度很大！这将促进公司快速发展！,公司意外获得政府重点支持且资金力度很大，将促进快速发展。,"[""政府支持"", ""力度很大"", ""促进发展""]","[""宣布政策利好"", ""说明支持力度"", ""说明战略意义""]",,
438,task,fearful,紧急！数据库出现严重故障！嗯...可能导致数据丢失！啊...立即组织备份恢复！呃...技术团队全员紧急处理！,紧急！数据库出现严重故障！可能导致数据丢失！立即组织备份恢复！技术团队全员紧急处理！,数据库出现严重故障可能造成数据丢失，要求立即备份恢复，技术团队紧急处理。,"[""严重故障"", ""数据丢失"", ""备份恢复""]","[""宣告技术危机"", ""说明潜在风险"", ""要求紧急措施""]",,
439,chitchat,happy,太开心了！嗯...我妻子怀孕了！啊...我们要当父母了！呃...真的是天大的好消息！,太开心了！我妻子怀孕了！我们要当父母了！真的是天大的好消息！,我妻子怀孕，我们将成为父母，感到非常幸福。,"[""怀孕了"", ""当父母了"", ""天大的好消息""]","[""宣布喜讯"", ""说明身份转变"", ""表达幸福程度""]",,
440,notice,angry,严正警告：嗯...发现有人工作时间玩游戏！啊...这是严重违纪行为！呃...再发现直接扣除当月绩效！,严正警告：发现有人工作时间玩游戏！这是严重违纪行为！再发现直接扣除当月绩效！,严正警告工作时间玩游戏行为，再犯将扣除当月绩效。,"[""工作时间玩游戏"", ""严重违纪"", ""扣除绩效""]","[""指出具体违规"", ""定性严重性"", ""警告经济处罚""]",,
441,task,sad,很抱歉...嗯...我们这个项目因为政策变化不得不终止...啊...大家付出了这么多...呃...先休息调整吧...,很抱歉...我们这个项目因为政策变化不得不终止...大家付出了这么多...先休息调整吧...,遗憾告知项目因政策变化终止，感谢大家付出并建议休息调整。,"[""政策变化"", ""不得不终止"", ""休息调整""]","[""说明终止原因"", ""表达无奈"", ""建议应对方式""]",,
442,chitchat,disgusted,我真受不了那个邻居！嗯...整天制造噪音影响休息！啊...沟通多次无效！呃...要报警处理了！,我真受不了那个邻居！整天制造噪音影响休息！沟通多次无效！要报警处理了！,我对邻居制造噪音且沟通无效的行为感到厌恶，决定报警处理。,"[""制造噪音"", ""沟通无效"", ""报警处理""]","[""批评扰民行为"", ""说明沟通失败"", ""表达升级处理决心""]",,
443,notice,calm,重要通知：嗯...公司年度考核即将开始，啊...请各位准备好相关材料。呃...确保考核顺利进行。,重要通知：公司年度考核即将开始，请各位准备好相关材料。确保考核顺利进行。,通知：年度考核即将开始，请准备好相关材料确保顺利进行。,"[""年度考核"", ""准备好材料"", ""顺利进行""]","[""说明考核事项"", ""要求准备工作"", ""强调目标""]",,
444,task,surprised,哇！刚刚得知，嗯...我们的技术获得国家专利！啊...完全没想到！呃...研发团队太优秀了！,哇！刚刚得知，我们的技术获得国家专利！完全没想到！研发团队太优秀了！,惊喜得知技术获得国家专利，表彰研发团队的优秀表现。,"[""国家专利"", ""完全没想到"", ""太优秀""]","[""宣布重要专利"", ""表达意外"", ""表扬团队""]",,
445,chitchat,fearful,我刚接到一个电话...嗯...说我账户存在风险...啊...要求我立即转账到安全账户...呃...应该是诈骗吧？好吓人...,我刚接到一个电话...说我账户存在风险...要求我立即转账到安全账户...应该是诈骗吧？好吓人...,我接到冒充银行的诈骗电话要求转账到安全账户，感到害怕。,"[""账户风险"", ""转账安全账户"", ""好吓人""]","[""描述诈骗内容"", ""说明对方要求"", ""表达恐惧心理""]",,
446,notice,happy,开心分享：嗯...公司决定为员工提供免费体检！啊...关爱员工身体健康！呃...详情见内部通知！,开心分享：公司决定为员工提供免费体检！关爱员工身体健康！详情见内部通知！,公司将为员工提供免费体检，关爱员工身体健康，详情见通知。,"[""免费体检"", ""关爱健康"", ""详情见通知""]","[""宣布福利"", ""强调关怀目的"", ""指引详细信息""]",,
447,task,angry,这个方案是谁做的？！啊？！完全不符合客户要求！嗯...这种质量不能接受！啊...重新制作！今天必须完成！,这个方案是谁做的？！完全不符合客户要求！这种质量不能接受！重新制作！今天必须完成！,方案完全不符合客户要求，责令今日内重新制作。,"[""不符合要求"", ""不能接受"", ""今天必须""]","[""指出严重问题"", ""表达不满态度"", ""给出紧急时限""]",,
448,chitchat,sad,我父亲住院了...嗯...需要手术治疗...啊...我现在很担心...呃...希望手术顺利...,我父亲住院了...需要手术治疗...我现在很担心...希望手术顺利...,我因父亲住院需要手术而感到担心，希望手术顺利。,"[""住院了"", ""手术治疗"", ""很担心""]","[""说明亲人状况"", ""表达治疗需要"", ""流露担忧情绪""]",,
449,notice,disgusted,恶心！嗯...又在公共区域发现垃圾！啊...请自觉维护环境卫生！呃...再发现将进行处罚！,恶心！又在公共区域发现垃圾！请自觉维护环境卫生！再发现将进行处罚！,谴责在公共区域乱扔垃圾行为，要求自觉维护环境否则将处罚。,"[""发现垃圾"", ""维护环境卫生"", ""进行处罚""]","[""描述不文明现象"", ""提出要求"", ""警告处罚措施""]",,
450,task,calm,各位注意：嗯...新的管理系统已上线，啊...请于本周内完成学习使用。呃...旧系统将停止服务。,各位注意：新的管理系统已上线，请于本周内完成学习使用。旧系统将停止服务。,通知新管理系统已上线，要求本周内学会使用，旧系统将停用。,"[""新系统上线"", ""本周内学习"", ""停止服务""]","[""宣布新系统"", ""给出学习时限"", ""说明过渡安排""]",,
451,chitchat,surprised,我的天！你猜我刚遇到谁了？嗯...大学时的导师！啊...十年没见了！呃...居然在会议上遇到了！,我的天！你猜我刚遇到谁了？大学时的导师！十年没见了！居然在会议上遇到了！,我意外在会议上遇到十年未见的大学导师，感到非常惊讶。,"[""大学导师"", ""十年没见"", ""会议上遇到""]","[""强调人物关系"", ""强调时间跨度"", ""强调相遇地点意外性""]",,
452,notice,fearful,紧急预警：嗯...附近发生化学品泄漏，啊...请立即关闭门窗避免外出！呃...等待进一步通知！,紧急预警：附近发生化学品泄漏，请立即关闭门窗避免外出！等待进一步通知！,紧急：附近发生化学品泄漏，请关闭门窗避免外出，等待进一步通知。,"[""化学品泄漏"", ""关闭门窗"", ""避免外出""]","[""说明事故性质"", ""给出防护措施"", ""要求等待指令""]",,
453,task,happy,好消息！嗯...客户对我们的服务非常满意！啊...决定长期合作！呃...继续努力！,好消息！客户对我们的服务非常满意！决定长期合作！继续努力！,客户高度满意服务并决定长期合作，鼓励继续努力。,"[""非常满意"", ""长期合作"", ""继续努力""]","[""分享正面反馈"", ""宣布合作延续"", ""给予鼓励""]",,
454,chitchat,angry,气死我了！嗯...装修公司又拖延工期！啊...严重影响入住计划！呃...要追究违约责任！,气死我了！装修公司又拖延工期！严重影响入住计划！要追究违约责任！,我因装修公司多次拖延工期影响计划而感到愤怒，决定追究责任。,"[""又拖延"", ""严重影响"", ""追究责任""]","[""强调问题重复"", ""说明实际影响"", ""表达维权决心""]",,
455,notice,sad,沉重通知：嗯...我们同事老王的妻子不幸病逝，啊...公司表示深切哀悼。呃...如有想去慰问的同事请联系工会。,沉重通知：我们同事老王的妻子不幸病逝，公司表示深切哀悼。如有想去慰问的同事请联系工会。,沉痛通知同事老王妻子病逝，公司表示哀悼，欲慰问者请联系工会。,"[""不幸病逝"", ""深切哀悼"", ""联系工会""]","[""委婉宣布死讯"", ""表达公司态度"", ""提供联系途径""]",,
456,task,disgusted,啧，这个供应商质量极差！嗯...多次警告仍不改进！啊...立即终止所有合作！呃...永不往来！,啧，这个供应商质量极差！多次警告仍不改进！立即终止所有合作！永不往来！,因供应商质量极差且多次警告无效，决定立即终止所有合作并不再往来。,"[""质量极差"", ""警告无效"", ""终止合作""]","[""批评质量问题"", ""说明沟通无效"", ""做出决断""]",,
457,chitchat,calm,我觉得这个业务挑战虽然艰巨，嗯...但只要团队共同努力，啊...一定能找到突破口的。呃...大家保持信心。,我觉得这个业务挑战虽然艰巨，但只要团队共同努力，一定能找到突破口的。大家保持信心。,我认为业务挑战虽艰巨但可通过团队协作找到突破口，鼓励大家保持信心。,"[""虽然艰巨"", ""共同努力"", ""保持信心""]","[""承认难度"", ""强调协作重要性"", ""鼓舞士气""]",,
458,notice,surprised,意外好消息：嗯...公司意外获得行业巨头投资！啊...这将极大提升市场地位！呃...市场部立大功了！,意外好消息：公司意外获得行业巨头投资！这将极大提升市场地位！市场部立大功了！,公司意外获得行业巨头投资将显著提升市场地位，表彰市场部。,"[""行业巨头投资"", ""提升市场地位"", ""立大功""]","[""宣布重要投资"", ""说明战略意义"", ""表扬功臣""]",,
459,task,fearful,紧急！系统遭受恶意攻击！嗯...重要数据可能泄露！啊...立即启动应急响应！呃...安全团队全力抢救！,紧急！系统遭受恶意攻击！重要数据可能泄露！立即启动应急响应！安全团队全力抢救！,系统遭受恶意攻击可能导致数据泄露，要求立即启动应急响应，安全团队全力抢救。,"[""恶意攻击"", ""数据泄露"", ""应急响应""]","[""说明攻击性质"", ""描述严重危害"", ""要求紧急措施""]",,
460,chitchat,happy,太棒了！我女儿数学竞赛获得一等奖！嗯...老师说她很有天赋！啊...作为父母太自豪了！,太棒了！我女儿数学竞赛获得一等奖！老师说她很有天赋！作为父母太自豪了！,我女儿在数学竞赛中获得一等奖并获得老师高度评价，作为父母感到非常自豪。,"[""一等奖"", ""很有天赋"", ""太自豪""]","[""宣布比赛成绩"", ""分享老师评价"", ""表达父母自豪""]",,
461,notice,angry,最后警告：嗯...发现有人私自外传公司文件！啊...这是严重违规！呃...再发现立即开除并追究责任！,最后警告：发现有人私自外传公司文件！这是严重违规！再发现立即开除并追究责任！,最后警告私自外传公司文件行为，强调其严重违规性质并表示将立即开除并追究责任。,"[""私自外传文件"", ""严重违规"", ""追究责任""]","[""指出具体违规"", ""定性严重性"", ""警告严重后果""]",,
462,task,sad,很遗憾...嗯...我们这个项目因为市场变化不得不暂停...啊...大家辛苦了这么久...呃...先休息调整吧...,很遗憾...我们这个项目因为市场变化不得不暂停...大家辛苦了这么久...先休息调整吧...,遗憾告知项目因市场变化暂停，感谢大家付出并建议休息调整。,"[""市场变化"", ""不得不暂停"", ""休息调整""]","[""说明暂停原因"", ""表达无奈"", ""建议应对方式""]",,
463,chitchat,disgusted,我真受不了那个同事！嗯...整天挑拨离间制造矛盾！啊...团队和谐都被破坏了！呃...看着就生气！,我真受不了那个同事！整天挑拨离间制造矛盾！团队和谐都被破坏了！看着就生气！,我对同事挑拨离间破坏团队和谐的行为感到厌恶。,"[""挑拨离间"", ""制造矛盾"", ""和谐破坏""]","[""批评具体行为"", ""说明负面影响"", ""表达愤怒情绪""]",,
464,notice,calm,重要通知：嗯...公司将于下月进行体系审核，啊...请各部门提前准备好相关文件。呃...确保审核顺利通过。,重要通知：公司将于下月进行体系审核，请各部门提前准备好相关文件。确保审核顺利通过。,通知：下月将进行体系审核，请各部门提前准备文件确保通过。,"[""体系审核"", ""提前准备"", ""顺利通过""]","[""说明审核类型"", ""要求准备工作"", ""强调目标""]",,
465,task,surprised,哇！刚刚收到消息，嗯...我们的产品获得国际设计奖！啊...完全出乎意料！呃...设计团队太棒了！,哇！刚刚收到消息，我们的产品获得国际设计奖！完全出乎意料！设计团队太棒了！,惊喜得知产品获得国际设计奖，表彰设计团队的优秀表现。,"[""国际设计奖"", ""出乎意料"", ""太棒了""]","[""宣布高级别奖项"", ""表达意外"", ""表扬团队""]",,
466,chitchat,fearful,我刚接到一个电话...嗯...说我涉嫌违法操作...啊...要求我配合调查...呃...应该是诈骗吧？好可怕...,我刚接到一个电话...说我涉嫌违法操作...要求我配合调查...应该是诈骗吧？好可怕...,我接到冒充公安的诈骗电话要求配合调查，感到害怕。,"[""涉嫌违法"", ""配合调查"", ""好可怕""]","[""描述诈骗内容"", ""说明对方要求"", ""表达恐惧心理""]",,
467,notice,happy,开心宣布：嗯...公司决定为员工提供免费午餐！啊...每周一至周五提供！呃...欢迎大家享用！,开心宣布：公司决定为员工提供免费午餐！每周一至周五提供！欢迎大家享用！,公司将为员工提供每周一至周五的免费午餐，欢迎享用。,"[""免费午餐"", ""周一至周五"", ""欢迎大家""]","[""宣布福利"", ""明确提供时间"", ""热情邀请""]",,
468,task,angry,这个报告是谁写的？！啊？！数据严重失实！嗯...这种质量不能接受！啊...重新撰写！今天必须完成！,这个报告是谁写的？！数据严重失实！这种质量不能接受！重新撰写！今天必须完成！,报告数据严重失实，责令今日内重新撰写。,"[""数据失实"", ""不能接受"", ""今天必须""]","[""指出严重问题"", ""表达不满态度"", ""给出紧急时限""]",,
469,chitchat,sad,我好朋友确诊重病...嗯...需要长期治疗...啊...我心里很难过...呃...希望能陪她度过难关...,我好朋友确诊重病...需要长期治疗...我心里很难过...希望能陪她度过难关...,我因好友确诊重病需长期治疗而感到难过，希望陪伴支持。,"[""确诊重病"", ""长期治疗"", ""很难过""]","[""说明朋友状况"", ""表达治疗艰难"", ""流露悲伤情绪""]",,
470,notice,disgusted,恶心！嗯...又在卫生间发现烟头！啊...明明禁止吸烟的！呃...再发现追究责任！,恶心！又在卫生间发现烟头！明明禁止吸烟的！再发现追究责任！,谴责在卫生间吸烟行为，强调禁令并表示将追究责任。,"[""发现烟头"", ""禁止吸烟"", ""追究责任""]","[""描述违规证据"", ""强调禁令"", ""警告追究责任""]",,
471,task,calm,各位注意：嗯...新的办公系统已上线，啊...请于本周内完成学习使用。呃...旧系统将停止服务。,各位注意：新的办公系统已上线，请于本周内完成学习使用。旧系统将停止服务。,通知新办公系统已上线，要求本周内学会使用，旧系统将停用。,"[""新系统上线"", ""本周内学习"", ""停止服务""]","[""宣布新系统"", ""给出学习时限"", ""说明过渡安排""]",,
472,chitchat,surprised,我的天！你猜我刚看到什么？嗯...公司董事长在员工餐厅排队！啊...这也太接地气了吧！,我的天！你猜我刚看到什么？公司董事长在员工餐厅排队！这也太接地气了吧！,我惊讶看到董事长在员工餐厅排队，认为其十分接地气。,"[""公司董事长"", ""员工餐厅排队"", ""太接地气""]","[""强调人物身份"", ""描述行为"", ""表达正面评价""]",,
473,notice,fearful,紧急预警：嗯...气象台发布台风预警，啊...预计明后两天有特大暴雨。呃...请大家尽量减少外出，注意安全！,紧急预警：气象台发布台风预警，预计明后两天有特大暴雨。请大家尽量减少外出，注意安全！,紧急：发布台风预警，明后两天有特大暴雨，建议减少外出注意安全。,"[""台风预警"", ""特大暴雨"", ""减少外出""]","[""说明预警级别"", ""强调天气严重性"", ""给出安全建议""]",,
474,task,happy,好消息！嗯...客户对我们的产品非常满意！啊...决定扩大合作范围！呃...继续努力！,好消息！客户对我们的产品非常满意！决定扩大合作范围！继续努力！,客户高度满意产品并决定扩大合作范围，鼓励继续努力。,"[""非常满意"", ""扩大合作"", ""继续努力""]","[""分享正面反馈"", ""宣布合作扩展"", ""给予鼓励""]",,
475,chitchat,angry,气死我了！嗯...物业又擅自进入我家！啊...说是维修但没提前通知！呃...要投诉他们！,气死我了！物业又擅自进入我家！说是维修但没提前通知！要投诉他们！,我因物业未提前通知擅自进入家中而感到愤怒，决定投诉。,"[""擅自进入"", ""没提前通知"", ""要投诉""]","[""批评违规行为"", ""说明问题所在"", ""表达投诉决心""]",,
476,notice,sad,沉重通知：嗯...我们同事老张的母亲不幸病逝，啊...公司表示深切哀悼。呃...如有想去悼念的同事请联系行政部。,沉重通知：我们同事老张的母亲不幸病逝，公司表示深切哀悼。如有想去悼念的同事请联系行政部。,沉痛通知同事老张母亲病逝，公司表示哀悼，欲悼念者请联系行政部。,"[""不幸病逝"", ""深切哀悼"", ""联系行政部""]","[""委婉宣布死讯"", ""表达公司态度"", ""提供联系途径""]",,
477,task,disgusted,啧，这个合作伙伴毫无信誉！嗯...多次失信不履行承诺！啊...立即终止所有合作！呃...永不往来！,啧，这个合作伙伴毫无信誉！多次失信不履行承诺！立即终止所有合作！永不往来！,因合作伙伴多次失信，决定立即终止所有合作并不再往来。,"[""毫无信誉"", ""多次失信"", ""终止合作""]","[""批评信用问题"", ""说明具体问题"", ""做出决断""]",,
478,chitchat,calm,我觉得这个市场机遇虽然难得，嗯...但只要谨慎评估，啊...总能找到合适切入点的。呃...不用急于求成。,我觉得这个市场机遇虽然难得，但只要谨慎评估，总能找到合适切入点的。不用急于求成。,我认为市场机遇虽难得但需谨慎评估寻找合适切入点，建议不必急于求成。,"[""虽然难得"", ""谨慎评估"", ""不用急于求成""]","[""承认机遇价值"", ""提供方法"", ""建议稳健态度""]",,
479,notice,surprised,意外喜讯：嗯...公司意外获得重大政策支持！啊...这将极大降低运营成本！呃...财务部立大功了！,意外喜讯：公司意外获得重大政策支持！这将极大降低运营成本！财务部立大功了！,公司意外获得重大政策支持将显著降低运营成本，表彰财务部。,"[""政策支持"", ""降低运营成本"", ""立大功""]","[""宣布政策利好"", ""说明经济效益"", ""表扬功臣""]",,
480,task,fearful,紧急！服务器遭受严重攻击！嗯...系统运行异常缓慢！啊...立即启动最高级别防护！呃...安全团队全力应对！,紧急！服务器遭受严重攻击！系统运行异常缓慢！立即启动最高级别防护！安全团队全力应对！,服务器遭受严重攻击导致系统运行缓慢，要求立即启动最高防护，安全团队全力应对。,"[""严重攻击"", ""异常缓慢"", ""最高级别防护""]","[""说明攻击严重性"", ""描述影响"", ""要求最强防护措施""]",,
481,chitchat,happy,太开心了！嗯...我妻子顺利生产了！啊...是个健康的宝宝！呃...我们当父母了！,太开心了！我妻子顺利生产了！是个健康的宝宝！我们当父母了！,我妻子顺利生下健康宝宝，我们成为父母，感到非常幸福。,"[""顺利生产"", ""健康宝宝"", ""当父母了""]","[""宣布生产喜讯"", ""强调宝宝健康"", ""表达身份转变的喜悦""]",,
482,notice,angry,严正警告：嗯...发现有人泄露商业机密！啊...这是严重违法行为！呃...再发现立即开除并报警处理！,严正警告：发现有人泄露商业机密！这是严重违法行为！再发现立即开除并报警处理！,严正警告泄露商业机密行为，强调其违法性质并表示将立即开除并报警。,"[""泄露机密"", ""违法行为"", ""报警处理""]","[""指出严重违规"", ""定性法律性质"", ""警告最严厉后果""]",,
483,task,sad,很抱歉...嗯...我们这个项目因为资金问题不得不终止...啊...大家付出了这么多...呃...先休息调整吧...,很抱歉...我们这个项目因为资金问题不得不终止...大家付出了这么多...先休息调整吧...,遗憾告知项目因资金问题终止，感谢大家付出并建议休息调整。,"[""资金问题"", ""不得不终止"", ""休息调整""]","[""说明终止原因"", ""表达无奈"", ""建议应对方式""]",,
484,chitchat,disgusted,我真受不了那个邻居！嗯...整天制造噪音影响休息！啊...沟通多次无效！呃...要报警处理了！,我真受不了那个邻居！整天制造噪音影响休息！沟通多次无效！要报警处理了！,我对邻居制造噪音且沟通无效的行为感到厌恶，决定报警处理。,"[""制造噪音"", ""沟通无效"", ""报警处理""]","[""批评扰民行为"", ""说明沟通失败"", ""表达升级处理决心""]",,
485,notice,calm,重要通知：嗯...公司年度审计即将开始，啊...请各部门提前整理好相关账目。呃...确保审计顺利进行。,重要通知：公司年度审计即将开始，请各部门提前整理好相关账目。确保审计顺利进行。,通知：年度审计即将开始，请各部门提前整理账目确保顺利进行。,"[""年度审计"", ""提前整理"", ""顺利进行""]","[""说明审计事项"", ""要求准备工作"", ""强调目标""]",,
486,task,surprised,哇！刚刚得知，嗯...我们的技术获得国际专利！啊...完全出乎意料！呃...研发团队太优秀了！,哇！刚刚得知，我们的技术获得国际专利！完全出乎意料！研发团队太优秀了！,惊喜得知技术获得国际专利，表彰研发团队的优秀表现。,"[""国际专利"", ""出乎意料"", ""太优秀""]","[""宣布重要专利"", ""表达意外"", ""表扬团队""]",,
487,chitchat,fearful,我刚接到一个电话...嗯...说我账户存在风险...啊...要求我立即转账到安全账户...呃...应该是诈骗吧？好吓人...,我刚接到一个电话...说我账户存在风险...要求我立即转账到安全账户...应该是诈骗吧？好吓人...,我接到冒充银行的诈骗电话要求转账到安全账户，感到害怕。,"[""账户风险"", ""转账安全账户"", ""好吓人""]","[""描述诈骗内容"", ""说明对方要求"", ""表达恐惧心理""]",,
488,notice,happy,开心分享：嗯...公司决定为员工提供免费心理咨询！啊...关爱员工心理健康！呃...详情见内部邮件！,开心分享：公司决定为员工提供免费心理咨询！关爱员工心理健康！详情见内部邮件！,公司将为员工提供免费心理咨询服务，关爱员工心理健康，详情见邮件。,"[""心理咨询"", ""关爱心理健康"", ""详情见邮件""]","[""宣布福利服务"", ""强调关怀目的"", ""指引详细信息""]",,
489,task,angry,这个方案是谁做的？！啊？！完全不符合客户要求！嗯...这种质量不能接受！啊...重新制作！今天必须完成！,这个方案是谁做的？！完全不符合客户要求！这种质量不能接受！重新制作！今天必须完成！,方案完全不符合客户要求，责令今日内重新制作。,"[""不符合要求"", ""不能接受"", ""今天必须""]","[""指出严重问题"", ""表达不满态度"", ""给出紧急时限""]",,
490,chitchat,sad,我父亲住院了...嗯...需要做手术...啊...我现在很担心...呃...希望手术顺利...,我父亲住院了...需要做手术...我现在很担心...希望手术顺利...,我因父亲住院需要手术而感到担心，希望手术顺利。,"[""住院了"", ""需要手术"", ""很担心""]","[""说明亲人状况"", ""表达治疗需要"", ""流露担忧情绪""]",,
491,notice,disgusted,恶心！嗯...又在公共区域发现垃圾！啊...请自觉维护环境卫生！呃...再发现将进行处罚！,恶心！又在公共区域发现垃圾！请自觉维护环境卫生！再发现将进行处罚！,谴责在公共区域乱扔垃圾行为，要求自觉维护环境否则将处罚。,"[""发现垃圾"", ""维护环境卫生"", ""进行处罚""]","[""描述不文明现象"", ""提出要求"", ""警告处罚措施""]",,
492,task,calm,各位注意：嗯...新的项目管理系统已上线，啊...请于本周内完成学习使用。呃...旧系统将停止服务。,各位注意：新的项目管理系统已上线，请于本周内完成学习使用。旧系统将停止服务。,通知新项目管理系统已上线，要求本周内学会使用，旧系统将停用。,"[""新系统上线"", ""本周内学习"", ""停止服务""]","[""宣布新系统"", ""给出学习时限"", ""说明过渡安排""]",,
493,chitchat,surprised,我的天！你猜我刚遇到谁了？嗯...十年前的老同事！啊...完全没变样！呃...时间过得真快啊！,我的天！你猜我刚遇到谁了？十年前的老同事！完全没变样！时间过得真快啊！,我意外遇到十年前的老同事，对其容貌未变感到惊讶，感叹时间流逝。,"[""十年前"", ""完全没变样"", ""时间真快""]","[""强调时间跨度"", ""强调外貌变化之小"", ""表达时光感慨""]",,
494,notice,fearful,紧急预警：嗯...附近发生燃气泄漏事故，啊...请立即关闭火源避免明火！呃...等待进一步指令！,紧急预警：附近发生燃气泄漏事故，请立即关闭火源避免明火！等待进一步指令！,紧急：附近发生燃气泄漏事故，请立即关闭火源避免明火，等待进一步指令。,"[""燃气泄漏"", ""关闭火源"", ""避免明火""]","[""说明事故性质"", ""给出紧急措施"", ""要求等待指令""]",,
495,task,happy,好消息！嗯...客户对我们的服务非常满意！啊...决定推荐给其他合作伙伴！呃...继续努力！,好消息！客户对我们的服务非常满意！决定推荐给其他合作伙伴！继续努力！,客户高度满意服务并决定推荐给其他合作伙伴，鼓励继续努力。,"[""非常满意"", ""推荐合作伙伴"", ""继续努力""]","[""分享正面反馈"", ""宣布推荐行为"", ""给予鼓励""]",,
496,chitchat,angry,气死我了！嗯...装修公司又拖延工期！啊...严重影响我的计划！呃...要追究违约责任！,气死我了！装修公司又拖延工期！严重影响我的计划！要追究违约责任！,我因装修公司多次拖延工期影响计划而感到愤怒，决定追究责任。,"[""又拖延"", ""严重影响"", ""追究责任""]","[""强调问题重复"", ""说明实际影响"", ""表达维权决心""]",,
497,notice,sad,沉重通知：嗯...我们同事小赵的配偶不幸病逝，啊...公司表示深切哀悼。呃...如有想去慰问的同事请联系HR。,沉重通知：我们同事小赵的配偶不幸病逝，公司表示深切哀悼。如有想去慰问的同事请联系HR。,沉痛通知同事小赵配偶病逝，公司表示哀悼，欲慰问者请联系HR。,"[""不幸病逝"", ""深切哀悼"", ""联系HR""]","[""委婉宣布死讯"", ""表达公司态度"", ""提供联系途径""]",,
498,task,disgusted,啧，这个供应商质量极差！嗯...多次警告仍不改进！啊...立即终止所有合作！呃...永不往来！,啧，这个供应商质量极差！多次警告仍不改进！立即终止所有合作！永不往来！,因供应商质量极差且多次警告无效，决定立即终止所有合作并不再往来。,"[""质量极差"", ""警告无效"", ""终止合作""]","[""批评质量问题"", ""说明沟通无效"", ""做出决断""]",,
499,chitchat,calm,我觉得这个业务挑战虽然艰巨，嗯...但只要团队共同努力，啊...一定能找到突破口的。呃...大家保持信心。,我觉得这个业务挑战虽然艰巨，但只要团队共同努力，一定能找到突破口的。大家保持信心。,我认为业务挑战虽艰巨但可通过团队协作找到突破口，鼓励大家保持信心。,"[""虽然艰巨"", ""共同努力"", ""保持信心""]","[""承认难度"", ""强调协作重要性"", ""鼓舞士气""]",,
500,notice,surprised,意外好消息：嗯...公司意外获得行业领军企业投资！啊...这将极大提升品牌影响力！呃...市场部立大功了！,意外好消息：公司意外获得行业领军企业投资！这将极大提升品牌影响力！市场部立大功了！,公司意外获得行业领军企业投资将显著提升品牌影响力，表彰市场部。,"[""领军企业投资"", ""提升品牌影响力"", ""立大功""]","[""宣布重要投资"", ""说明战略意义"", ""表扬功臣""]",,
501,notice,calm,各位同事请注意，嗯...公司年度培训计划已正式发布，啊...详细课程安排请查看邮件。呃...请按时参加相关培训。,各位同事请注意，公司年度培训计划已正式发布，详细课程安排请查看邮件。请按时参加相关培训。,通知：公司年度培训计划已发布，课程安排详见邮件，请按时参加培训。,"[""培训计划"", ""查看邮件"", ""按时参加""]","[""说明计划发布"", ""强调查看方式"", ""强调时间要求""]",,
502,task,angry,这个设计方案是谁批准的？！啊？！完全不符合品牌标准！嗯...色彩字体全错了！啊...重做！明天必须交付！,这个设计方案是谁批准的？！完全不符合品牌标准！色彩字体全错了！重做！明天必须交付！,设计稿严重不符合品牌标准，责令重做并于明日交付。,"[""不符合标准"", ""全错了"", ""明天必须""]","[""指出严重错误"", ""强调错误范围"", ""给出紧迫时限""]",,
503,chitchat,happy,太开心了！嗯...我儿子游泳比赛拿了冠军！啊...还破了纪录！呃...作为家长太骄傲了！,太开心了！我儿子游泳比赛拿了冠军！还破了纪录！作为家长太骄傲了！,我儿子在游泳比赛中获得冠军并破纪录，作为家长感到非常自豪。,"[""拿了冠军"", ""破了纪录"", ""太骄傲""]","[""宣布比赛成绩"", ""强调突出成就"", ""表达父母自豪""]",,
504,notice,surprised,意外通知：嗯...公司刚刚获得行业创新大奖！啊...这个奖项含金量极高！呃...技术团队功不可没！,意外通知：公司刚刚获得行业创新大奖！这个奖项含金量极高！技术团队功不可没！,公司意外获得含金量高的行业创新大奖，表彰技术团队的贡献。,"[""创新大奖"", ""含金量极高"", ""功不可没""]","[""宣布重要奖项"", ""强调奖项价值"", ""表扬功臣""]",,
505,task,fearful,紧急！系统发现重大安全漏洞！嗯...可能危及用户隐私！啊...立即组织修复！呃...安全团队全员响应！,紧急！系统发现重大安全漏洞！可能危及用户隐私！立即组织修复！安全团队全员响应！,系统发现重大安全漏洞可能危及用户隐私，要求立即修复，安全团队紧急响应。,"[""重大漏洞"", ""用户隐私"", ""立即修复""]","[""宣告安全危机"", ""说明潜在风险"", ""要求紧急行动""]",,
506,chitchat,sad,我养了十三年的狗狗今天走了...嗯...它就像家人一样...啊...心里特别难受...,我养了十三年的狗狗今天走了...它就像家人一样...心里特别难受...,我饲养十三年的爱犬去世，感到非常伤心。,"[""十三年"", ""像家人一样"", ""特别难受""]","[""强调时间感情"", ""比喻亲密关系"", ""表达悲伤程度""]",,
507,notice,disgusted,再次警告：嗯...发现有人在办公区食用异味食品！啊...严重影响他人工作！呃...再发现将进行处理！,再次警告：发现有人在办公区食用异味食品！严重影响他人工作！再发现将进行处理！,再次警告在办公区食用异味食品行为，强调其对他人影响并表示将处理。,"[""异味食品"", ""严重影响"", ""进行处理""]","[""指出违规行为"", ""说明负面影响"", ""警告处理措施""]",,
508,task,calm,各位项目经理注意：嗯...请于本周五前提交项目总结报告，啊...需要包含详细的数据分析。呃...务必认真完成。,各位项目经理注意：请于本周五前提交项目总结报告，需要包含详细的数据分析。务必认真完成。,要求项目经理于周五前提交包含详细数据分析的项目总结报告。,"[""本周五前"", ""数据分析"", ""务必认真""]","[""明确时间要求"", ""强调内容要求"", ""强调态度要求""]",,
509,chitchat,surprised,我的天！你猜我遇到谁了？嗯...小学时的班主任！啊...二十五年没见了！呃...居然在客户公司遇到了！,我的天！你猜我遇到谁了？小学时的班主任！二十五年没见了！居然在客户公司遇到了！,我意外在客户公司遇到二十五年未见的小学班主任，感到非常惊讶。,"[""小学班主任"", ""二十五年没见"", ""客户公司""]","[""强调人物关系"", ""强调时间跨度"", ""强调相遇地点意外性""]",,
510,notice,happy,好消息分享：嗯...公司决定增设休息区！啊...为员工提供舒适环境！呃...预计下月投入使用！,好消息分享：公司决定增设休息区！为员工提供舒适环境！预计下月投入使用！,公司决定增设休息区为员工提供舒适环境，预计下月投入使用。,"[""增设休息区"", ""舒适环境"", ""下月使用""]","[""宣布福利设施"", ""说明功能用途"", ""给出时间计划""]",,
511,task,angry,这个产品质量怎么回事？！啊？！客户退货率高达35%！嗯...质检部门在做什么？！啊...全部返工！停产整顿！,这个产品质量怎么回事？！客户退货率高达35%！质检部门在做什么？！全部返工！停产整顿！,产品退货率高达35%，质疑质检工作，要求全部返工并停产整顿。,"[""退货率35%"", ""在做什么"", ""停产整顿""]","[""用数据说明问题严重性"", ""质疑部门工作"", ""要求严厉措施""]",,
512,chitchat,fearful,我刚接到一个电话...嗯...说我涉嫌金融犯罪...啊...要求我配合资金调查...呃...应该是诈骗吧？好可怕...,我刚接到一个电话...说我涉嫌金融犯罪...要求我配合资金调查...应该是诈骗吧？好可怕...,我接到冒充公安的诈骗电话要求配合资金调查，感到害怕。,"[""金融犯罪"", ""资金调查"", ""好可怕""]","[""描述诈骗内容"", ""说明对方要求"", ""表达恐惧心理""]",,
513,notice,sad,沉痛通知：嗯...我们尊敬的老师傅张师傅，啊...因突发疾病不幸离世。呃...追悼会安排在本周五上午。,沉痛通知：我们尊敬的老师傅张师傅，因突发疾病不幸离世。追悼会安排在本周五上午。,沉痛告知老师傅张师傅因突发疾病去世，追悼会定于本周五上午举行。,"[""突发疾病"", ""不幸离世"", ""追悼会""]","[""说明死因"", ""宣布死讯"", ""告知后续安排""]",,
514,task,disgusted,啧，这个供应商又延迟交货！嗯...信用太差了！啊...立即更换供应商！呃...永不合作！,啧，这个供应商又延迟交货！信用太差了！立即更换供应商！永不合作！,因供应商再次延迟交货，决定立即更换并永不合作。,"[""又延迟"", ""信用太差"", ""更换供应商""]","[""强调问题重复"", ""评价信用"", ""做出更换决定""]",,
515,chitchat,calm,我觉得这个技术难题虽然复杂，嗯...但只要团队协作，啊...一定能找到解决方案的。呃...大家保持信心。,我觉得这个技术难题虽然复杂，但只要团队协作，一定能找到解决方案的。大家保持信心。,我认为技术难题虽复杂但可通过团队协作解决，鼓励大家保持信心。,"[""虽然复杂"", ""团队协作"", ""保持信心""]","[""承认困难"", ""强调协作重要性"", ""鼓舞士气""]",,
516,notice,surprised,意外好消息：嗯...公司意外获得重要专利授权！啊...这将极大提升技术实力！呃...研发部值得表扬！,意外好消息：公司意外获得重要专利授权！这将极大提升技术实力！研发部值得表扬！,公司意外获得重要专利授权，将显著提升技术实力，表彰研发部。,"[""重要专利"", ""提升实力"", ""值得表扬""]","[""强调专利重要性"", ""说明战略意义"", ""表扬贡献部门""]",,
517,task,fearful,紧急！服务器遭受网络攻击！嗯...网站访问异常缓慢！啊...立即启动防护措施！呃...安全团队全力应对！,紧急！服务器遭受网络攻击！网站访问异常缓慢！立即启动防护措施！安全团队全力应对！,服务器遭受网络攻击导致网站访问缓慢，要求立即启动防护，安全团队全力应对。,"[""网络攻击"", ""异常缓慢"", ""启动防护""]","[""说明攻击类型"", ""描述影响"", ""要求防护措施""]",,
518,chitchat,happy,太棒了！我女儿美术比赛获得特等奖！嗯...评委说她的作品很有创意！啊...作为父母太自豪了！,太棒了！我女儿美术比赛获得特等奖！评委说她的作品很有创意！作为父母太自豪了！,我女儿在美术比赛中获得特等奖并获得评委高度评价，作为父母感到非常自豪。,"[""特等奖"", ""很有创意"", ""太自豪""]","[""宣布比赛成绩"", ""分享评委评价"", ""表达父母自豪""]",,
519,notice,angry,最后警告：嗯...发现有人私自复制公司资料！啊...这是严重违规行为！呃...再发现立即开除并追究责任！,最后警告：发现有人私自复制公司资料！这是严重违规行为！再发现立即开除并追究责任！,最后警告私自复制公司资料行为，强调其严重违规性质并表示将立即开除并追究责任。,"[""私自复制资料"", ""严重违规"", ""追究责任""]","[""指出具体违规"", ""定性严重性"", ""警告严重后果""]",,
520,task,sad,很遗憾...嗯...我们这个项目因为资源不足不得不暂停...啊...大家辛苦了这么久...呃...先休息调整吧...,很遗憾...我们这个项目因为资源不足不得不暂停...大家辛苦了这么久...先休息调整吧...,遗憾告知项目因资源不足暂停，感谢大家付出并建议休息调整。,"[""资源不足"", ""不得不暂停"", ""休息调整""]","[""说明暂停原因"", ""表达无奈"", ""建议应对方式""]",,
521,chitchat,disgusted,我真受不了那个同事！嗯...整天推诿扯皮不干活！啊...团队效率都被拖累了！呃...看着就烦！,我真受不了那个同事！整天推诿扯皮不干活！团队效率都被拖累了！看着就烦！,我对同事推诿扯皮影响团队效率的行为感到厌恶。,"[""推诿扯皮"", ""不干活"", ""效率拖累""]","[""批评具体行为"", ""说明工作态度"", ""说明负面影响""]",,
522,notice,calm,重要通知：嗯...公司将于下月进行内部审计，啊...请各部门提前整理好相关文件。呃...确保审计顺利进行。,重要通知：公司将于下月进行内部审计，请各部门提前整理好相关文件。确保审计顺利进行。,通知：下月将进行内部审计，请各部门提前整理文件确保顺利进行。,"[""内部审计"", ""提前整理"", ""顺利进行""]","[""说明审计类型"", ""要求准备工作"", ""强调目标""]",,
523,task,surprised,哇！刚刚收到消息，嗯...我们的产品获得国际质量认证！啊...完全出乎意料！呃...质量部立大功了！,哇！刚刚收到消息，我们的产品获得国际质量认证！完全出乎意料！质量部立大功了！,惊喜得知产品获得国际质量认证，表彰质量部的突出贡献。,"[""国际认证"", ""出乎意料"", ""立大功""]","[""宣布重要认证"", ""表达意外"", ""表扬功臣""]",,
524,chitchat,fearful,我刚在家听到奇怪的声音...嗯...像是窗户被撬的声音...啊...现在很害怕...呃...要不要报警？,我刚在家听到奇怪的声音...像是窗户被撬的声音...现在很害怕...要不要报警？,我在家中听到疑似撬窗声，感到害怕且犹豫是否报警。,"[""奇怪声音"", ""窗户被撬"", ""很害怕""]","[""描述可疑现象"", ""具体说明怀疑"", ""表达恐惧心理""]",,
525,notice,happy,开心宣布：嗯...公司决定为员工提供免费健身卡！啊...可以在合作健身房使用！呃...欢迎大家积极健身！,开心宣布：公司决定为员工提供免费健身卡！可以在合作健身房使用！欢迎大家积极健身！,公司将为员工提供免费健身卡，可在合作健身房使用，鼓励积极健身。,"[""免费健身卡"", ""合作健身房"", ""积极健身""]","[""宣布福利"", ""说明使用范围"", ""鼓励参与""]",,
526,task,angry,这个报价单是谁做的？！啊？！成本计算严重错误！嗯...这种低级失误！啊...重新计算！一小时内我要正确版本！,这个报价单是谁做的？！成本计算严重错误！这种低级失误！重新计算！一小时内我要正确版本！,报价单成本计算严重错误，责令一小时内重新计算并提交正确版本。,"[""计算错误"", ""低级失误"", ""一小时内""]","[""指出严重问题"", ""批评错误性质"", ""给出紧急时限""]",,
527,chitchat,sad,我奶奶病情加重了...嗯...需要住院治疗...啊...我现在心情很沉重...,我奶奶病情加重了...需要住院治疗...我现在心情很沉重...,我因奶奶病情加重需住院治疗而感到心情沉重。,"[""病情加重"", ""住院治疗"", ""很沉重""]","[""说明亲人状况"", ""表达治疗需要"", ""描述心理状态""]",,
528,notice,disgusted,恶心！嗯...又在厨房发现变质食品！啊...请自觉清理冰箱！呃...再发现全部丢弃！,恶心！又在厨房发现变质食品！请自觉清理冰箱！再发现全部丢弃！,谴责在厨房存放变质食品行为，要求自觉清理否则将全部丢弃。,"[""变质食品"", ""自觉清理"", ""全部丢弃""]","[""描述令人厌恶的现象"", ""提出要求"", ""警告处理措施""]",,
529,task,calm,各位注意：嗯...新的财务系统已上线，啊...请于本周内完成学习使用。呃...旧系统将停止服务。,各位注意：新的财务系统已上线，请于本周内完成学习使用。旧系统将停止服务。,通知新财务系统已上线，要求本周内学会使用，旧系统将停用。,"[""新系统上线"", ""本周内学习"", ""停止服务""]","[""宣布新系统"", ""给出学习时限"", ""说明过渡安排""]",,
530,chitchat,surprised,我的天！你猜我刚看到什么？嗯...公司总裁在员工餐厅用餐！啊...这也太亲民了吧！,我的天！你猜我刚看到什么？公司总裁在员工餐厅用餐！这也太亲民了吧！,我惊讶看到总裁在员工餐厅用餐，认为其十分亲民。,"[""公司总裁"", ""餐厅用餐"", ""太亲民""]","[""强调人物身份"", ""描述行为"", ""表达正面评价""]",,
531,notice,fearful,紧急预警：嗯...气象台发布暴雨警报，啊...预计今晚有特大暴雨。呃...请大家尽量减少外出，注意安全！,紧急预警：气象台发布暴雨警报，预计今晚有特大暴雨。请大家尽量减少外出，注意安全！,紧急：发布暴雨警报，今晚有特大暴雨，建议减少外出注意安全。,"[""暴雨警报"", ""特大暴雨"", ""减少外出""]","[""说明预警级别"", ""强调天气严重性"", ""给出安全建议""]",,
532,task,happy,好消息！嗯...客户对我们的产品非常满意！啊...决定增加采购量！呃...生产部加油！,好消息！客户对我们的产品非常满意！决定增加采购量！生产部加油！,客户高度满意产品并决定增加采购量，鼓励生产部努力。,"[""非常满意"", ""增加采购"", ""加油""]","[""分享正面反馈"", ""宣布订单增加"", ""给予鼓励""]",,
533,chitchat,angry,气死我了！嗯...快递又未经同意放代收点！啊...明明要求送货上门的！呃...投诉！必须投诉！,气死我了！快递又未经同意放代收点！明明要求送货上门的！投诉！必须投诉！,我因快递未按要求的送货上门而感到愤怒，决定投诉。,"[""未经同意"", ""要求上门"", ""必须投诉""]","[""强调违规行为"", ""说明明确要求"", ""表达投诉决心""]",,
534,notice,sad,沉重通知：嗯...我们同事小王的父亲不幸病逝，啊...公司表示深切哀悼。呃...如有想去悼念的同事请联系部门经理。,沉重通知：我们同事小王的父亲不幸病逝，公司表示深切哀悼。如有想去悼念的同事请联系部门经理。,沉痛通知同事小王父亲病逝，公司表示哀悼，欲悼念者请联系部门经理。,"[""不幸病逝"", ""深切哀悼"", ""联系经理""]","[""委婉宣布死讯"", ""表达公司态度"", ""提供联系途径""]",,
535,task,disgusted,啧，这个合作伙伴诚信缺失！嗯...多次违约不守信用！啊...立即终止所有合作！呃...永不往来！,啧，这个合作伙伴诚信缺失！多次违约不守信用！立即终止所有合作！永不往来！,因合作伙伴多次违约失信，决定立即终止所有合作并不再往来。,"[""诚信缺失"", ""多次违约"", ""终止合作""]","[""批评信用问题"", ""说明具体问题"", ""做出决断""]",,
536,chitchat,calm,我觉得这个市场变化虽然突然，嗯...但只要冷静分析，啊...总能找到应对策略的。呃...不用慌乱。,我觉得这个市场变化虽然突然，但只要冷静分析，总能找到应对策略的。不用慌乱。,我认为市场变化虽突然但可通过冷静分析应对，建议不必慌乱。,"[""虽然突然"", ""冷静分析"", ""不用慌乱""]","[""承认变化突然"", ""提供方法"", ""安抚情绪""]",,
537,notice,surprised,意外喜讯：嗯...公司意外获得政府重点支持！啊...资金支持力度很大！呃...这将促进公司快速发展！,意外喜讯：公司意外获得政府重点支持！资金支持力度很大！这将促进公司快速发展！,公司意外获得政府重点支持且资金力度很大，将促进快速发展。,"[""政府支持"", ""力度很大"", ""促进发展""]","[""宣布政策利好"", ""说明支持力度"", ""说明战略意义""]",,
538,task,fearful,紧急！数据库出现严重故障！嗯...可能导致数据丢失！啊...立即组织备份恢复！呃...技术团队全员紧急处理！,紧急！数据库出现严重故障！可能导致数据丢失！立即组织备份恢复！技术团队全员紧急处理！,数据库出现严重故障可能造成数据丢失，要求立即备份恢复，技术团队紧急处理。,"[""严重故障"", ""数据丢失"", ""备份恢复""]","[""宣告技术危机"", ""说明潜在风险"", ""要求紧急措施""]",,
539,chitchat,happy,太开心了！嗯...我妻子怀孕了！啊...我们要当父母了！呃...真的是天大的好消息！,太开心了！我妻子怀孕了！我们要当父母了！真的是天大的好消息！,我妻子怀孕，我们将成为父母，感到非常幸福。,"[""怀孕了"", ""当父母了"", ""天大的好消息""]","[""宣布喜讯"", ""说明身份转变"", ""表达幸福程度""]",,
540,notice,angry,严正警告：嗯...发现有人工作时间玩游戏！啊...这是严重违纪行为！呃...再发现直接扣除当月绩效！,严正警告：发现有人工作时间玩游戏！这是严重违纪行为！再发现直接扣除当月绩效！,严正警告工作时间玩游戏行为，再犯将扣除当月绩效。,"[""工作时间玩游戏"", ""严重违纪"", ""扣除绩效""]","[""指出具体违规"", ""定性严重性"", ""警告经济处罚""]",,
541,task,sad,很抱歉...嗯...我们这个项目因为政策变化不得不终止...啊...大家付出了这么多...呃...先休息调整吧...,很抱歉...我们这个项目因为政策变化不得不终止...大家付出了这么多...先休息调整吧...,遗憾告知项目因政策变化终止，感谢大家付出并建议休息调整。,"[""政策变化"", ""不得不终止"", ""休息调整""]","[""说明终止原因"", ""表达无奈"", ""建议应对方式""]",,
542,chitchat,disgusted,我真受不了那个邻居！嗯...整天制造噪音影响休息！啊...沟通多次无效！呃...要报警处理了！,我真受不了那个邻居！整天制造噪音影响休息！沟通多次无效！要报警处理了！,我对邻居制造噪音且沟通无效的行为感到厌恶，决定报警处理。,"[""制造噪音"", ""沟通无效"", ""报警处理""]","[""批评扰民行为"", ""说明沟通失败"", ""表达升级处理决心""]",,
543,notice,calm,重要通知：嗯...公司年度考核即将开始，啊...请各位准备好相关材料。呃...确保考核顺利进行。,重要通知：公司年度考核即将开始，请各位准备好相关材料。确保考核顺利进行。,通知：年度考核即将开始，请准备好相关材料确保顺利进行。,"[""年度考核"", ""准备好材料"", ""顺利进行""]","[""说明考核事项"", ""要求准备工作"", ""强调目标""]",,
544,task,surprised,哇！刚刚得知，嗯...我们的技术获得国家专利！啊...完全没想到！呃...研发团队太优秀了！,哇！刚刚得知，我们的技术获得国家专利！完全没想到！研发团队太优秀了！,惊喜得知技术获得国家专利，表彰研发团队的优秀表现。,"[""国家专利"", ""完全没想到"", ""太优秀""]","[""宣布重要专利"", ""表达意外"", ""表扬团队""]",,
545,chitchat,fearful,我刚接到一个电话...嗯...说我账户存在风险...啊...要求我立即转账到安全账户...呃...应该是诈骗吧？好吓人...,我刚接到一个电话...说我账户存在风险...要求我立即转账到安全账户...应该是诈骗吧？好吓人...,我接到冒充银行的诈骗电话要求转账到安全账户，感到害怕。,"[""账户风险"", ""转账安全账户"", ""好吓人""]","[""描述诈骗内容"", ""说明对方要求"", ""表达恐惧心理""]",,
546,notice,happy,开心分享：嗯...公司决定为员工提供免费体检！啊...关爱员工身体健康！呃...详情见内部通知！,开心分享：公司决定为员工提供免费体检！关爱员工身体健康！详情见内部通知！,公司将为员工提供免费体检，关爱员工身体健康，详情见通知。,"[""免费体检"", ""关爱健康"", ""详情见通知""]","[""宣布福利"", ""强调关怀目的"", ""指引详细信息""]",,
547,task,angry,这个方案是谁做的？！啊？！完全不符合客户要求！嗯...这种质量不能接受！啊...重新制作！今天必须完成！,这个方案是谁做的？！完全不符合客户要求！这种质量不能接受！重新制作！今天必须完成！,方案完全不符合客户要求，责令今日内重新制作。,"[""不符合要求"", ""不能接受"", ""今天必须""]","[""指出严重问题"", ""表达不满态度"", ""给出紧急时限""]",,
548,chitchat,sad,我父亲住院了...嗯...需要手术治疗...啊...我现在很担心...呃...希望手术顺利...,我父亲住院了...需要手术治疗...我现在很担心...希望手术顺利...,我因父亲住院需要手术而感到担心，希望手术顺利。,"[""住院了"", ""需要手术"", ""很担心""]","[""说明亲人状况"", ""表达治疗需要"", ""流露担忧情绪""]",,
549,notice,disgusted,恶心！嗯...又在公共区域发现垃圾！啊...请自觉维护环境卫生！呃...再发现将进行处罚！,恶心！又在公共区域发现垃圾！请自觉维护环境卫生！再发现将进行处罚！,谴责在公共区域乱扔垃圾行为，要求自觉维护环境否则将处罚。,"[""发现垃圾"", ""维护环境卫生"", ""进行处罚""]","[""描述不文明现象"", ""提出要求"", ""警告处罚措施""]",,
550,task,calm,各位注意：嗯...新的管理系统已上线，啊...请于本周内完成学习使用。呃...旧系统将停止服务。,各位注意：新的管理系统已上线，请于本周内完成学习使用。旧系统将停止服务。,通知新管理系统已上线，要求本周内学会使用，旧系统将停用。,"[""新系统上线"", ""本周内学习"", ""停止服务""]","[""宣布新系统"", ""给出学习时限"", ""说明过渡安排""]",,
551,chitchat,surprised,我的天！你猜我刚遇到谁了？嗯...大学时的导师！啊...十年没见了！呃...居然在会议上遇到了！,我的天！你猜我刚遇到谁了？大学时的导师！十年没见了！居然在会议上遇到了！,我意外在会议上遇到十年未见的大学导师，感到非常惊讶。,"[""大学导师"", ""十年没见"", ""会议上遇到""]","[""强调人物关系"", ""强调时间跨度"", ""强调相遇地点意外性""]",,
552,notice,fearful,紧急预警：嗯...附近发生化学品泄漏，啊...请立即关闭门窗避免外出！呃...等待进一步通知！,紧急预警：附近发生化学品泄漏，请立即关闭门窗避免外出！等待进一步通知！,紧急：附近发生化学品泄漏，请关闭门窗避免外出，等待进一步通知。,"[""化学品泄漏"", ""关闭门窗"", ""避免外出""]","[""说明事故性质"", ""给出防护措施"", ""要求等待指令""]",,
553,task,happy,好消息！嗯...客户对我们的服务非常满意！啊...决定长期合作！呃...继续努力！,好消息！客户对我们的服务非常满意！决定长期合作！继续努力！,客户高度满意服务并决定长期合作，鼓励继续努力。,"[""非常满意"", ""长期合作"", ""继续努力""]","[""分享正面反馈"", ""宣布合作延续"", ""给予鼓励""]",,
554,chitchat,angry,气死我了！嗯...装修公司又拖延工期！啊...严重影响入住计划！呃...要追究违约责任！,气死我了！装修公司又拖延工期！严重影响入住计划！要追究违约责任！,我因装修公司多次拖延工期影响计划而感到愤怒，决定追究责任。,"[""又拖延"", ""严重影响"", ""追究责任""]","[""强调问题重复"", ""说明实际影响"", ""表达维权决心""]",,
555,notice,sad,沉重通知：嗯...我们同事老王的妻子不幸病逝，啊...公司表示深切哀悼。呃...如有想去慰问的同事请联系工会。,沉重通知：我们同事老王的妻子不幸病逝，公司表示深切哀悼。如有想去慰问的同事请联系工会。,沉痛通知同事老王妻子病逝，公司表示哀悼，欲慰问者请联系工会。,"[""不幸病逝"", ""深切哀悼"", ""联系工会""]","[""委婉宣布死讯"", ""表达公司态度"", ""提供联系途径""]",,
556,task,disgusted,啧，这个供应商质量极差！嗯...多次警告仍不改进！啊...立即终止所有合作！呃...永不往来！,啧，这个供应商质量极差！多次警告仍不改进！立即终止所有合作！永不往来！,因供应商质量极差且多次警告无效，决定立即终止所有合作并不再往来。,"[""质量极差"", ""警告无效"", ""终止合作""]","[""批评质量问题"", ""说明沟通无效"", ""做出决断""]",,
557,chitchat,calm,我觉得这个业务挑战虽然艰巨，嗯...但只要团队共同努力，啊...一定能找到突破口的。呃...大家保持信心。,我觉得这个业务挑战虽然艰巨，但只要团队共同努力，一定能找到突破口的。大家保持信心。,我认为业务挑战虽艰巨但可通过团队协作找到突破口，鼓励大家保持信心。,"[""虽然艰巨"", ""共同努力"", ""保持信心""]","[""承认难度"", ""强调协作重要性"", ""鼓舞士气""]",,
558,notice,surprised,意外好消息：嗯...公司意外获得行业巨头投资！啊...这将极大提升市场地位！呃...市场部立大功了！,意外好消息：公司意外获得行业巨头投资！这将极大提升市场地位！市场部立大功了！,公司意外获得行业巨头投资将显著提升市场地位，表彰市场部。,"[""行业巨头投资"", ""提升市场地位"", ""立大功""]","[""宣布重要投资"", ""说明战略意义"", ""表扬功臣""]",,
559,task,fearful,紧急！系统遭受恶意攻击！嗯...重要数据可能泄露！啊...立即启动应急响应！呃...安全团队全力抢救！,紧急！系统遭受恶意攻击！重要数据可能泄露！立即启动应急响应！安全团队全力抢救！,系统遭受恶意攻击可能导致数据泄露，要求立即启动应急响应，安全团队全力抢救。,"[""恶意攻击"", ""数据泄露"", ""应急响应""]","[""说明攻击性质"", ""描述严重危害"", ""要求紧急措施""]",,
560,chitchat,happy,太棒了！我女儿数学竞赛获得一等奖！嗯...老师说她很有天赋！啊...作为父母太自豪了！,太棒了！我女儿数学竞赛获得一等奖！老师说她很有天赋！作为父母太自豪了！,我女儿在数学竞赛中获得一等奖并获得老师高度评价，作为父母感到非常自豪。,"[""一等奖"", ""很有天赋"", ""太自豪""]","[""宣布比赛成绩"", ""分享老师评价"", ""表达父母自豪""]",,
561,notice,angry,最后警告：嗯...发现有人私自外传公司文件！啊...这是严重违规！呃...再发现立即开除并追究责任！,最后警告：发现有人私自外传公司文件！这是严重违规！再发现立即开除并追究责任！,最后警告私自外传公司文件行为，强调其严重违规性质并表示将立即开除并追究责任。,"[""私自外传文件"", ""严重违规"", ""追究责任""]","[""指出具体违规"", ""定性严重性"", ""警告严重后果""]",,
562,task,sad,很遗憾...嗯...我们这个项目因为市场变化不得不暂停...啊...大家辛苦了这么久...呃...先休息调整吧...,很遗憾...我们这个项目因为市场变化不得不暂停...大家辛苦了这么久...先休息调整吧...,遗憾告知项目因市场变化暂停，感谢大家付出并建议休息调整。,"[""市场变化"", ""不得不暂停"", ""休息调整""]","[""说明暂停原因"", ""表达无奈"", ""建议应对方式""]",,
563,chitchat,disgusted,我真受不了那个同事！嗯...整天挑拨离间制造矛盾！啊...团队和谐都被破坏了！呃...看着就生气！,我真受不了那个同事！整天挑拨离间制造矛盾！团队和谐都被破坏了！看着就生气！,我对同事挑拨离间破坏团队和谐的行为感到厌恶。,"[""挑拨离间"", ""制造矛盾"", ""和谐破坏""]","[""批评具体行为"", ""说明负面影响"", ""表达愤怒情绪""]",,
564,notice,calm,重要通知：嗯...公司将于下月进行体系审核，啊...请各部门提前准备好相关文件。呃...确保审核顺利通过。,重要通知：公司将于下月进行体系审核，请各部门提前准备好相关文件。确保审核顺利通过。,通知：下月将进行体系审核，请各部门提前准备文件确保通过。,"[""体系审核"", ""提前准备"", ""顺利通过""]","[""说明审核类型"", ""要求准备工作"", ""强调目标""]",,
565,task,surprised,哇！刚刚收到消息，嗯...我们的产品获得国际设计奖！啊...完全出乎意料！呃...设计团队太棒了！,哇！刚刚收到消息，我们的产品获得国际设计奖！完全出乎意料！设计团队太棒了！,惊喜得知产品获得国际设计奖，表彰设计团队的优秀表现。,"[""国际设计奖"", ""出乎意料"", ""太棒了""]","[""宣布高级别奖项"", ""表达意外"", ""表扬团队""]",,
566,chitchat,fearful,我刚接到一个电话...嗯...说我涉嫌违法操作...啊...要求我配合调查...呃...应该是诈骗吧？好可怕...,我刚接到一个电话...说我涉嫌违法操作...要求我配合调查...应该是诈骗吧？好可怕...,我接到冒充公安的诈骗电话要求配合调查，感到害怕。,"[""涉嫌违法"", ""配合调查"", ""好可怕""]","[""描述诈骗内容"", ""说明对方要求"", ""表达恐惧心理""]",,
567,notice,happy,开心宣布：嗯...公司决定为员工提供免费午餐！啊...每周一至周五提供！呃...欢迎大家享用！,开心宣布：公司决定为员工提供免费午餐！每周一至周五提供！欢迎大家享用！,公司将为员工提供每周一至周五的免费午餐，欢迎享用。,"[""免费午餐"", ""周一至周五"", ""欢迎大家""]","[""宣布福利"", ""明确提供时间"", ""热情邀请""]",,
568,task,angry,这个报告是谁写的？！啊？！数据严重失实！嗯...这种质量不能接受！啊...重新撰写！今天必须完成！,这个报告是谁写的？！数据严重失实！这种质量不能接受！重新撰写！今天必须完成！,报告数据严重失实，责令今日内重新撰写。,"[""数据失实"", ""不能接受"", ""今天必须""]","[""指出严重问题"", ""表达不满态度"", ""给出紧急时限""]",,
569,chitchat,sad,我好朋友确诊重病...嗯...需要长期治疗...啊...我心里很难过...呃...希望能陪她度过难关...,我好朋友确诊重病...需要长期治疗...我心里很难过...希望能陪她度过难关...,我因好友确诊重病需长期治疗而感到难过，希望陪伴支持。,"[""确诊重病"", ""长期治疗"", ""很难过""]","[""说明朋友状况"", ""表达治疗艰难"", ""流露悲伤情绪""]",,
570,notice,disgusted,恶心！嗯...又在卫生间发现烟头！啊...明明禁止吸烟的！呃...再发现追究责任！,恶心！又在卫生间发现烟头！明明禁止吸烟的！再发现追究责任！,谴责在卫生间吸烟行为，强调禁令并表示将追究责任。,"[""发现烟头"", ""禁止吸烟"", ""追究责任""]","[""描述违规证据"", ""强调禁令"", ""警告追究责任""]",,
571,task,calm,各位注意：嗯...新的办公系统已上线，啊...请于本周内完成学习使用。呃...旧系统将停止服务。,各位注意：新的办公系统已上线，请于本周内完成学习使用。旧系统将停止服务。,通知新办公系统已上线，要求本周内学会使用，旧系统将停用。,"[""新系统上线"", ""本周内学习"", ""停止服务""]","[""宣布新系统"", ""给出学习时限"", ""说明过渡安排""]",,
572,chitchat,surprised,我的天！你猜我刚看到什么？嗯...公司董事长在员工餐厅排队！啊...这也太接地气了吧！,我的天！你猜我刚看到什么？公司董事长在员工餐厅排队！这也太接地气了吧！,我惊讶看到董事长在员工餐厅排队，认为其十分接地气。,"[""公司董事长"", ""员工餐厅排队"", ""太接地气""]","[""强调人物身份"", ""描述行为"", ""表达正面评价""]",,
573,notice,fearful,紧急预警：嗯...气象台发布台风预警，啊...预计明后两天有特大暴雨。呃...请大家尽量减少外出，注意安全！,紧急预警：气象台发布台风预警，预计明后两天有特大暴雨。请大家尽量减少外出，注意安全！,紧急：发布台风预警，明后两天有特大暴雨，建议减少外出注意安全。,"[""台风预警"", ""特大暴雨"", ""减少外出""]","[""说明预警级别"", ""强调天气严重性"", ""给出安全建议""]",,
574,task,happy,好消息！嗯...客户对我们的产品非常满意！啊...决定扩大合作范围！呃...继续努力！,好消息！客户对我们的产品非常满意！决定扩大合作范围！继续努力！,客户高度满意产品并决定扩大合作范围，鼓励继续努力。,"[""非常满意"", ""扩大合作"", ""继续努力""]","[""分享正面反馈"", ""宣布合作扩展"", ""给予鼓励""]",,
575,chitchat,angry,气死我了！嗯...物业又擅自进入我家！啊...说是维修但没提前通知！呃...要投诉他们！,气死我了！物业又擅自进入我家！说是维修但没提前通知！要投诉他们！,我因物业未提前通知擅自进入家中而感到愤怒，决定投诉。,"[""擅自进入"", ""没提前通知"", ""要投诉""]","[""批评违规行为"", ""说明问题所在"", ""表达投诉决心""]",,
576,notice,sad,沉重通知：嗯...我们同事老张的母亲不幸病逝，啊...公司表示深切哀悼。呃...如有想去悼念的同事请联系行政部。,沉重通知：我们同事老张的母亲不幸病逝，公司表示深切哀悼。如有想去悼念的同事请联系行政部。,沉痛通知同事老张母亲病逝，公司表示哀悼，欲悼念者请联系行政部。,"[""不幸病逝"", ""深切哀悼"", ""联系行政部""]","[""委婉宣布死讯"", ""表达公司态度"", ""提供联系途径""]",,
577,task,disgusted,啧，这个合作伙伴毫无信誉！嗯...多次失信不履行承诺！啊...立即终止所有合作！呃...永不往来！,啧，这个合作伙伴毫无信誉！多次失信不履行承诺！立即终止所有合作！永不往来！,因合作伙伴多次失信，决定立即终止所有合作并不再往来。,"[""毫无信誉"", ""多次失信"", ""终止合作""]","[""批评信用问题"", ""说明具体问题"", ""做出决断""]",,
578,chitchat,calm,我觉得这个市场机遇虽然难得，嗯...但只要谨慎评估，啊...总能找到合适切入点的。呃...不用急于求成。,我觉得这个市场机遇虽然难得，但只要谨慎评估，总能找到合适切入点的。不用急于求成。,我认为市场机遇虽难得但需谨慎评估寻找合适切入点，建议不必急于求成。,"[""虽然难得"", ""谨慎评估"", ""不用急于求成""]","[""承认机遇价值"", ""提供方法"", ""建议稳健态度""]",,
579,notice,surprised,意外喜讯：嗯...公司意外获得重大政策支持！啊...这将极大降低运营成本！呃...财务部立大功了！,意外喜讯：公司意外获得重大政策支持！这将极大降低运营成本！财务部立大功了！,公司意外获得重大政策支持将显著降低运营成本，表彰财务部。,"[""政策支持"", ""降低运营成本"", ""立大功""]","[""宣布政策利好"", ""说明经济效益"", ""表扬功臣""]",,
580,task,fearful,紧急！服务器遭受严重攻击！嗯...系统运行异常缓慢！啊...立即启动最高级别防护！呃...安全团队全力应对！,紧急！服务器遭受严重攻击！系统运行异常缓慢！立即启动最高级别防护！安全团队全力应对！,服务器遭受严重攻击导致系统运行缓慢，要求立即启动最高防护，安全团队全力应对。,"[""严重攻击"", ""异常缓慢"", ""最高级别防护""]","[""说明攻击严重性"", ""描述影响"", ""要求最强防护措施""]",,
581,chitchat,happy,太开心了！嗯...我妻子顺利生产了！啊...是个健康的宝宝！呃...我们当父母了！,太开心了！我妻子顺利生产了！是个健康的宝宝！我们当父母了！,我妻子顺利生下健康宝宝，我们成为父母，感到非常幸福。,"[""顺利生产"", ""健康宝宝"", ""当父母了""]","[""宣布生产喜讯"", ""强调宝宝健康"", ""表达身份转变的喜悦""]",,
582,notice,angry,严正警告：嗯...发现有人泄露商业机密！啊...这是严重违法行为！呃...再发现立即开除并报警处理！,严正警告：发现有人泄露商业机密！这是严重违法行为！再发现立即开除并报警处理！,严正警告泄露商业机密行为，强调其违法性质并表示将立即开除并报警。,"[""泄露机密"", ""违法行为"", ""报警处理""]","[""指出严重违规"", ""定性法律性质"", ""警告最严厉后果""]",,
583,task,sad,很抱歉...嗯...我们这个项目因为资金问题不得不终止...啊...大家付出了这么多...呃...先休息调整吧...,很抱歉...我们这个项目因为资金问题不得不终止...大家付出了这么多...先休息调整吧...,遗憾告知项目因资金问题终止，感谢大家付出并建议休息调整。,"[""资金问题"", ""不得不终止"", ""休息调整""]","[""说明终止原因"", ""表达无奈"", ""建议应对方式""]",,
584,chitchat,disgusted,我真受不了那个邻居！嗯...整天制造噪音影响休息！啊...沟通多次无效！呃...要报警处理了！,我真受不了那个邻居！整天制造噪音影响休息！沟通多次无效！要报警处理了！,我对邻居制造噪音且沟通无效的行为感到厌恶，决定报警处理。,"[""制造噪音"", ""沟通无效"", ""报警处理""]","[""批评扰民行为"", ""说明沟通失败"", ""表达升级处理决心""]",,
585,notice,calm,重要通知：嗯...公司年度审计即将开始，啊...请各部门提前整理好相关账目。呃...确保审计顺利进行。,重要通知：公司年度审计即将开始，请各部门提前整理好相关账目。确保审计顺利进行。,通知：年度审计即将开始，请各部门提前整理账目确保顺利进行。,"[""年度审计"", ""提前整理"", ""顺利进行""]","[""说明审计事项"", ""要求准备工作"", ""强调目标""]",,
586,task,surprised,哇！刚刚得知，嗯...我们的技术获得国际专利！啊...完全出乎意料！呃...研发团队太优秀了！,哇！刚刚得知，我们的技术获得国际专利！完全出乎意料！研发团队太优秀了！,惊喜得知技术获得国际专利，表彰研发团队的优秀表现。,"[""国际专利"", ""出乎意料"", ""太优秀""]","[""宣布重要专利"", ""表达意外"", ""表扬团队""]",,
587,chitchat,fearful,我刚接到一个电话...嗯...说我账户存在风险...啊...要求我立即转账到安全账户...呃...应该是诈骗吧？好吓人...,我刚接到一个电话...说我账户存在风险...要求我立即转账到安全账户...应该是诈骗吧？好吓人...,我接到冒充银行的诈骗电话要求转账到安全账户，感到害怕。,"[""账户风险"", ""转账安全账户"", ""好吓人""]","[""描述诈骗内容"", ""说明对方要求"", ""表达恐惧心理""]",,
588,notice,happy,开心分享：嗯...公司决定为员工提供免费心理咨询！啊...关爱员工心理健康！呃...详情见内部邮件！,开心分享：公司决定为员工提供免费心理咨询！关爱员工心理健康！详情见内部邮件！,公司将为员工提供免费心理咨询服务，关爱员工心理健康，详情见邮件。,"[""心理咨询"", ""关爱心理健康"", ""详情见邮件""]","[""宣布福利服务"", ""强调关怀目的"", ""指引详细信息""]",,
589,task,angry,这个方案是谁做的？！啊？！完全不符合客户要求！嗯...这种质量不能接受！啊...重新制作！今天必须完成！,这个方案是谁做的？！完全不符合客户要求！这种质量不能接受！重新制作！今天必须完成！,方案完全不符合客户要求，责令今日内重新制作。,"[""不符合要求"", ""不能接受"", ""今天必须""]","[""指出严重问题"", ""表达不满态度"", ""给出紧急时限""]",,
590,chitchat,sad,我父亲住院了...嗯...需要做手术...啊...我现在很担心...呃...希望手术顺利...,我父亲住院了...需要做手术...我现在很担心...希望手术顺利...,我因父亲住院需要手术而感到担心，希望手术顺利。,"[""住院了"", ""需要手术"", ""很担心""]","[""说明亲人状况"", ""表达治疗需要"", ""流露担忧情绪""]",,
591,notice,disgusted,恶心！嗯...又在公共区域发现垃圾！啊...请自觉维护环境卫生！呃...再发现将进行处罚！,恶心！又在公共区域发现垃圾！请自觉维护环境卫生！再发现将进行处罚！,谴责在公共区域乱扔垃圾行为，要求自觉维护环境否则将处罚。,"[""发现垃圾"", ""维护环境卫生"", ""进行处罚""]","[""描述不文明现象"", ""提出要求"", ""警告处罚措施""]",,
592,task,calm,各位注意：嗯...新的项目管理系统已上线，啊...请于本周内完成学习使用。呃...旧系统将停止服务。,各位注意：新的项目管理系统已上线，请于本周内完成学习使用。旧系统将停止服务。,通知新项目管理系统已上线，要求本周内学会使用，旧系统将停用。,"[""新系统上线"", ""本周内学习"", ""停止服务""]","[""宣布新系统"", ""给出学习时限"", ""说明过渡安排""]",,
593,chitchat,surprised,我的天！你猜我刚遇到谁了？嗯...十年前的老同事！啊...完全没变样！呃...时间过得真快啊！,我的天！你猜我刚遇到谁了？十年前的老同事！完全没变样！时间过得真快啊！,我意外遇到十年前的老同事，对其容貌未变感到惊讶，感叹时间流逝。,"[""十年前"", ""完全没变样"", ""时间真快""]","[""强调时间跨度"", ""强调外貌变化之小"", ""表达时光感慨""]",,
594,notice,fearful,紧急预警：嗯...附近发生燃气泄漏事故，啊...请立即关闭火源避免明火！呃...等待进一步指令！,紧急预警：附近发生燃气泄漏事故，请立即关闭火源避免明火！等待进一步指令！,紧急：附近发生燃气泄漏事故，请立即关闭火源避免明火，等待进一步指令。,"[""燃气泄漏"", ""关闭火源"", ""避免明火""]","[""说明事故性质"", ""给出紧急措施"", ""要求等待指令""]",,
595,task,happy,好消息！嗯...客户对我们的服务非常满意！啊...决定推荐给其他合作伙伴！呃...继续努力！,好消息！客户对我们的服务非常满意！决定推荐给其他合作伙伴！继续努力！,客户高度满意服务并决定推荐给其他合作伙伴，鼓励继续努力。,"[""非常满意"", ""推荐合作伙伴"", ""继续努力""]","[""分享正面反馈"", ""宣布推荐行为"", ""给予鼓励""]",,
596,chitchat,angry,气死我了！嗯...装修公司又拖延工期！啊...严重影响我的计划！呃...要追究违约责任！,气死我了！装修公司又拖延工期！严重影响我的计划！要追究违约责任！,我因装修公司多次拖延工期影响计划而感到愤怒，决定追究责任。,"[""又拖延"", ""严重影响"", ""追究责任""]","[""强调问题重复"", ""说明实际影响"", ""表达维权决心""]",,
597,notice,sad,沉重通知：嗯...我们同事小赵的配偶不幸病逝，啊...公司表示深切哀悼。呃...如有想去慰问的同事请联系HR。,沉重通知：我们同事小赵的配偶不幸病逝，公司表示深切哀悼。如有想去慰问的同事请联系HR。,沉痛通知同事小赵配偶病逝，公司表示哀悼，欲慰问者请联系HR。,"[""不幸病逝"", ""深切哀悼"", ""联系HR""]","[""委婉宣布死讯"", ""表达公司态度"", ""提供联系途径""]",,
598,task,disgusted,啧，这个供应商质量极差！嗯...多次警告仍不改进！啊...立即终止所有合作！呃...永不往来！,啧，这个供应商质量极差！多次警告仍不改进！立即终止所有合作！永不往来！,因供应商质量极差且多次警告无效，决定立即终止所有合作并不再往来。,"[""质量极差"", ""警告无效"", ""终止合作""]","[""批评质量问题"", ""说明沟通无效"", ""做出决断""]",,
599,chitchat,calm,我觉得这个业务挑战虽然艰巨，嗯...但只要团队共同努力，啊...一定能找到突破口的。呃...大家保持信心。,我觉得这个业务挑战虽然艰巨，但只要团队共同努力，一定能找到突破口的。大家保持信心。,我认为业务挑战虽艰巨但可通过团队协作找到突破口，鼓励大家保持信心。,"[""虽然艰巨"", ""共同努力"", ""保持信心""]","[""承认难度"", ""强调协作重要性"", ""鼓舞士气""]",,
600,notice,calm,嗯，各位同事请注意啊，下周一，呃，也就是10号上午9点，我们会在啊，主会议室开一个项目启动会。呃，请大家务必准时参加，记得带上自己的笔记本电脑。,各位同事请注意，下周一也就是10号上午9点，我们会在主会议室开一个项目启动会。请大家务必准时参加，记得带上自己的笔记本电脑。,下周一（10号）上午9点于主会议室召开项目启动会，请准时参加并携带笔记本电脑。,"项目启动会, 务必准时",“项目启动会”是核心事件，需强调；“务必准时”表达了重要性，需重读以引起重视。,,
601,task,happy,哇！告诉你个好消息啊！我们那个，嗯，客户提案通过啦！所以呢，你现在需要，呃，把最终的方案书，啊，再检查一遍，然后今天下班前发给我，好吗？太棒了！,告诉你个好消息！我们那个客户提案通过啦！所以呢，你现在需要把最终的方案书再检查一遍，然后今天下班前发给我，好吗？太棒了！,请在下班前检查并提交最终版的客户方案书，提案已通过。,"通过啦, 检查一遍, 下班前",“通过啦”表达喜悦和重点结果；“检查一遍”是关键动作；“下班前”是明确的时间节点，需强调。,,
602,chitchat,sad,唉，我感觉最近好累啊，嗯...就是工作上的事情特别多，然后晚上也睡不太好，呃，不知道怎么回事，就是提不起精神。,我感觉最近好累，就是工作上的事情特别多，然后晚上也睡不太好，不知道怎么回事，就是提不起精神。,最近工作繁忙且睡眠不佳，感到疲倦和精神不振。,"好累啊, 睡不太好, 提不起精神",“好累啊”直接表达核心情绪；“睡不太好”是原因之一；“提不起精神”是状态描述，需重读以传达疲惫感。,,
603,notice,angry,我说过多少次了！啊？办公室的打印机，用完之后必须立刻取消任务并且把纸屑清理干净！呃，这已经是本周第三次卡纸了！下次再让我发现，啊，就直接扣部门经费！,我说过多少次了！办公室的打印机，用完之后必须立刻取消任务并且把纸屑清理干净！这已经是本周第三次卡纸了！下次再让我发现，就直接扣部门经费！,严令要求使用打印机后需及时取消任务并清理纸屑，屡次卡纸将扣减部门经费。,"多少次了, 必须, 第三次, 扣部门经费",“多少次了”表达愤怒和无奈；“必须”是强硬的要求；“第三次”强调频率之高；“扣部门经费”是惩罚措施，需严重警告。,,
604,task,surprised,我的天！你快去看邮箱！呃，总部刚刚发来了一个超级紧急的任务，哇，要求我们明天中午之前就必须把数据报告交上去！啊，你赶紧先处理这个，其他事都放一放！,我的天！你快去看邮箱！总部刚刚发来了一个超级紧急的任务，要求我们明天中午之前就必须把数据报告交上去！你赶紧先处理这个，其他事都放一放！,总部紧急要求，明天中午前务必提交数据报告，请优先处理此事。,"超级紧急, 明天中午之前, 必须",“超级紧急”表示意外性和紧迫性；“明天中午之前”是死线，需强调；“必须”表达了任务的强制性。,,
605,chitchat,disgusted,哎我跟你说，我昨天去试了楼下新开那家沙拉店，呃，真的好难吃啊，那个鸡胸肉柴得跟木头一样，哇，沙拉酱也一股怪味，再也不去了。,我跟你说，我昨天去试了楼下新开那家沙拉店，真的好难吃啊，那个鸡胸肉柴得跟木头一样，沙拉酱也一股怪味，再也不去了。,楼下新开的沙拉店体验很差，鸡胸肉口感柴，沙拉酱味道怪异，不会再次光顾。,"好难吃啊, 柴得跟木头一样, 一股怪味",“好难吃啊”是总体厌恶评价；“柴得跟木头一样”是具体令人反感的细节；“一股怪味”进一步强化了负面体验。,,
606,notice,fearful,呃，大家注意一下，我刚刚接到物业通知，说我们这栋楼，嗯，下午可能会临时检修电路，呃，会有几次短暂的停电，啊，请大家务必及时保存电脑上的工作资料，避免丢失。,大家注意一下，我刚刚接到物业通知，说我们这栋楼下午可能会临时检修电路，会有几次短暂的停电，请大家务必及时保存电脑上的工作资料，避免丢失。,下午本栋楼可能因电路检修临时停电，请及时保存工作资料以防丢失。,"临时检修, 务必, 避免丢失",“临时检修”说明突发情况，引人担忧；“务必”是强烈建议；“避免丢失”是核心风险，需重读提醒。,,
607,task,calm,小王，你下午有空的时候，啊，把上一季度的销售数据整理成一个Excel表格，嗯，然后发给我。记得啊，要包括每个产品的详细销量和增长率，呃，周五之前给我就行。,小王，你下午有空的时候，把上一季度的销售数据整理成一个Excel表格，然后发给我。记得，要包括每个产品的详细销量和增长率，周五之前给我就行。,请于周五前将上一季度各产品销量及增长率的销售数据整理成Excel表格并发送。,"整理, 详细销量, 增长率, 周五之前",“整理”是核心任务；“详细销量”和“增长率”是具体内容要求；“周五之前”是时间节点，需明确。,,
608,chitchat,happy,哈哈，我周末去看电影了，哇，那部片子真的超好看！嗯，特效做得特别棒，剧情也很感人，呃，你一定要去看！绝对不亏！,我周末去看电影了，那部片子真的超好看！特效做得特别棒，剧情也很感人，你一定要去看！绝对不亏！,周末所看电影特效精彩、剧情感人，强烈推荐观看。,"超好看, 特别棒, 一定要去看",“超好看”是总体积极评价；“特别棒”强调优点；“一定要去看”是强烈推荐的动作。,,
609,notice,sad,嗯...很遗憾地通知大家，由于公司业务调整，啊，我们部门的李华同事将于本月底离职。呃，感谢他这些年来的辛勤付出，希望大家有空一起，嗯，为他办个欢送会。,很遗憾地通知大家，由于公司业务调整，我们部门的李华同事将于本月底离职。感谢他这些年来的辛勤付出，希望大家有空一起为他办个欢送会。,因业务调整，李华同事将于本月底离职，感谢其付出并计划举办欢送会。,"很遗憾, 业务调整, 离职, 辛勤付出",“很遗憾”定下悲伤基调；“业务调整”是客观原因；“离职”是核心事件；“辛勤付出”表达感激和惋惜。,,
610,task,disgusted,哎呀这个供应商真是的，又发错货了！呃，你赶紧联系一下他们，啊，语气强硬一点，要求他们今天必须把正确的货品发出来，并且承担所有运费！,这个供应商真是的，又发错货了！你赶紧联系一下他们，语气强硬一点，要求他们今天必须把正确的货品发出来，并且承担所有运费！,供应商再次发错货，请立即联系并要求其今日重发正确商品并承担运费。,"又发错货了, 必须, 承担所有运费",“又发错货了”表达厌恶和不满；“必须”是强硬要求；“承担所有运费”是合理追责，需强调。,,
611,chitchat,surprised,我的天呐！你猜我刚刚在楼下碰到谁了？呃，就是我们大学时候的班长！哇，好多年没见了，他一点都没变！,你猜我刚刚在楼下碰到谁了？就是我们大学时候的班长！好多年没见了，他一点都没变！,在楼下意外遇到了多年未见的大学班长，其样貌变化不大。,"我的天呐, 谁了, 一点都没变",“我的天呐”表示惊讶；“谁了”设置悬念；“一点都没变”是令人惊讶的具体点。,,
612,notice,calm,嗯，提醒一下，明天，呃，公司年度体检的报告就可以在员工系统里查看了。啊，大家可以自行登录下载，如果有任何异常指标，建议及时咨询医生。,提醒一下，明天公司年度体检的报告就可以在员工系统里查看了。大家可以自行登录下载，如果有任何异常指标，建议及时咨询医生。,明日可登录员工系统查看并下载年度体检报告，若有异常请及时咨询医生。,"年度体检, 自行登录, 异常指标",“年度体检”是事件主题；“自行登录”是操作方式；“异常指标”是需关注的重点。,,
613,task,happy,太好了！客户那边终于确认了最终设计稿！嗯，你接下来就可以，啊，开始准备生产文件了。哇，记得仔细一点哦，这次项目很顺利！,太好了！客户那边终于确认了最终设计稿！你接下来就可以开始准备生产文件了。记得仔细一点哦，这次项目很顺利！,客户已确认最终设计稿，请开始仔细准备生产文件。,"终于, 开始准备, 仔细一点",“终于”表达喜悦和解脱；“开始准备”是下一阶段任务；“仔细一点”是重要的质量要求。,,
614,chitchat,fearful,哎，我感觉我好像闯祸了...嗯，刚才不小心把咖啡洒在陈总桌子上的那份文件上了，呃，虽然擦干了但字有点花，啊，他会不会很生气啊？,我感觉我好像闯祸了...刚才不小心把咖啡洒在陈总桌子上的那份文件上了，虽然擦干了但字有点花，他会不会很生气啊？,不慎将咖啡洒在陈总文件上导致字迹模糊，担心其会生气。,"闯祸了, 不小心, 会不会很生气",“闯祸了”表达恐惧的开端；“不小心”说明非故意；“会不会很生气”是担忧的核心。,,
615,notice,surprised,紧急通知！啊，刚刚接到通知，原定于下午3点的会议，呃，因为主讲人临时有事，需要提前到1点半开始！哇，请大家相互转告，准时参加！,紧急通知！刚刚接到通知，原定于下午3点的会议，因为主讲人临时有事，需要提前到1点半开始！请大家相互转告，准时参加！,原定下午3点的会议因故提前至1点半开始，请准时参加。,"紧急通知, 提前到1点半, 相互转告",“紧急通知”引起注意；“提前到1点半”是重大变更，需强调；“相互转告”是紧急情况下的必要动作。,,
616,task,sad,这个季度的销售数据，嗯...看起来不太理想，特别是华东区的下滑很严重。啊，你做个详细的分析报告吧，呃，找出主要原因，周五我们开会讨论一下。,这个季度的销售数据看起来不太理想，特别是华东区的下滑很严重。你做个详细的分析报告吧，找出主要原因，周五我们开会讨论一下。,本季度销售数据不佳，尤以华东区为甚，请分析原因并准备报告于周五讨论。,"不太理想, 华东区, 详细分析, 主要原因",“不太理想”定下消极基调；“华东区”是问题重点区域；“详细分析”和“主要原因”是报告的核心要求。,,
617,chitchat,angry,气死我了！刚才打车那个司机，呃，不仅绕路，啊，态度还特别差！哇，我直接投诉他了，绝对不能惯着！,气死我了！刚才打车那个司机不仅绕路，态度还特别差！我直接投诉他了，绝对不能惯着！,对出租车司机绕路且态度恶劣的行为感到愤怒，已进行投诉。,"气死我了, 绕路, 态度差, 投诉",“气死我了”直接表达愤怒；“绕路”和“态度差”是具体原因；“投诉”是采取的报复行动，需重读。,,
618,notice,disgusted,啧，又说一遍，洗手间的卫生问题！啊，用完以后能不能自觉冲干净？呃，还有纸巾不要乱扔！这已经不是第一次提醒了，希望大家注意点素质。,又说一遍，洗手间的卫生问题！用完以后能不能自觉冲干净？还有纸巾不要乱扔！这已经不是第一次提醒了，希望大家注意点素质。,再次强调洗手间使用后请冲水并妥善处理纸巾，维护公共卫生。,"卫生问题, 冲干净, 不要乱扔, 注意点素质",“卫生问题”是令人反感的事件；“冲干净”和“不要乱扔”是具体要求；“注意点素质”是 disgusted 情绪的直接表达。,,
619,task,calm,嗯，下周三之前，啊，需要把部门明年度的预算规划初稿做出来。呃，你先拟个框架，包括人员、设备和活动经费这些主要部分，然后发给我看。,下周三之前，需要把部门明年度的预算规划初稿做出来。你先拟个框架，包括人员、设备和活动经费这些主要部分，然后发给我看。,请于下周三前起草部门明年度预算规划框架，涵盖人、设备及活动经费等主要部分。,"下周三之前, 预算规划, 主要部分",“下周三之前”是截止时间；“预算规划”是任务核心；“主要部分”是内容范围，需明确。,,
620,chitchat,happy,哈哈，我儿子今天在学校画画比赛拿了一等奖！嗯，就是画我们全家去动物园的那次，哇，老师说他色彩用得特别大胆！,我儿子今天在学校画画比赛拿了一等奖！就是画我们全家去动物园的那次，老师说他色彩用得特别大胆！,儿子在学校画画比赛中凭借一幅动物园主题的作品获得一等奖，老师称赞其色彩运用。,"一等奖, 动物园, 特别大胆",“一等奖”是喜悦的根源；“动物园”是作品主题；“特别大胆”是受称赞的优点，值得骄傲。,,
621,task,surprised,哇哦！刚刚收到消息，我们之前申请的那个大型展会名额，嗯，居然批下来了！啊，你赶紧准备一下核心产品的介绍资料，呃，要最高规格的那种！时间有点紧！,刚刚收到消息，我们之前申请的那个大型展会名额居然批下来了！你赶紧准备一下核心产品的介绍资料，要最高规格的那种！时间有点紧！,之前申请的大型展会名额已获批，请立即准备最高规格的核心产品介绍资料。,"居然批下来了, 赶紧, 最高规格",“居然批下来了”表达意外之喜；“赶紧”强调紧迫性；“最高规格”是明确的质量要求，需突出。,,
622,chitchat,fearful,哎，你说...我刚才好像看到老板和总监在会议室里，呃，脸色特别严肃，啊，还在看我们部门的报表...不会出什么事了吧？有点担心。,你说...我刚才好像看到老板和总监在会议室里脸色特别严肃，还在看我们部门的报表...不会出什么事了吧？有点担心。,目睹老板与总监面色严肃地查阅本部门报表，担心有不好的事情发生。,"脸色特别严肃, 我们部门, 不会出什么事了吧",“脸色特别严肃”是担忧的起因；“我们部门”是关联对象，引发焦虑；“不会出什么事了吧”直接表达了恐惧的核心。,,
623,notice,angry,无法容忍！再次强调！啊！公司的保密协议不是摆设！呃，严禁在任何公共场合、啊，包括电梯和餐厅，讨论客户数据和项目细节！违者严肃处理！,无法容忍！再次强调！公司的保密协议不是摆设！严禁在任何公共场合、包括电梯和餐厅，讨论客户数据和项目细节！违者严肃处理！,严禁在任何公共场所讨论客户数据与项目细节，违反保密协议者将受严肃处理。,"无法容忍, 不是摆设, 严禁, 严肃处理",“无法容忍”设定愤怒基调；“不是摆设”强调协议有效性；“严禁”是绝对禁止的指令；“严肃处理”是警告后果，需重读。,,
624,task,disgusted,唉，这份报告写的什么玩意儿，嗯，数据来源全是过时的，啊，结论也根本站不住脚。拿回去重写！呃，我要看到最新市场数据和严谨的逻辑！,这份报告写的什么玩意儿，数据来源全是过时的，结论也根本站不住脚。拿回去重写！我要看到最新市场数据和严谨的逻辑！,报告因数据过时且结论不严谨被退回，要求用最新市场数据重写。,"什么玩意儿, 重写, 最新, 严谨",“什么玩意儿”表达强烈的厌恶和不满；“重写”是明确指令；“最新”和“严谨”是重写的核心要求，需强调。,,
625,chitchat,happy,哈哈！记得我们上次说的那家超难排的火锅店吗？嗯，我居然在APP上抢到位置的！啊，周六晚上！呃，一起吗？,记得我们上次说的那家超难排的火锅店吗？我居然在APP上抢到位置的！周六晚上！一起吗？,成功预约到此前难以排位的火锅店，邀请对方周六晚一同前往。,"居然, 抢到, 周六晚上",“居然”表示惊喜和难以置信；“抢到”是成功的动作；“周六晚上”是具体时间，值得高兴。,,
626,notice,calm,各位同事，嗯，前台新到了一批快递，啊，大部分是项目样品。呃，请大家根据收件人信息自行领取，嗯，贵重物品请当面拆箱验收。,各位同事，前台新到了一批快递，大部分是项目样品。请大家根据收件人信息自行领取，贵重物品请当面拆箱验收。,前台有快递到达，多为项目样品，请自行领取并验收贵重物品。,"新到了一批, 自行领取, 当面拆箱验收",“新到了一批”通知事件；“自行领取”是操作方式；“当面拆箱验收”是针对贵重物品的特殊要求，需注意。,,
627,task,sad,这个项目的反馈回来了...嗯，用户满意度很低，啊，特别是对交互界面有很多负面评价。呃，我们需要整理所有这些反馈，啊，列出一个详细的修改点清单。,这个项目的反馈回来了...用户满意度很低，特别是对交互界面有很多负面评价。我们需要整理所有这些反馈，列出一个详细的修改点清单。,项目用户满意度低，尤以交互界面为甚，需整理负面反馈并列出详细修改清单。,"满意度很低, 交互界面, 详细修改点",“满意度很低”定下消极基调；“交互界面”是问题集中点；“详细修改点”是下一步工作的核心。,,
628,chitchat,surprised,我的天！你看群里消息了吗？呃，小王居然辞职了！啊，一点征兆都没有！哇，太突然了！,你看群里消息了吗？小王居然辞职了！一点征兆都没有！太突然了！,得知同事小王毫无征兆地突然辞职，感到非常意外。,"居然辞职了, 一点征兆都没有, 太突然了",“居然辞职了”是核心惊讶事件；“一点征兆都没有”强调意外性；“太突然了”直接表达惊讶情绪。,,
629,notice,fearful,紧急提醒！啊，IT部门检测到有钓鱼邮件伪装成人事部发放补贴，嗯，请大家千万不要点击任何可疑链接！呃，立即报告IT部门！啊，以免造成数据泄露！,紧急提醒！IT部门检测到有钓鱼邮件伪装成人事部发放补贴，请大家千万不要点击任何可疑链接！立即报告IT部门！以免造成数据泄露！,警惕伪装成人事部的钓鱼邮件，切勿点击可疑链接，请立即报告IT部门。,"钓鱼邮件, 千万不要, 立即报告, 数据泄露",“钓鱼邮件”是风险来源；“千万不要”是强烈警告；“立即报告”是应对措施；“数据泄露”是可能发生的严重后果，需强调。,,
630,task,happy,太好啦！品牌方同意了我们提出的联名方案！嗯，下一步，啊，你可以开始联系设计师和工厂打样了！哇，期待最终产品！,太好啦！品牌方同意了我们提出的联名方案！下一步，你可以开始联系设计师和工厂打样了！期待最终产品！,品牌方已同意联名方案，请开始联系设计师与工厂进行打样。,"同意, 联名方案, 打样",“同意”是令人高兴的结果；“联名方案”是项目核心；“打样”是启动的下一步关键动作。,,
631,chitchat,disgusted,咦~你看地上那个污水痕迹，嗯，好像是楼上又漏水的了...呃，味道真难闻，啊，这已经是第三次了，物业怎么还没修好？,你看地上那个污水痕迹，好像是楼上又漏水的了...味道真难闻，这已经是第三次了，物业怎么还没修好？,发现地上有疑似楼上漏水造成的污痕且伴有异味，对物业未能彻底修复表示不满。,"污水痕迹, 真难闻, 第三次",“污水痕迹”是令人厌恶的源头；“真难闻”强化了不适感；“第三次”表达了不满和无奈的重演。,,
632,notice,calm,温馨提示：嗯，下周公司将进行空调系统清洗，啊，时间安排在周六全天。呃，届时请勿将物品放置在空调出风口附近，嗯，以免落灰。,温馨提示：下周公司将进行空调系统清洗，时间安排在周六全天。届时请勿将物品放置在空调出风口附近，以免落灰。,公司将于周六进行空调系统清洗，请勿在出风口附近放置物品。,"空调系统清洗, 请勿, 出风口附近",“空调系统清洗”是事件主题；“请勿”是注意事项；“出风口附近”是需要留意的具体区域。,,
633,task,angry,这份合同里的价格数字是怎么核对的？！啊？比报价单低了整整十万！呃，这种错误绝对不能发生！立刻去找客户解释并重新签！啊，今天必须搞定！,这份合同里的价格数字是怎么核对的？！比报价单低了整整十万！这种错误绝对不能发生！立刻去找客户解释并重新签！今天必须搞定！,合同价格较报价单错误地低了十万元，必须立即联系客户重新签订并于今日完成。,"怎么核对的, 整整十万, 绝对不能, 必须搞定",“怎么核对的”表达愤怒质问；“整整十万”强调错误严重性；“绝对不能”是强烈否定；“必须搞定”是死命令，需重读。,,
634,chitchat,sad,唉...我养了快十年的那条金毛，嗯，上周生病走了...啊，心里空落落的，呃，回家总觉得它还在门口等我。,我养了快十年的那条金毛上周生病走了...心里空落落的，回家总觉得它还在门口等我。,饲养多年的金毛犬于上周病逝，感到非常伤心和不习惯。,"快十年, 走了, 空落落的",“快十年”强调感情深厚；“走了”是悲伤的根源；“空落落的”直接描述失落的心境。,,
635,notice,surprised,快看邮件！哇！总部刚刚宣布，嗯，今年全球业绩突出，啊，所有员工额外获得一周带薪假期！呃，太难以置信了！,快看邮件！总部刚刚宣布今年全球业绩突出，所有员工额外获得一周带薪假期！太难以置信了！,因全球业绩突出，总部宣布所有员工可获得额外一周带薪假期。,"全球业绩突出, 所有员工, 一周带薪假期",“全球业绩突出”是惊喜的原因；“所有员工”涵盖范围广，增强惊喜感；“一周带薪假期”是惊喜的具体内容，值得突出。,,
636,task,fearful,呃...刚发现我们提交给政府的报告里，嗯，有一个数据可能引用错了来源...啊，你赶紧核对一下原始数据文件，呃，万一错了我们得立刻发更正函，这很严重。,刚发现我们提交给政府的报告里有一个数据可能引用错了来源...你赶紧核对一下原始数据文件，万一错了我们得立刻发更正函，这很严重。,发现提交给政府的报告中可能存在数据来源引用错误，请立即核对原始文件，准备可能需要的更正。,"可能引用错了, 赶紧核对, 立刻发更正函, 很严重",“可能引用错了”是风险来源，引发担忧；“赶紧核对”是紧急应对；“立刻发更正函”是可能需要的补救措施；“很严重”强调后果的严重性。,,
637,chitchat,happy,哈哈哈！我抽中啦！嗯，就是那个品牌方搞的抽奖，啊，我拿到了他们最新款的全套护肤品！哇，太幸运了！,我抽中啦！就是那个品牌方搞的抽奖，我拿到了他们最新款的全套护肤品！太幸运了！,在品牌抽奖活动中幸运获胜，获得了最新款的全套护肤品。,"抽中啦, 最新款, 全套, 太幸运了",“抽中啦”表达狂喜；“最新款”和“全套”说明奖品价值高；“太幸运了”是喜悦的总结。,,
638,notice,disgusted,啧！茶水间的水槽又堵了！嗯，里面全是茶叶渣和咖啡渣！啊，说过多少次了不要往里倒！呃，现在暂停使用，等后勤来通。,茶水间的水槽又堵了！里面全是茶叶渣和咖啡渣！说过多少次了不要往里倒！现在暂停使用，等后勤来通。,茶水间水槽因被倒入茶叶渣和咖啡渣再次堵塞，现暂停使用等待维修。,"又堵了, 茶叶渣和咖啡渣, 不要往里倒",“又堵了”表示问题重复发生，令人厌烦；“茶叶渣和咖啡渣”是具体原因，令人不悦；“不要往里倒”是重申规定，带有怒气。,,
639,task,calm,下个月的客户研讨会，嗯，我们需要准备一份简单的会议议程和欢迎礼包。啊，你负责起草一下议程初稿，呃，礼包内容清单下周三前给我就好。,下个月的客户研讨会我们需要准备一份简单的会议议程和欢迎礼包。你负责起草一下议程初稿，礼包内容清单下周三前给我就好。,请为下月客户研讨会起草会议议程初稿，并于下周三前提交欢迎礼包内容清单。,"客户研讨会, 起草, 下周三前",“客户研讨会”是任务背景；“起草”是核心动作；“下周三前”是时间节点，需明确。,,
640,chitchat,surprised,哇！你看窗外！呃，突然下好大的冰雹啊！啊，密密麻麻的，打得窗户噼里啪啦响！嗯，这天气也太反常了！,你看窗外！突然下好大的冰雹啊！密密麻麻的，打得窗户噼里啪啦响！这天气也太反常了！,窗外突然下起密集的冰雹，天气异常，声响很大。,"好大的冰雹, 噼里啪啦响, 太反常了",“好大的冰雹”是惊讶对象；“噼里啪啦响”形容声势浩大，增强惊讶感；“太反常了”是对异常天气的评论。,,
641,notice,sad,各位，嗯，一个不幸的消息，啊，我们合作多年的供应商张总，呃，因突发疾病于昨日去世...嗯，后续工作会由李经理接手，大家节哀。,各位，一个不幸的消息，我们合作多年的供应商张总因突发疾病于昨日去世...后续工作会由李经理接手，大家节哀。,合作多年的供应商张总昨日因突发疾病去世，后续工作由李经理接手，请大家节哀。,"不幸的消息, 突发疾病, 去世, 节哀",“不幸的消息”定下基调；“突发疾病”说明原因突然；“去世”是核心悲伤事件；“节哀”是表达哀思。,,
642,task,happy,嘿！告诉你个好事！嗯，老板特批了一笔团队建设经费，啊，我们部门周末可以去郊外团建啦！呃，你想想有什么好玩的活动？,告诉你个好事！老板特批了一笔团队建设经费，我们部门周末可以去郊外团建啦！你想想有什么好玩的活动？,老板特批团建经费，部门周末将去郊外团建，征集活动想法。,"特批, 团建, 郊外",“特批”表示惊喜；“团建”是高兴的事件；“郊外”是令人愉悦的地点。,,
643,chitchat,calm,嗯，今天下午没什么急事，啊，我打算把之前没整理完的文档好好归归类，呃，不然太乱了找起来也麻烦。,今天下午没什么急事，我打算把之前没整理完的文档好好归归类，不然太乱了找起来也麻烦。,下午计划整理未归档的文档，以便于查找。,"归归类, 太乱了",“归归类”是平静的计划；“太乱了”是需要整理的原因，语气平稳。,,
644,notice,fearful,注意！注意！啊，大楼消防系统触发误报警，呃，请大家不要惊慌，嗯，但务必遵循消防通道指示有序下楼，在空地集合等待通知！,注意！注意！大楼消防系统触发误报警，请大家不要惊慌，但务必遵循消防通道指示有序下楼，在空地集合等待通知！,大楼消防误报警，请保持镇定但需按指示下楼至空地集合等候。,"误报警, 不要惊慌, 务必, 集合",“误报警”说明虚惊一场；“不要惊慌”是安抚；“务必”强调必须执行；“集合”是关键动作，需清晰指示。,,
645,task,surprised,天哪！客户刚刚说，嗯，他们CEO明天临时要来参观我们公司！啊，你赶紧把样品间最好的产品摆出来，呃，再准备一份最新的产品册！,客户刚刚说他们CEO明天临时要来参观我们公司！你赶紧把样品间最好的产品摆出来，再准备一份最新的产品册！,客户CEO明日临时来访，请立即布置样品间并准备最新产品册。,"临时要来, 赶紧, 最好的, 最新的",“临时要来”表示突发和意外；“赶紧”要求立即行动；“最好的”和“最新的”是核心要求，需突出。,,
646,chitchat,angry,真是受不了！楼上那家每天晚上十点多就开始跳绳！啊？跟他说了好几次了，呃，嘴上答应得好好的，结果还是照样跳！,真是受不了！楼上那家每天晚上十点多就开始跳绳！跟他说了好几次了，嘴上答应得好好的，结果还是照样跳！,对楼上邻居每晚十点多跳绳且多次沟通无效感到非常气愤。,"每天晚上, 好几次了, 照样跳",“每天晚上”强调频率高，令人烦躁；“好几次了”说明问题持续；“照样跳”表达对方无视承诺的愤怒。,,
647,notice,calm,各位同事，嗯，公司网络将于今晚10点至次日凌晨2点进行升级维护，啊，期间可能会出现短暂网络中断，呃，请大家提前保存工作。,各位同事，公司网络将于今晚10点至次日凌晨2点进行升级维护，期间可能会出现短暂网络中断，请大家提前保存工作。,公司网络今晚10点至凌晨2点进行维护，期间可能短暂中断，请提前保存工作。,"升级维护, 网络中断, 提前保存",“升级维护”是事件原因；“网络中断”是可能的影响；“提前保存”是重要建议，需平稳传达。,,
648,task,disgusted,这份报价单谁做的？嗯，数字对不上，啊，格式也乱七八糟！拿回去重做！呃，我要的是清晰、准确、专业的报价，不是草稿！,这份报价单谁做的？数字对不上，格式也乱七八糟！拿回去重做！我要的是清晰、准确、专业的报价，不是草稿！,报价单因数字错误和格式混乱被退回，要求重做清晰准确专业的版本。,"数字对不上, 乱七八糟, 重做, 清晰准确专业",“数字对不上”是严重错误；“乱七八糟”表达厌恶；“重做”是指令；“清晰准确专业”是明确要求。,,
649,chitchat,happy,哇塞！我刚发现一家宝藏咖啡馆！嗯，就在公司后面那条小巷子里，啊，咖啡好喝还不贵，环境也特别安静！,我刚发现一家宝藏咖啡馆！就在公司后面那条小巷子里，咖啡好喝还不贵，环境也特别安静！,在公司后巷发现一家性价比高、环境安静的优质咖啡馆。,"宝藏咖啡馆, 好喝还不贵, 特别安静",“宝藏咖啡馆”表达惊喜发现；“好喝还不贵”是优点；“特别安静”是另一个吸引人的特点。,,
650,notice,surprised,突发通知！啊，原定于明天举行的发布会，呃，因主讲人航班取消被迫推迟！哇，具体时间另行通知，请大家谅解并及时调整日程！,突发通知！原定于明天举行的发布会因主讲人航班取消被迫推迟！具体时间另行通知，请大家谅解并及时调整日程！,因主讲人航班取消，明日发布会推迟，具体时间待通知。,"突发通知, 航班取消, 被迫推迟",“突发通知”引起注意；“航班取消”是意外原因；“被迫推迟”是令人惊讶的结果，需强调。,,
651,task,sad,这个功能模块的用户投诉，嗯...比上个季度增加了三成，啊，主要是响应速度太慢。呃，你需要优先优化一下性能，下周一给我个初步方案。,这个功能模块的用户投诉比上个季度增加了三成，主要是响应速度太慢。你需要优先优化一下性能，下周一给我个初步方案。,该功能模块用户投诉量增三成，主因响应慢，请优先优化性能并于下周一提交初步方案。,"增加了三成, 响应速度太慢, 优先优化",“增加了三成”量化问题严重性；“响应速度太慢”是具体问题；“优先优化”是紧急任务指令。,,
652,chitchat,fearful,哎，我好像...嗯...把老板交代的那件特别重要的事给忘了...啊，到底是什么事来着？一点都想不起来了，怎么办...,我好像把老板交代的那件特别重要的事给忘了...到底是什么事来着？一点都想不起来了，怎么办...,似乎忘记了老板交代的一件重要事项，感到非常焦虑。,"特别重要的事, 忘了, 想不起来了",“特别重要的事”强调后果严重性；“忘了”是恐惧根源；“想不起来了”加剧焦虑感。,,
653,notice,angry,重申！公司储物柜是存放私人物品的！啊！不是让你们放过期文件甚至零食的！呃，周五前全部清理干净！否则未清理物品将视为垃圾处理！,重申！公司储物柜是存放私人物品的！不是让你们放过期文件甚至零食的！周五前全部清理干净！否则未清理物品将视为垃圾处理！,公司储物柜仅限存放私人物品，禁止存放文件或食品，请于周五前清理，违者物品将被丢弃。,"存放私人物品的, 过期文件甚至零食, 清理干净, 垃圾处理",“存放私人物品的”强调正确用途；“过期文件甚至零食”举例错误用法，带怒气；“清理干净”是强硬要求；“垃圾处理”说明后果。,,
654,task,calm,下个月的部门例会，嗯，需要准备一个关于上季度市场趋势的分享，啊，大概15分钟左右。呃，你这周抽空准备一下PPT吧。,下个月的部门例会需要准备一个关于上季度市场趋势的分享，大概15分钟左右。你这周抽空准备一下PPT吧。,请于本周内准备一份15分钟的上季度市场趋势分享PPT，用于下月部门例会。,"市场趋势, 15分钟, 抽空准备",“市场趋势”是内容主题；“15分钟”是时长要求；“抽空准备”语气缓和，表示非极度紧急。,,
655,chitchat,surprised,我的天！你看新闻了吗？呃，我们常去的那家商场，啊，昨晚发生火灾了！哇，幸好是半夜没人，但烧得好严重！,你看新闻了吗？我们常去的那家商场昨晚发生火灾了！幸好是半夜没人，但烧得好严重！,常去的商场昨夜发生严重火灾，所幸半夜无人伤亡。,"发生火灾了, 半夜没人, 好严重",“发生火灾了”是震惊事件；“半夜没人”是不幸中的万幸；“好严重”强调火灾程度。,,
656,notice,happy,好消息！啊，公司决定从本月起，呃，提供免费下午茶啦！嗯，每周三下午3点，在茶水间，欢迎大家来享用！,好消息！公司决定从本月起提供免费下午茶啦！每周三下午3点，在茶水间，欢迎大家来享用！,公司本月起每周三下午3点于茶水间提供免费下午茶。,"免费下午茶啦, 每周三, 欢迎大家",“免费下午茶啦”是令人高兴的福利；“每周三”是固定时间；“欢迎大家”是热情邀请。,,
657,task,disgusted,这家的产品质量也太不稳定了！嗯，这批货里面又有将近百分之十的不良品！啊，立刻停止和他们的合作，呃，寻找新的供应商！,这家的产品质量也太不稳定了！这批货里面又有将近百分之十的不良品！立刻停止和他们的合作，寻找新的供应商！,该供应商产品质量极不稳定，本批有10%不良品，请立即停止合作并寻找新供应商。,"太不稳定了, 百分之十的不良品, 停止合作",“太不稳定了”表达强烈不满；“百分之十的不良品”量化问题；“停止合作”是果断决定。,,
658,chitchat,calm,嗯，今天工作差不多完成了，啊，我打算准点下班。呃，回去路上买点菜，晚上自己做顿饭，放松一下。,今天工作差不多完成了，我打算准点下班。回去路上买点菜，晚上自己做顿饭，放松一下。,今日工作已完成，计划准点下班买菜回家做饭以放松身心。,"准点下班, 自己做顿饭, 放松一下",“准点下班”是平静的计划；“自己做顿饭”是休闲方式；“放松一下”是目的，语气平和。,,
659,notice,fearful,重要提醒！啊，近期园区内发生多起笔记本电脑在工位失窃事件，呃，请大家务必保管好个人财物，嗯，短暂离开也请锁屏并收好电脑！,重要提醒！近期园区内发生多起笔记本电脑在工位失窃事件，请大家务必保管好个人财物，短暂离开也请锁屏并收好电脑！,园区内近期多发工位电脑失窃，请务必妥善保管财物，短暂离开时也请锁屏收好电脑。,"多起, 失窃事件, 务必保管, 锁屏并收好",“多起”说明频率高，引人警惕；“失窃事件”是风险类型；“务必保管”是强烈建议；“锁屏并收好”是具体防护措施。,,
660,task,surprised,哇！刚收到消息，我们投的那个创意奖入围最终轮了！啊，需要准备一个3分钟的线上陈述，呃，下周三前必须提交，你赶紧准备起来！,刚收到消息，我们投的那个创意奖入围最终轮了！需要准备一个3分钟的线上陈述，下周三前必须提交，你赶紧准备起来！,创意奖入围最终轮，需准备3分钟线上陈述并于下周三前提交，请立即开始准备。,"入围最终轮了, 3分钟, 必须提交, 赶紧准备",“入围最终轮了”是意外惊喜；“3分钟”是具体要求；“必须提交”是deadline；“赶紧准备”体现紧迫性。,,
661,chitchat,sad,唉，我养的那盆最喜欢的月季，嗯，不知道是不是感染了红蜘蛛，啊，叶子都快掉光了...可能救不活了...,我养的那盆最喜欢的月季不知道是不是感染了红蜘蛛，叶子都快掉光了...可能救不活了...,最喜爱的月季可能感染红蜘蛛，叶片脱落严重，或许无法救活。,"最喜欢的, 叶子掉光了, 救不活了",“最喜欢的”表达情感价值；“叶子掉光了”描述糟糕状况；“救不活了”表达悲伤无奈。,,
662,notice,calm,通知：嗯，人力资源部将于下周一起，啊，进行年度员工档案信息核对，呃，请大家抽空检查一下系统中个人信息的准确性。,通知：人力资源部将于下周一起进行年度员工档案信息核对，请大家抽空检查一下系统中个人信息的准确性。,人力资源部下周起进行年度档案核对，请各位检查系统中个人信息是否准确。,"年度员工档案信息核对, 检查, 准确性",“年度员工档案信息核对”是事件主题；“检查”是要求动作；“准确性”是检查核心。,,
663,task,happy,太好啦！客户对方案非常满意，嗯，直接签约了！啊，你把这个成功案例整理一下，呃，做成一个标准的模板，以后可以参考！,太好啦！客户对方案非常满意，直接签约了！你把这个成功案例整理一下，做成一个标准的模板，以后可以参考！,客户对方案十分满意并已签约，请将此成功案例整理成标准模板以供参考。,"非常满意, 直接签约了, 成功案例",“非常满意”是积极反馈；“直接签约了”是理想结果；“成功案例”是待整理的内容。,,
664,chitchat,angry,真气人！我预约了半个月的专家号，呃，结果医院系统故障，啊，号全没了！又要重新排队！这什么破系统！,真气人！我预约了半个月的专家号结果医院系统故障号全没了！又要重新排队！这什么破系统！,因医院系统故障，预约已久的专家号失效，需重新排队，令人气愤。,"专家号, 系统故障, 号全没了, 破系统",“专家号”是珍贵资源；“系统故障”是问题原因；“号全没了”是损失结果；“破系统”直接表达愤怒。,,
665,notice,surprised,紧急通知！啊，因极端天气预警，呃，公司今天下午3点后启动居家办公模式！哇，请大家尽快整理必要物品，确保工作不受影响！,紧急通知！因极端天气预警公司今天下午3点后启动居家办公模式！请大家尽快整理必要物品确保工作不受影响！,因极端天气预警，今日下午3点后启动居家办公，请尽快整理物品确保工作 continuity。,"极端天气预警, 3点后, 居家办公, 尽快整理",“极端天气预警”是意外原因；“3点后”是明确时间点；“居家办公”是模式切换；“尽快整理”是紧急动作。,,
666,task,sad,这个项目的预算，嗯...严重超支了，啊，超了将近百分之二十。呃，你需要写一份详细的超支原因说明报告，明天交给我。,这个项目的预算严重超支了，超了将近百分之二十。你需要写一份详细的超支原因说明报告明天交给我。,项目预算严重超支近20%，请撰写详细超支原因说明报告并于明日提交。,"严重超支了, 百分之二十, 详细说明",“严重超支了”定下消极基调；“百分之二十”量化问题严重程度；“详细说明”是报告要求。,,
667,chitchat,fearful,我感觉...嗯...最近好像被人跟踪了...啊，下班路上总觉得有人跟着我，呃，回头又看不到具体是谁...有点害怕...,我感觉最近好像被人跟踪了...下班路上总觉得有人跟着我回头又看不到具体是谁...有点害怕...,感觉近期下班途中被人跟踪，但无法确认，心生恐惧。,"被跟踪了, 有人跟着, 有点害怕",“被跟踪了”是恐惧来源；“有人跟着”描述感觉；“有点害怕”直接表达恐惧情绪。,,
668,notice,disgusted,再次强调！呃，洗手间不是吸烟区！啊，烟头不要扔进马桶或者垃圾桶里！嗯，烟味和安全隐患都让人无法忍受！,再次强调！洗手间不是吸烟区！烟头不要扔进马桶或者垃圾桶里！烟味和安全隐患都让人无法忍受！,严禁在洗手间吸烟，请勿将烟头扔入马桶或垃圾桶，以免产生异味及安全隐患。,"不是吸烟区, 不要扔, 无法忍受",“不是吸烟区”明确禁止；“不要扔”是具体要求；“无法忍受”表达强烈厌恶。,,
669,task,calm,下周五之前，啊，需要把明年第一季度的市场推广计划的大纲做出来，嗯，不用太详细，有个初步思路和主要方向就行。,下周五之前需要把明年第一季度的市场推广计划的大纲做出来不用太详细有个初步思路和主要方向就行。,请于下周五前起草明年第一季度市场推广计划的初步大纲，包含主要思路和方向即可。,"下周五之前, 大纲, 初步思路",“下周五之前”是时间节点；“大纲”是交付物要求；“初步思路”降低完成难度，语气平和。,,
670,chitchat,happy,哈哈！我抢到票了！嗯，就是那个特别难抢的演唱会！啊，内场前排！呃，开心到爆炸！,我抢到票了！就是那个特别难抢的演唱会！内场前排！开心到爆炸！,成功抢到心仪演唱会的内场前排门票，非常兴奋。,"抢到票了, 特别难抢, 内场前排",“抢到票了”是成功动作；“特别难抢”衬托喜悦；“内场前排”是喜悦升级的原因。,,
671,notice,angry,最后警告！啊！办公区的绿植是公共财产！呃，不是让你们随便摘叶子、掐花苞的！嗯，再发现一次直接照价赔偿！,最后警告！办公区的绿植是公共财产！不是让你们随便摘叶子掐花苞的！再发现一次直接照价赔偿！,办公区绿植为公共财产，严禁破坏，再发现摘叶掐花行为需照价赔偿。,"公共财产, 随便摘叶子掐花苞, 照价赔偿",“公共财产”强调归属；“随便摘叶子掐花苞”是具体错误行为，带怒气；“照价赔偿”是惩罚措施。,,
672,task,surprised,哇！刚得知竞争对手突然发布了跟我们类似的产品！啊，功能几乎一样！呃，我们需要立刻调整发布策略，明天一早开会讨论！,刚得知竞争对手突然发布了跟我们类似的产品！功能几乎一样！我们需要立刻调整发布策略明天一早开会讨论！,竞争对手突然发布类似产品，需立即调整发布策略，明早开会讨论。,"突然发布了, 类似的产品, 立刻调整",“突然发布了”表示意外；“类似的产品”构成威胁；“立刻调整”是紧急应对。,,
673,chitchat,calm,嗯，周末打算去图书馆待一天，啊，借两本一直想看的书，呃，再找个安静的角落看看资料，充充电。,周末打算去图书馆待一天借两本一直想看的书再找个安静的角落看看资料充充电。,计划周末去图书馆借阅书籍并阅读资料进行自我提升。,"图书馆, 想看的书, 充充电",“图书馆”是安静地点；“想看的书”是期待事项；“充充电”是平和的目标。,,
674,notice,fearful,紧急提醒！啊，警方通报附近出现冒充快递员入户盗窃团伙，呃，大家收取快递时务必核实身份，嗯，切勿让陌生人随意进门！,紧急提醒！警方通报附近出现冒充快递员入户盗窃团伙大家收取快递时务必核实身份切勿让陌生人随意进门！,附近出现冒充快递员的盗窃团伙，收取快递时请务必核实身份，勿让陌生人进门。,"冒充快递员, 务必核实身份, 切勿让",“冒充快递员”是风险来源；“务必核实身份”是防护关键；“切勿让”是强烈警告。,,
675,task,happy,好消息！嗯，我们申请的那个特别经费批下来啦！啊，你可以开始着手采购项目需要的那批高级设备了！呃，记得走正规采购流程。,好消息！我们申请的那个特别经费批下来啦！你可以开始着手采购项目需要的那批高级设备了！记得走正规采购流程。,申请的特殊经费已获批，可开始按正规流程采购项目所需的高级设备。,"批下来啦, 高级设备, 正规采购流程",“批下来啦”表达喜悦；“高级设备”是受益对象；“正规采购流程”是必要步骤，语气积极。,,
676,chitchat,sad,唉，我母校那个很有历史的标志性建筑，嗯，因为城市规划要被拆掉了...啊，感觉一段记忆就这么没了...,我母校那个很有历史的标志性建筑因为城市规划要被拆掉了...感觉一段记忆就这么没了...,母校具有历史意义的标志性建筑因城市规划将被拆除，令人感伤。,"很有历史, 要被拆掉了, 记忆没了",“很有历史”强调价值；“要被拆掉了”是悲伤事件；“记忆没了”表达失落情感。,,
677,notice,calm,温馨提示：嗯，公司咖啡机已完成深度清洁和维护，啊，现已恢复正常使用，呃，希望大家共同爱护，保持清洁。,温馨提示：公司咖啡机已完成深度清洁和维护现已恢复正常使用希望大家共同爱护保持清洁。,公司咖啡机已完成深度清洁维护，可正常使用，请共同爱护保持卫生。,"深度清洁, 恢复正常使用, 共同爱护",“深度清洁”说明维护程度；“恢复正常使用”是通知目的；“共同爱护”是倡议，语气温和。,,
678,task,disgusted,这份数据报告的错误率太高了！嗯，连基本的数据单位都能搞错！啊，完全不能用！拿回去彻底检查重做！呃，明天中午之前我要看到正确的版本！,这份数据报告的错误率太高了！连基本的数据单位都能搞错！完全不能用！拿回去彻底检查重做！明天中午之前我要看到正确的版本！,数据报告错误率极高且存在基础单位错误，需彻底检查重做，明日中午前提交正确版本。,"错误率太高, 数据单位搞错, 彻底检查重做",“错误率太高”总体否定；“数据单位搞错”是低级错误，令人不满；“彻底检查重做”是强硬指令。,,
679,chitchat,surprised,我的天！你看！呃，窗外有彩虹！啊，还是双层的！哇，好久没看到这么清晰的彩虹了！,你看！窗外有彩虹！还是双层的！好久没看到这么清晰的彩虹了！,窗外出现清晰的双层彩虹，令人惊叹。,"有彩虹, 双层的, 这么清晰的",“有彩虹”是惊喜发现；“双层的”是惊喜升级；“这么清晰的”强调罕见程度。,,
680,notice,sad,沉痛通知：呃，我们尊敬的退休老领导王书记，啊，于昨日凌晨因病医治无效逝世，嗯，追悼会时间地点将另行通知。,沉痛通知：我们尊敬的退休老领导王书记于昨日凌晨因病医治无效逝世追悼会时间地点将另行通知。,公司退休老领导王书记于昨日凌晨病逝，追悼会安排另行通知。,"沉痛通知, 因病医治无效逝世, 追悼会",“沉痛通知”定下基调；“因病医治无效逝世”是悲伤事实；“追悼会”是后续安排。,,
681,task,calm,下个月的团队分享轮到你啦，嗯，主题不限，啊，可以是工作相关也可以是兴趣爱好，呃，准备大概20分钟的内容就好。,下个月的团队分享轮到你啦主题不限可以是工作相关也可以是兴趣爱好准备大概20分钟的内容就好。,下月团队分享轮到你，主题不限（工作或兴趣均可），请准备20分钟左右的内容。,"团队分享, 主题不限, 20分钟",“团队分享”是任务类型；“主题不限”给予自由度；“20分钟”是时长要求，语气平和。,,
682,chitchat,angry,真是服了！小区物业费涨了那么多，呃，服务质量反而越来越差！啊，垃圾清理不及时，路灯坏了半个月也没人修！,真是服了！小区物业费涨了那么多服务质量反而越来越差！垃圾清理不及时路灯坏了半个月也没人修！,对物业费上涨但服务质量下降（垃圾清理不及时、路灯损坏不修）感到愤怒。,"涨了那么多, 越来越差, 不及时, 没人修",“涨了那么多”是抱怨起点；“越来越差”是总体评价；“不及时”和“没人修”是具体问题点。,,
683,notice,surprised,快看通知！啊！公司刚刚决定，呃，今年年会将在海南举办！哇，所有费用公司承担！具体安排稍后公布！,快看通知！公司刚刚决定今年年会将在海南举办！所有费用公司承担！具体安排稍后公布！,公司决定今年年会于海南举办，费用全包，具体安排后续通知。,"海南举办, 所有费用公司承担",“海南举办”是令人惊喜的地点；“所有费用公司承担”是惊喜的福利政策，需重读强调。,,
684,task,fearful,呃...刚发现我们官网的支付页面好像有安全漏洞...啊，你赶紧联系技术部门紧急排查一下，嗯，在修复前暂时下线支付功能吧，千万不能出事。,刚发现我们官网的支付页面好像有安全漏洞...你赶紧联系技术部门紧急排查一下在修复前暂时下线支付功能吧千万不能出事。,官网支付页面疑似存在安全漏洞，请立即联系技术部门紧急排查并暂时下线支付功能以防万一。,"安全漏洞, 赶紧联系, 紧急排查, 暂时下线",“安全漏洞”是风险源，引发担忧；“赶紧联系”和“紧急排查”是应急动作；“暂时下线”是谨慎措施。,,
685,chitchat,happy,哈哈！我女儿今天幼儿园运动会，嗯，她拿了跑步比赛第一名！啊，那个小短腿跑得可快了，笑死我了！,我女儿今天幼儿园运动会她拿了跑步比赛第一名！那个小短腿跑得可快了笑死我了！,女儿在幼儿园运动会跑步比赛中获得第一名，其奔跑模样令人发笑且开心。,"第一名, 小短腿, 跑得可快了",“第一名”是喜悦结果；“小短腿”是可爱形容；“跑得可快了”是惊喜发现。,,
686,notice,disgusted,实在受不了！啊，茶水间的微波炉又被弄得到处都是油污！呃，热完饭顺手擦一下就这么难吗？嗯，下次再这样就直接停用！,实在受不了！茶水间的微波炉又被弄得到处都是油污！热完饭顺手擦一下就这么难吗？下次再这样就直接停用！,茶水间微波炉再次被弄脏，要求使用后擦拭，否则将停用。,"到处都是油污, 顺手擦一下, 停用",“到处都是油污”描述令人不悦的状况；“顺手擦一下”是简单却被忽视的要求；“停用”是最终警告。,,
687,task,sad,这个季度的客户流失率，嗯...又创新高了，啊，尤其是老客户。呃，我们需要分析一下具体原因，写一份反思和改进报告。,这个季度的客户流失率又创新高了尤其是老客户。我们需要分析一下具体原因写一份反思和改进报告。,本季度客户流失率（尤以老客户为甚）创新高，需分析原因并撰写反思与改进报告。,"又创新高了, 老客户, 反思和改进",“又创新高了”表示问题恶化；“老客户”流失更令人痛心；“反思和改进”是报告目的。,,
688,chitchat,calm,嗯，我觉得最近睡眠质量好像好了一点，啊，可能是换了新枕头的缘故？呃，继续坚持早睡试试。,我觉得最近睡眠质量好像好了一点可能是换了新枕头的缘故？继续坚持早睡试试。,近期睡眠质量有所改善，可能得益于新枕头，计划坚持早睡。,"好了一点, 新枕头, 坚持早睡",“好了一点”是温和的积极变化；“新枕头”是可能原因；“坚持早睡”是平静的计划。,,
689,notice,happy,喜讯！啊，恭喜我部门小李同志在全市职业技能大赛中荣获一等奖！嗯，为大家树立了榜样！呃，掌声鼓励！,喜讯！恭喜我部门小李同志在全市职业技能大赛中荣获一等奖！为大家树立了榜样！掌声鼓励！,部门同事小李荣获全市职业技能大赛一等奖，为其鼓掌，堪称榜样。,"喜讯, 荣获一等奖, 榜样",“喜讯”开启好消息；“荣获一等奖”是核心成就；“榜样”是给予的荣誉，语气高兴。,,
690,task,surprised,什么？客户要求把交付日期提前整整两周？啊？这怎么可能...呃，但对方态度非常坚决...我们需要立刻重新评估所有排期！,什么？客户要求把交付日期提前整整两周？这怎么可能...但对方态度非常坚决...我们需要立刻重新评估所有排期！,客户坚决要求将交付日期提前两周，需立即重新评估所有项目排期。,"提前整整两周, 怎么可能, 立刻重新评估",“提前整整两周”是惊人的要求；“怎么可能”表达难以置信；“立刻重新评估”是紧急应对。,,
691,chitchat,fearful,我好像...嗯...把U盘落在会议室了...啊，里面有很多重要的工作文件...呃，应该不会被人拿走吧？现在回去还来得及吗？,我好像把U盘落在会议室了...里面有很多重要的工作文件...应该不会被人拿走吧？现在回去还来得及吗？,可能将存有重要工作文件的U盘遗落在会议室，担心丢失，想立即返回寻找。,"U盘落了, 重要的工作文件, 被人拿走",“U盘落了”是风险起因；“重要的工作文件”强调潜在损失；“被人拿走”是担忧的具体情况。,,
692,notice,angry,重申纪律！啊！上班时间不是让你们组团打游戏、刷短视频的！呃，再发现一次，按严重违纪处理！嗯，绩效直接打C！,重申纪律！上班时间不是让你们组团打游戏刷短视频的！再发现一次按严重违纪处理！绩效直接打C！,严禁上班时间打游戏或刷短视频，违者按严重违纪处理并给予最低绩效评级。,"组团打游戏刷短视频, 严重违纪, 绩效打C",“组团打游戏刷短视频”是具体错误行为；“严重违纪”是处理等级；“绩效打C”是惩罚后果，需严厉强调。,,
693,task,calm,关于新员工的培训手册，嗯，需要更新一下第三章节的内容，啊，主要是公司最新福利政策这部分，呃，下周五之前更新完就行。,关于新员工的培训手册需要更新一下第三章节的内容主要是公司最新福利政策这部分下周五之前更新完就行。,请于下周五前更新新员工培训手册第三章节，重点更新公司最新福利政策内容。,"培训手册, 最新福利政策, 下周五之前",“培训手册”是目标文档；“最新福利政策”是更新重点；“下周五之前”是时间要求，语气平稳。,,
694,chitchat,surprised,哇！你快看朋友圈！呃，小张居然辞职去环球旅行了！啊，这么突然！之前一点消息都没有！,你快看朋友圈！小张居然辞职去环球旅行了！这么突然！之前一点消息都没有！,从朋友圈得知同事小张突然辞职并开始环球旅行，感到非常意外。,"居然辞职, 环球旅行了, 一点消息都没有",“居然辞职”是意外行为；“环球旅行了”是意外目的；“一点消息都没有”强调突发性。,,
695,notice,fearful,紧急安全提示！啊，接派出所通知，近期有诈骗分子冒充上级领导通过微信添加好友要求转账，呃，请大家务必提高警惕，谨防上当！,紧急安全提示！接派出所通知近期有诈骗分子冒充上级领导通过微信添加好友要求转账请大家务必提高警惕谨防上当！,警惕冒充上级领导的微信诈骗，切勿轻信转账要求，务必提高防范意识。,"冒充上级领导, 要求转账, 务必提高警惕",“冒充上级领导”是诈骗手段；“要求转账”是诈骗目的；“务必提高警惕”是强烈警告。,,
696,task,happy,太好了！用户对我们新上线的功能反馈非常积极！嗯，下载量和活跃度都明显提升！啊，你整理一下正面评价，我们做个案例分享！,太好了！用户对我们新上线的功能反馈非常积极！下载量和活跃度都明显提升！你整理一下正面评价我们做个案例分享！,新功能上线后用户反馈积极，下载量与活跃度提升，请整理好评做案例分享。,"反馈非常积极, 明显提升, 案例分享",“反馈非常积极”是好消息；“明显提升”是量化好的结果；“案例分享”是后续行动，语气积极。,,
697,chitchat,sad,唉，我小时候常去的那家老街书店，嗯，经营不下去，这个月底就要关门了...啊，又少了一个有回忆的地方。,我小时候常去的那家老街书店经营不下去这个月底就要关门了...又少了一个有回忆的地方。,承载童年回忆的老街书店因经营不善将于本月底关闭，令人惋惜。,"老街书店, 经营不下去, 关门了",“老街书店”是情感寄托；“经营不下去”是无奈原因；“关门了”是悲伤结局。,,
698,notice,calm,通知：嗯，公司将于下周一上午9点至11点进行全员消防安全培训，啊，地点在B1报告厅，呃，请大家准时参加，不得缺席。,通知：公司将于下周一上午9点至11点进行全员消防安全培训地点在B1报告厅请大家准时参加不得缺席。,公司下周一上午9-11点于B1报告厅举行全员消防安全培训，请准时参加。,"消防安全培训, B1报告厅, 准时参加",“消防安全培训”是主题；“B1报告厅”是地点；“准时参加”是要求，语气正式平稳。,,
699,task,disgusted,这家的外包翻译质量太差了！嗯，全是机器翻译的痕迹，啊，根本读不通！终止合作！呃，马上找一家新的、靠谱的翻译公司！,这家的外包翻译质量太差了！全是机器翻译的痕迹根本读不通！终止合作！马上找一家新的靠谱的翻译公司！,外包翻译质量极差，疑似机器翻译且语句不通，请立即终止合作并寻找新翻译服务商。,"质量太差了, 机器翻译, 终止合作",“质量太差了”总体否定；“机器翻译”是低级错误，令人不满；“终止合作”是果断决定。,,
700,chitchat,happy,哈哈！我昨天不是去体检嘛，嗯，今天报告出来了，啊，所有指标都在正常范围内！呃，终于可以放心了！,我昨天不是去体检嘛今天报告出来了所有指标都在正常范围内！终于可以放心了！,昨日体检报告显示所有指标正常，感到安心和高兴。,"所有指标, 正常范围内, 放心了",“所有指标”是关注范围；“正常范围内”是理想结果；“放心了”表达喜悦和安心。,,
701,notice,surprised,紧急通知！啊，刚接到供电局通知，呃，因线路故障需紧急抢修，本大楼5分钟后将临时停电！哇，请大家立即保存工作！,刚接到供电局通知因线路故障需紧急抢修本大楼5分钟后将临时停电！请大家立即保存工作！,因线路故障需紧急抢修，大楼5分钟后将临时停电，请立即保存工作。,"5分钟后, 临时停电, 立即保存",“5分钟后”是极短时间，令人惊讶；“临时停电”是紧急情况；“立即保存”是最紧迫的要求。,,
702,task,sad,这个月的数据...嗯...比预期低了差不多15%，啊，特别是新用户转化方面。呃我们需要重新评估当前的推广策略了。,这个月的数据比预期低了差不多15%特别是新用户转化方面。我们需要重新评估当前的推广策略了。,本月数据低于预期15%，尤以新用户转化率为甚，需重新评估推广策略。,"低了15%, 新用户转化, 重新评估",“低了15%”量化失望程度；“新用户转化”是问题重点；“重新评估”是必要措施。,,
703,chitchat,fearful,我刚才...嗯...好像把发给朋友的吐槽短信错发到工作群了...啊，虽然撤回了但好像有人看到了...怎么办好尴尬...,我刚才好像把发给朋友的吐槽短信错发到工作群了...虽然撤回了但好像有人看到了...怎么办好尴尬...,误将吐槽短信发至工作群，虽已撤回但恐被人看见，感到尴尬和担忧。,"错发, 工作群, 撤回了, 有人看到了",“错发”是错误起因；“工作群”是最糟糕的接收方；“撤回了”是补救动作；“有人看到了”是担忧焦点。,,
704,notice,angry,最后通牒！啊！办公桌下的个人小冰箱必须本周内全部清理搬走！呃，已经严重影响办公室电路和走廊通行！嗯，逾期未处理将统一清理！,最后通牒！办公桌下的个人小冰箱必须本周内全部清理搬走！已经严重影响办公室电路和走廊通行！逾期未处理将统一清理！,办公桌下个人小冰箱须于本周内清理搬走，因其影响电路和通行，逾期将统一处理。,"必须, 全部清理搬走, 统一清理",“必须”是强硬要求；“全部清理搬走”是明确指令；“统一清理”是最终警告。,,
705,task,calm,下个月的部门团建，嗯，初步定了两个方案，啊，一个是爬山徒步，一个是农家乐，呃，你做个简单问卷收集一下大家的意向吧。,下个月的部门团建初步定了两个方案一个是爬山徒步一个是农家乐你做个简单问卷收集一下大家的意向吧。,下月部门团建暂定爬山徒步或农家乐两个方案，请制作问卷收集大家意向。,"两个方案, 问卷, 收集意向",“两个方案”是可选内容；“问卷”是工具；“收集意向”是目的，语气平和。,,
706,chitchat,happy,告诉你个好消息！嗯，我通过试用期啦！啊，而且老板还给了不错的评价！呃，晚上一起吃饭庆祝一下吧！,告诉你个好消息！我通过试用期啦！而且老板还给了不错的评价！晚上一起吃饭庆祝一下吧！,已通过试用期并获得老板良好评价，邀请晚上一起吃饭庆祝。,"通过试用期啦, 不错的评价, 庆祝一下",“通过试用期啦”是喜悦结果；“不错的评价”是额外惊喜；“庆祝一下”是自然提议。,,
707,notice,disgusted,实在无法理解！啊，卫生间的手纸又被大量扯走甚至整卷拿走！呃，这种占小便宜的行为真的太low了！嗯，今后将限量提供。,实在无法理解！卫生间的手纸又被大量扯走甚至整卷拿走！这种占小便宜的行为真的太low了！今后将限量提供。,因卫生间手纸屡被大量取走，谴责此行为并宣布将改为限量提供。,"大量扯走, 整卷拿走, 太low了",“大量扯走”和“整卷拿走”描述令人反感的行为；“太low了”直接表达鄙视情绪。,,
708,task,surprised,什么？对方公司突然提出要收购我们这个小团队？啊？这太意外了...呃，你先初步评估一下他们的意向和报价，我们尽快讨论。,什么？对方公司突然提出要收购我们这个小团队？这太意外了...你先初步评估一下他们的意向和报价我们尽快讨论。,对方公司突然提出收购意向，需初步评估其意图与报价，并尽快讨论。,"突然提出, 收购, 太意外了",“突然提出”表示毫无征兆；“收购”是重大事件；“太意外了”直接表达惊讶。,,
709,chitchat,sad,唉，我关注了好几年的那个up主，嗯，今天宣布停更了...啊，说是创作瓶颈和健康问题，呃，挺难过的，少了一份快乐源泉。,我关注了好几年的那个up主今天宣布停更了...说是创作瓶颈和健康问题挺难过的少了一份快乐源泉。,关注多年的视频创作者因创作瓶颈及健康问题宣布停更，令人感到惋惜失落。,"停更了, 创作瓶颈和健康问题, 快乐源泉",“停更了”是悲伤事实；“创作瓶颈和健康问题”是无奈原因；“快乐源泉”表达损失感。,,
710,notice,calm,温馨提示：嗯，公司图书角新到了一批行业报告和畅销书籍，啊，欢迎大家借阅，呃，借阅周期为两周，记得按时归还。,温馨提示：公司图书角新到了一批行业报告和畅销书籍欢迎大家借阅借阅周期为两周记得按时归还。,公司图书角新增行业报告及畅销书籍，欢迎借阅，借期两周请按时归还。,"新到了, 欢迎大家借阅, 按时归还",“新到了”告知事件；“欢迎大家借阅”是邀请；“按时归还”是规则，语气温和。,,
711,task,happy,太棒了！我们那个公益项目被媒体报道了！嗯，产生了很好的社会反响！啊，你收集一下相关报道和网友评论，我们做个简报。,太棒了！我们那个公益项目被媒体报道了！产生了很好的社会反响！你收集一下相关报道和网友评论我们做个简报。,公益项目获媒体报道并产生良好社会反响，请收集相关报道与评论制作简报。,"被媒体报道了, 社会反响, 收集报道",“被媒体报道了”是成功标志；“社会反响”是积极效果；“收集报道”是后续行动。,,
712,chitchat,angry,气死我了！快递明明显示签收了，啊，但我根本没收到！呃，打电话给快递员态度还特别差，说放门口了！这什么服务啊！,气死我了！快递明明显示签收了但我根本没收到！打电话给快递员态度还特别差说放门口了！这什么服务啊！,快递显示签收却未收到货物，且快递员态度恶劣，令人愤怒。,"显示签收了, 根本没收到, 态度差",“显示签收了”与事实矛盾；“根本没收到”是问题核心；“态度差”加剧愤怒情绪。,,
713,notice,fearful,紧急提醒！啊，行政部门发现疑似有陌生人尾随员工进入办公区域，呃，请大家务必刷卡进出，并注意是否有可疑人员，及时报告！,紧急提醒！行政部门发现疑似有陌生人尾随员工进入办公区域请大家务必刷卡进出并注意是否有可疑人员及时报告！,疑似有陌生人尾随进入办公区，请务必刷卡通行并留意可疑人员及时报告。,"陌生人尾随, 务必刷卡, 可疑人员",“陌生人尾随”是安全威胁；“务必刷卡”是防范措施；“可疑人员”是关注对象，需警惕。,,
714,task,disgusted,这家的服务质量怎么下降成这样！嗯，承诺的24小时响应变成72小时都不回复！啊，立刻准备材料，我们要申请终止合同并索赔！,这家的服务质量怎么下降成这样！承诺的24小时响应变成72小时都不回复！立刻准备材料我们要申请终止合同并索赔！,服务质量严重下降，未达承诺标准，请准备材料申请终止合同并索赔。,"下降成这样, 72小时都不回复, 终止合同并索赔",“下降成这样”表示失望；“72小时都不回复”是具体问题；“终止合同并索赔”是强硬决定。,,
715,chitchat,surprised,我的天！你绝对猜不到！呃，我刚才在楼下碰到大明星了！啊，就是演那个XXX的！哇，本人比电视上还好看！,你绝对猜不到！我刚才在楼下碰到大明星了！就是演那个XXX的！本人比电视上还好看！,在楼下意外遇见知名演员，其本人比荧幕上更加好看。,"大明星了, 演那个XXX的, 比电视上好看",“大明星了”是惊喜对象；“演那个XXX的”具体化惊喜；“比电视上好看”是惊喜的细节。,,
716,notice,sad,沉重通知：呃，我们得知合作伙伴公司的项目经理John，啊，于上周末不幸遭遇车祸去世...嗯，在此表示深切哀悼。,沉重通知：我们得知合作伙伴公司的项目经理John于上周末不幸遭遇车祸去世...在此表示深切哀悼。,合作伙伴公司的项目经理John于上周末因车祸不幸去世，表示哀悼。,"不幸遭遇车祸去世, 深切哀悼",“不幸遭遇车祸去世”是悲伤事件；“深切哀悼”是情感表达，语气沉重。,,
717,task,calm,关于新项目的命名，嗯，目前有几个备选方案，啊，我已经发到你邮箱了，呃，你看一下，下周我们开会定一下。,关于新项目的命名目前有几个备选方案我已经发到你邮箱了你看一下下周我们开会定一下。,新项目有几个备选名称已发至邮箱，请查看并于下周会议确定。,"备选方案, 看一下, 开会定",“备选方案”是讨论基础；“看一下”是温和要求；“开会定”是决策方式。,,
718,chitchat,happy,哈哈！我种的番茄终于结果子了！嗯，虽然只有小小的两个，啊，但超有成就感！呃，期待它们变红！,我种的番茄终于结果子了！虽然只有小小的两个但超有成就感！期待它们变红！,自己种植的番茄首次结果，虽数量少但充满成就感，期待成熟。,"终于结果子了, 超有成就感, 期待变红",“终于结果子了”是喜悦成果；“超有成就感”是心情；“期待变红”是下一步盼望。,,
719,notice,surprised,快看邮件！哇！公司决定给所有参与XX项目的同事，呃，发放一笔额外的项目奖金！啊，金额还挺可观的！,快看邮件！公司决定给所有参与XX项目的同事发放一笔额外的项目奖金！金额还挺可观的！,公司决定为参与XX项目的所有同事发放一笔可观的项目奖金。,"额外的项目奖金, 金额可观",“额外的项目奖金”是惊喜内容；“金额可观”是惊喜的升级，需强调。,,
720,task,fearful,麻烦大了...嗯，我们系统好像有一个潜在的安全漏洞被白帽黑客发现了...啊，你赶紧联系安全团队紧急修复，呃，千万不能泄露出去。,麻烦大了...我们系统好像有一个潜在的安全漏洞被白帽黑客发现了...你赶紧联系安全团队紧急修复千万不能泄露出去。,系统疑似存在安全漏洞并被发现，需立即联系安全团队紧急修复并保密。,"潜在的安全漏洞, 赶紧联系, 紧急修复",“潜在的安全漏洞”是风险源；“赶紧联系”和“紧急修复”是应急动作；语气带担忧。,,
721,chitchat,calm,嗯，我觉得晚上泡个脚真的很舒服，啊，尤其是加点浴盐，呃，可以帮助放松，睡眠也会好一些。,我觉得晚上泡个脚真的很舒服尤其是加点浴盐可以帮助放松睡眠也会好一些。,晚间泡脚时添加浴盐有助于放松身心并改善睡眠质量。,"泡个脚, 真的很舒服, 帮助放松",“泡个脚”是平淡活动；“真的很舒服”是温和享受；“帮助放松”是益处，语气平静。,,
722,notice,angry,无法无天！啊！竟然有人多次偷取同事外卖！呃，监控已经调出来了，嗯，请自觉承认否则将全公司通报并报警处理！,无法无天！竟然有人多次偷取同事外卖！监控已经调出来了请自觉承认否则将全公司通报并报警处理！,公司内发生多次外卖被盗事件，已调取监控，要求肇事者自觉承认否则报警处理。,"多次偷取, 监控调出来, 报警处理",“多次偷取”强调性质恶劣；“监控调出来”表明有证据；“报警处理”是最终手段，带怒气。,,
723,task,happy,好消息！我们申请的专利终于获批了！嗯，这是对我们技术创新的肯定！啊，你记得把专利证书扫描存档一下。,好消息！我们申请的专利终于获批了！这是对我们技术创新的肯定！你记得把专利证书扫描存档一下。,申请的专利已获批，是对技术创新的肯定，请扫描存档专利证书。,"终于获批了, 技术创新, 扫描存档",“终于获批了”体现喜悦与解脱；“技术创新”是核心价值；“扫描存档”是后续动作。,,
724,chitchat,sad,唉，我常去的那家独立书店，嗯，最终还是没能撑过这个冬天，啊，门口已经贴了转让告示了...,我常去的那家独立书店最终还是没能撑过这个冬天门口已经贴了转让告示了...,常去的独立书店因经营困难将于冬季结束后转让，令人感到惋惜。,"没能撑过, 转让告示",“没能撑过”表达无奈与 sadness；“转让告示”是悲伤的确认。,,
725,notice,calm,通知：嗯，为进一步提升办公环境，啊，公司将统一更换一批人体工学椅，呃，行政部门会陆续配送安装，请大家配合。,通知：为进一步提升办公环境公司将统一更换一批人体工学椅行政部门会陆续配送安装请大家配合。,公司将为提升办公环境统一更换人体工学椅，行政部门将陆续配送安装，请配合。,"提升办公环境, 人体工学椅, 陆续配送",“提升办公环境”是目的；“人体工学椅”是更换物品；“陆续配送”是安排，语气平稳。,,
726,task,surprised,意外之喜！啊，刚接到通知，我们之前投的那个行业评选，嗯，竟然拿了个金奖！呃，需要准备一个获奖感言视频，下周提交。,意外之喜！刚接到通知我们之前投的那个行业评选竟然拿了个金奖！需要准备一个获奖感言视频下周提交。,之前投稿的行业评选意外获得金奖，需准备获奖感言视频并于下周提交。,"竟然拿了个金奖, 获奖感言视频",“竟然拿了个金奖”表示意外和喜悦；“获奖感言视频”是后续任务。,,
727,chitchat,fearful,我好像...嗯...把一份带公司水印的空白文件忘在共享打印机那儿了...啊，过了半小时才想起来，回去找已经不见了...不会被 misuse 吧？,我好像把一份带公司水印的空白文件忘在共享打印机那儿了...过了半小时才想起来回去找已经不见了...不会被 misuse 吧？,可能将带公司水印的空白文件遗落在共享打印机处，半小时后返回寻找时已不见，担心被滥用。,"带公司水印, 忘在了, 已经不见了",“带公司水印”强调潜在风险；“忘在了”是错误起因；“已经不见了”加剧担忧。,,
728,notice,disgusted,再次警告！啊，禁止在办公区域内食用气味浓烈的食物（如螺蛳粉、自热火锅等）！呃，严重影响他人工作环境！屡教不改者将通报批评！,再次警告！禁止在办公区域内食用气味浓烈的食物（如螺蛳粉自热火锅等）！严重影响他人工作环境！屡教不改者将通报批评！,严禁在办公区内食用螺蛳粉、自热火锅等气味浓烈食物，以免影响他人，违者将通报批评。,"气味浓烈的食物, 严重影响, 通报批评",“气味浓烈的食物”是令人反感之源；“严重影响”强调后果；“通报批评”是惩罚措施。,,
729,task,calm,关于下周的客户接待，嗯，需要预定一个附近的餐厅包间，啊，大概10人左右，环境安静点的，呃，你帮忙找一下然后预定吧。,关于下周的客户接待需要预定一个附近的餐厅包间大概10人左右环境安静点的你帮忙找一下然后预定吧。,为下周客户接待预定附近可容纳10人、环境安静的餐厅包间。,"客户接待, 餐厅包间, 环境安静",“客户接待”是事由；“餐厅包间”是要求；“环境安静”是附加条件，语气平常。,,
730,chitchat,happy,哈哈！我抽奖居然抽中了双人免费餐券！嗯，就是公司年会那个奖品！啊，周末可以带家人一起去吃了！,我抽奖居然抽中了双人免费餐券！就是公司年会那个奖品！周末可以带家人一起去吃了！,在公司年会抽奖中幸运获得双人免费餐券，计划周末与家人一同使用。,"抽中了, 双人免费餐券, 带家人",“抽中了”是幸运动作；“双人免费餐券”是奖品内容；“带家人”是喜悦计划。,,
731,notice,sad,沉痛通告：呃，我们深切哀悼信息技术部的张工，啊，他于昨日因病不幸离世...嗯，公司已成立治丧小组，后续安排将另行通知。,沉痛通告：我们深切哀悼信息技术部的张工他于昨日因病不幸离世...公司已成立治丧小组后续安排将另行通知。,信息技术部张工于昨日病逝，表示哀悼，公司已成立治丧小组处理后续事宜。,"深切哀悼, 不幸离世, 治丧小组",“深切哀悼”是情感表达；“不幸离世”是悲伤事实；“治丧小组”是后续安排。,,
732,task,angry,这写的什么代码！啊？满屏的hard code和魔法数字！呃，一点可维护性都没有！全部重写！啊，按编码规范来！,这写的什么代码！满屏的hard code和魔法数字！一点可维护性都没有！全部重写！按编码规范来！,代码质量极差，充满硬编码和魔法数字，缺乏可维护性，要求按规范全部重写。,"什么代码, hard code, 全部重写",“什么代码”表达愤怒；“hard code”是具体问题；“全部重写”是强硬指令。,,
733,chitchat,surprised,哇！你看天上的云！呃，好像一只巨大的鲸鱼！啊，而且还在不断变化，太神奇了！,你看天上的云！好像一只巨大的鲸鱼！而且还在不断变化太神奇了！,空中云朵形状酷似巨鲸且不断变化，景象令人称奇。,"巨大的鲸鱼, 不断变化, 太神奇了",“巨大的鲸鱼”是惊奇发现；“不断变化”是动态惊喜；“太神奇了”是感叹。,,
734,notice,"fearful紧急提醒！啊，据气象部门预报，呃，今晚将有强雷暴天气并可能伴有冰雹，嗯，建议大家下班后尽早回家，注意安全！""",紧急提醒！据气象部门预报今晚将有强雷暴天气并可能伴有冰雹建议大家下班后尽早回家注意安全！,预报今晚有强雷暴及冰雹天气，建议下班后尽早回家注意安全。,"强雷暴天气, 伴有冰雹, 尽早回家",“强雷暴天气”是风险类型；“伴有冰雹”是升级风险；“尽早回家”是安全建议，带紧迫感。,"
",,
735,task,happy,真不错！用户对我们新上线的UI设计反馈很好！嗯，都说更简洁易用了。啊，你收集一下具体的正面反馈，我们下次优化可以参考。,真不错！用户对我们新上线的UI设计反馈很好！都说更简洁易用了。你收集一下具体的正面反馈我们下次优化可以参考。,新UI设计获用户好评，被认为更简洁易用，请收集具体正面反馈供未来优化参考。,"反馈很好, 简洁易用, 收集反馈",“反馈很好”是积极结果；“简洁易用”是优点；“收集反馈”是后续行动。,,
736,chitchat,calm,嗯，我觉得早晨早起半小时，啊，做几个简单的拉伸动作，呃，一整天精神都会好很多。,我觉得早晨早起半小时做几个简单的拉伸动作一整天精神都会好很多。,发现早晨早起并进行简单拉伸有助于提升全天精神状态。,"早起半小时, 拉伸动作, 精神好",“早起半小时”是平静改变；“拉伸动作”是温和运动；“精神好”是获益，语气平和。,,
737,notice,surprised,突发通知！啊，因疫情防控需要，呃，公司明天起全员居家办公三天！哇，具体返岗时间等待进一步通知！请大家立刻准备！,突发通知！因疫情防控需要公司明天起全员居家办公三天！具体返岗时间等待进一步通知！请大家立刻准备！,因疫情防控，明日起全员居家办公三天，返岗时间待定，请立即准备。,"疫情防控, 居家办公三天, 立刻准备",“疫情防控”是意外原因；“居家办公三天”是突然安排；“立刻准备”体现紧迫性。,,
738,task,sad,这个季度的员工满意度调查结果出来了...嗯，整体分数有所下降，啊，特别是对薪酬福利部分。呃，我们需要重点关注一下。,这个季度的员工满意度调查结果出来了...整体分数有所下降特别是对薪酬福利部分。我们需要重点关注一下。,本季度员工满意度调查显示整体分数下降，尤以薪酬福利部分为甚，需重点关注。,"满意度调查, 分数下降, 重点关注",“满意度调查”是来源；“分数下降”是消极结果；“重点关注”是应对措施。,,
739,chitchat,angry,真是无语！小区新装的健身器材，呃，没用两天就坏了！啊，这质量也太差了吧！肯定是偷工减料了！,真是无语！小区新装的健身器材没用两天就坏了！这质量也太差了吧！肯定是偷工减料了！,小区新安装的健身器材仅使用两天便损坏，质疑其质量差且偷工减料，令人气愤。,"新装的, 没用两天就坏了, 偷工减料",“新装的”强调本该是好事；“没用两天就坏了”是质量差的证据；“偷工减料”是愤怒归因。,,
740,notice,calm,通知：嗯，为方便员工通勤，啊，公司已与共享单车公司达成合作，呃，大家可通过员工APP领取月度骑行优惠券。,通知：为方便员工通勤公司已与共享单车公司达成合作大家可通过员工APP领取月度骑行优惠券。,公司为方便员工通勤提供共享单车月度骑行优惠券，可通过员工APP领取。,"方便员工通勤, 骑行优惠券, 领取",“方便员工通勤”是目的；“骑行优惠券”是福利；“领取”是动作，语气平稳。,,
741,task,disgusted,这家的原材料质量一次不如一次！嗯，这次送来的批次明显有掺假嫌疑！啊，立即停止使用并送第三方检测！呃，我们要追究他们的责任！,这家的原材料质量一次不如一次！这次送来的批次明显有掺假嫌疑！立即停止使用并送第三方检测！我们要追究他们的责任！,原材料质量持续下降，本次批次疑似掺假，需立即停用并送检，追究责任。,"一次不如一次, 掺假嫌疑, 追究责任",“一次不如一次”表达持续不满；“掺假嫌疑”是严重问题；“追究责任”是强硬回应。,,
742,chitchat,happy,哈哈！我女儿今天幼儿园毕业典礼，嗯，她作为学生代表发言了！啊，虽然有点紧张但说得特别棒！,我女儿今天幼儿园毕业典礼她作为学生代表发言了！虽然有点紧张但说得特别棒！,女儿在幼儿园毕业典礼上作为学生代表发言，表现紧张但出色，感到自豪开心。,"毕业典礼, 学生代表发言, 特别棒",“毕业典礼”是重要场合；“学生代表发言”是荣誉；“特别棒”是喜悦评价。,,
743,notice,fearful,重要安全提示：啊，近期有诈骗分子冒充HR通过电话要求员工提供银行卡号等个人信息，呃，请大家务必警惕，切勿泄露！,重要安全提示：近期有诈骗分子冒充HR通过电话要求员工提供银行卡号等个人信息请大家务必警惕切勿泄露！,警惕冒充HR的电话诈骗，切勿在电话中泄露银行卡号等个人敏感信息。,"冒充HR, 提供银行卡号, 切勿泄露",“冒充HR”是诈骗手段；“提供银行卡号”是诈骗目的；“切勿泄露”是强烈警告。,,
744,task,surprised,什么？客户要求我们把整个项目的交付周期压缩一半？啊？这太疯狂了...但对方愿意支付巨额加急费用...我们需要评估可行性。,什么？客户要求我们把整个项目的交付周期压缩一半？这太疯狂了...但对方愿意支付巨额加急费用...我们需要评估可行性。,客户要求将项目交付周期压缩一半并愿付加急费，需评估此要求的可行性。,"压缩一半, 太疯狂了, 巨额加急费用",“压缩一半”是惊人要求；“太疯狂了”表达难以置信；“巨额加急费用”是复杂因素。,,
745,chitchat,sad,唉，我用了快十年的那个MP3播放器，嗯，今天彻底坏了，啊，开不了机了...里面存了好多以前的歌和回忆呢...,我用了快十年的那个MP3播放器今天彻底坏了开不了机了...里面存了好多以前的歌和回忆呢...,使用了近十年的MP3播放器彻底损坏，其中存储的歌曲与回忆无法读取，令人伤感。,"快十年, 彻底坏了, 回忆",“快十年”强调时间久感情深；“彻底坏了”是悲伤事实；“回忆”是损失的内涵。,,
746,notice,angry,严正声明！啊！公司严禁任何形式的性骚扰行为！呃，一经查实，立即开除！嗯，并依法追究法律责任！绝不姑息！,严正声明！公司严禁任何形式的性骚扰行为！一经查实立即开除！并依法追究法律责任！绝不姑息！,公司严禁任何性骚扰行为，违者立即开除并依法追究法律责任，绝不姑息。,"严禁, 性骚扰行为, 立即开除, 绝不姑息",“严禁”是绝对禁止；“性骚扰行为”是严重问题；“立即开除”和“绝不姑息”表明零容忍态度。,,
747,task,calm,关于新员工的入职引导，嗯，需要更新一下公司内部系统的操作指南部分，啊，最近系统有一些界面更新，呃，下周完成就行。,关于新员工的入职引导需要更新一下公司内部系统的操作指南部分最近系统有一些界面更新下周完成就行。,因系统界面更新，请于下周前更新新员工入职引导中内部系统操作指南部分。,"操作指南, 界面更新, 下周完成",“操作指南”是更新对象；“界面更新”是原因；“下周完成”是时间要求，语气平常。,,
748,chitchat,surprised,哇！你快看！呃，窗外有只颜色特别鲜艳的小鸟！啊，好像还是珍稀品种！嗯，以前从来没在这附近见过！,你快看！窗外有只颜色特别鲜艳的小鸟！好像还是珍稀品种！以前从来没在这附近见过！,窗外出现一只色彩鲜艳的珍稀鸟类，此前从未在附近出现过。,"特别鲜艳, 珍稀品种, 从来没见过",“特别鲜艳”是视觉惊喜；“珍稀品种”是身份惊喜；“从来没见过”强调罕见性。,,
749,notice,happy,喜讯：啊，恭喜我公司研发团队荣获本年度『科技创新奖』！嗯，这是业界对我司技术实力的高度认可！呃，大家鼓掌！,喜讯：恭喜我公司研发团队荣获本年度『科技创新奖』！这是业界对我司技术实力的高度认可！大家鼓掌！,公司研发团队荣获年度科技创新奖，此乃业界对公司技术实力的认可，请大家鼓掌祝贺。,"荣获, 科技创新奖, 高度认可",“荣获”是喜悦动作；“科技创新奖”是荣誉名称；“高度认可”是价值体现。,,
750,task,disgusted,这家的售后服务太差了！嗯，报修一周了都没人上门！啊，打电话催就说在排队！呃，立刻终止合同换一家！,这家的售后服务太差了！报修一周了都没人上门！打电话催就说在排队！立刻终止合同换一家！,售后服务极差，报修一周无人处理，要求立即终止合同并更换服务商。,"太差了, 一周没人上门, 终止合同",“太差了”总体评价；“一周没人上门”是具体问题；“终止合同”是决定。,,
751,chitchat,fearful,我刚才...嗯...好像把一份重要文件的纸质版和废纸一起扔进碎纸机了...啊，现在才反应过来...怎么办，还能恢复吗？,我刚才好像把一份重要文件的纸质版和废纸一起扔进碎纸机了...现在才反应过来...怎么办，还能恢复吗？,可能误将重要文件的纸质版投入碎纸机，担心无法恢复，感到恐慌。,"重要文件, 碎纸机, 还能恢复吗",“重要文件”强调价值与风险；“碎纸机”意味着不可逆的破坏；“还能恢复吗”直接表达恐惧的核心。,,
752,notice,calm,通知：各位同事，嗯，公司将于本周五下午进行机房迁移，啊，期间部分内部系统可能会有短暂中断，呃，请大家合理安排工作。,通知：各位同事公司将于本周五下午进行机房迁移期间部分内部系统可能会有短暂中断请大家合理安排工作。,公司本周五下午进行机房迁移，部分内部系统可能短暂中断，请合理安排工作。,"机房迁移, 短暂中断, 合理安排",“机房迁移”是事件原因；“短暂中断”是可能影响；“合理安排”是建议，语气平稳。,,
753,task,happy,太好了！用户对我们新功能的活跃度远超预期！嗯，日均使用时长增加了40%！啊，你重点分析一下用户行为数据，找出成功关键。,太好了！用户对我们新功能的活跃度远超预期！日均使用时长增加了40%！你重点分析一下用户行为数据找出成功关键。,新功能用户活跃度及日均使用时长远超预期（增40%），请分析用户行为数据总结成功经验。,"远超预期, 增加了40%, 成功关键",“远超预期”是喜悦的成果；“增加了40%”量化成功；“成功关键”是分析目标。,,
754,chitchat,angry,真气人！我预约的专家号，呃，提前半个月约上的，啊，结果医院突然通知医生停诊，号直接作废了！也不给个说法！,真气人！我预约的专家号提前半个月约上的结果医院突然通知医生停诊号直接作废了！也不给个说法！,提前半月预约的专家号因医生临时停诊被单方面作废，且无合理解释，令人气愤。,"提前半个月, 突然通知, 直接作废",“提前半个月”体现预约不易；“突然通知”表示毫无准备；“直接作废”是粗暴处理方式。,,
755,notice,surprised,紧急通知！啊，刚接到通知，因市政管道紧急施工，呃，本大楼将于一小时后暂停供水四小时！哇，请大家尽快储水！,紧急通知！刚接到通知因市政管道紧急施工本大楼将于一小时后暂停供水四小时！请大家尽快储水！,因市政管道紧急施工，大楼一小时后将停水四小时，请尽快储水。,"一小时后, 暂停供水四小时, 尽快储水",“一小时后”是紧迫时间；“暂停供水四小时”是长时间影响；“尽快储水”是紧急应对措施。,,
756,task,sad,这个项目的用户留存率，嗯...比上个版本又跌了5个百分点...啊，我们需要复盘一下近期的更新，呃，看看问题出在哪里。,这个项目的用户留存率比上个版本又跌了5个百分点...我们需要复盘一下近期的更新看看问题出在哪里。,项目用户留存率较上一版本下降5%，需复盘近期更新以查找原因。,"又跌了5个百分点, 复盘, 问题出在哪里",“又跌了5个百分点”表示持续恶化；“复盘”是必要过程；“问题出在哪里”是目标。,,
757,chitchat,calm,嗯，我觉得晚上睡前听点轻音乐，啊，或者白噪音，呃，真的有助于放松，睡眠质量会好很多。,我觉得晚上睡前听点轻音乐或者白噪音真的有助于放松睡眠质量会好很多。,发现晚间睡前聆听轻音乐或白噪音有助于放松身心并改善睡眠。,"听点轻音乐, 有助于放松, 睡眠质量",“听点轻音乐”是平淡活动；“有助于放松”是温和益处；“睡眠质量”是改善领域，语气平和。,,
758,notice,disgusted,无法忍受！啊，卫生间的地面又被搞得到处是水渍和脚印！呃，洗完手就不能甩一甩或者用烘干机吗？嗯，素质太差了！,无法忍受！卫生间的地面又被搞得到处是水渍和脚印！洗完手就不能甩一甩或者用烘干机吗？素质太差了！,卫生间地面屡次出现水渍和脚印，谴责此不文明行为并要求使用后保持干燥。,"到处是水渍和脚印, 甩一甩, 素质太差了",“到处是水渍和脚印”描述令人不悦的场景；“甩一甩”是简单却被忽视的动作；“素质太差了”直接表达鄙视。,,
759,task,surprised,意外收获！啊，我们之前做的那个市场调研报告，嗯，竟然被行业权威媒体引用了！呃，你关注一下后续，看看有没有合作机会。,意外收获！我们之前做的那个市场调研报告竟然被行业权威媒体引用了！你关注一下后续看看有没有合作机会。,此前完成的市场调研报告被行业权威媒体引用，请关注后续潜在合作机会。,"竟然被引用, 权威媒体, 合作机会",“竟然被引用”表示意外认可；“权威媒体”提升价值；“合作机会”是潜在利好。,,
760,chitchat,sad,唉，我常去的那个街心公园的小湖，嗯，因为治理污染被抽干了...啊，以后一段时间都看不到那些鸭子和锦鲤了...,我常去的那个街心公园的小湖因为治理污染被抽干了...以后一段时间都看不到那些鸭子和锦鲤了...,常去的街心公园小湖因污染治理被抽干，一段时间内无法再见湖中鸭与锦鲤，感到失落。,"治理污染, 被抽干了, 看不到",“治理污染”是无奈原因；“被抽干了”是现状；“看不到”是直接的损失。,,
761,notice,calm,温馨提示：嗯，公司将于下周一启用新的门禁系统，啊，新门禁卡已发放至各部门，呃，请大家下周起刷卡进出。,温馨提示：公司将于下周一启用新的门禁系统新门禁卡已发放至各部门请大家下周起刷卡进出。,公司下周一启用新门禁系统，新门禁卡已发放，请于下周起刷卡通行。,"新的门禁系统, 刷卡进出",“新的门禁系统”是变更内容；“刷卡进出”是新要求，语气平稳告知。,,
762,task,angry,这家的交付质量也太次了！嗯，承诺的功能缺斤少两，啊，bug还一堆！立刻暂停付款！呃，让他们项目经理过来解释清楚！,这家的交付质量也太次了！承诺的功能缺斤少两bug还一堆！立刻暂停付款！让他们项目经理过来解释清楚！,外包交付质量差，未达承诺功能且多bug，要求暂停付款并让项目经理前来解释。,"太次了, 缺斤少两, 暂停付款",“太次了”总体否定；“缺斤少两”具体指出欺诈感；“暂停付款”是反击手段。,,
763,chitchat,happy,哈哈！我昨天随手买的彩票，嗯，居然中了50块钱！啊，虽然不多但也是好运气的开始嘛！,我昨天随手买的彩票居然中了50块钱！虽然不多但也是好运气的开始嘛！,昨日随意购买的彩票中小奖50元，虽金额不大但视为好运征兆。,"居然中了, 50块钱, 好运气",“居然中了”是意外之喜；“50块钱”是具体收获；“好运气”是积极心态。,,
764,notice,fearful,紧急安全通报：啊，公司附近街区发生一起入户盗窃未遂事件，呃，嫌疑人仍在逃，嗯，大家下班务必结伴而行，注意安全！,紧急安全通报：公司附近街区发生一起入户盗窃未遂事件嫌疑人仍在逃大家下班务必结伴而行注意安全！,公司附近发生入户盗窃未遂事件，嫌疑人未抓获，下班请结伴而行注意安全。,"盗窃未遂, 仍在逃, 结伴而行",“盗窃未遂”是安全威胁；“仍在逃”增加风险；“结伴而行”是防护建议，带紧迫感。,,
765,task,calm,关于下季度的部门培训需求，嗯，需要收集一下大家的想法，啊，我已经发了问卷到群里，呃，麻烦大家周五前填一下。,关于下季度的部门培训需求需要收集一下大家的想法我已经发了问卷到群里麻烦大家周五前填一下。,为规划下季度部门培训，已发放问卷收集大家想法，请于周五前填写。,"培训需求, 问卷, 周五前",“培训需求”是主题；“问卷”是工具；“周五前”是时间节点，语气平常。,,
766,chitchat,surprised,我的天！你猜怎么着？呃，我初中同学竟然和咱们公司新来的总监是大学室友！啊，这世界太小了！,你猜怎么着？我初中同学竟然和咱们公司新来的总监是大学室友！这世界太小了！,意外发现初中同学与公司新总监是大学室友，感叹世界之小。,"竟然, 大学室友, 世界太小",“竟然”表示意外；“大学室友”是亲密关系；“世界太小”是惊奇感叹。,,
767,notice,sad,沉痛告知：呃，我们得知长期合作的供应商创始人刘总，啊，于上周因病不幸离世...嗯，我们深感痛惜，并向其家属表示慰问。,沉痛告知：我们得知长期合作的供应商创始人刘总于上周因病不幸离世...我们深感痛惜并向其家属表示慰问。,长期合作的供应商创始人刘总于上周病逝，表示痛惜与慰问。,"不幸离世, 深感痛惜, 表示慰问",“不幸离世”是悲伤事实；“深感痛惜”是情感表达；“表示慰问”是礼节。,,
768,task,happy,真不错！客户把我们推荐给了他们的合作伙伴！嗯，对方已经发来合作询盘了！啊，你重点跟进一下这个潜在客户。,真不错！客户把我们推荐给了他们的合作伙伴！对方已经发来合作询盘了！你重点跟进一下这个潜在客户。,客户将我们推荐给其合作伙伴，对方已发来合作询盘，请重点跟进此潜在客户。,"推荐, 合作询盘, 重点跟进",“推荐”是认可体现；“合作询盘”是商业机会；“重点跟进”是后续动作。,,
769,chitchat,angry,真是受不了！楼上装修的电钻声从早上七点就开始响！啊？这还让不让人休息了！物业也不管管！,真是受不了！楼上装修的电钻声从早上七点就开始响！这还让不让人休息了！物业也不管管！,对楼上住户早在七点便开始装修产生巨大电钻噪音感到愤怒，并抱怨物业不作为。,"早上七点, 电钻声, 不管管",“早上七点”强调时间过早；“电钻声”是噪音源；“不管管”表达对物业的失望与怒气。,,
770,notice,surprised,快看邮件！哇！公司决定给所有员工额外增加一天带薪『心理健康假』，啊，用于放松和调整，呃，太人性化了！,快看邮件！公司决定给所有员工额外增加一天带薪『心理健康假』用于放松和调整太人性化了！,公司决定为所有员工新增一天带薪心理健康假，用于放松调整，被认为非常人性化。,"心理健康假, 带薪, 太人性化了",“心理健康假”是惊喜类型；“带薪”是福利亮点；“太人性化了”是积极评价。,,
771,task,disgusted,这家的API文档写得什么玩意！嗯，错误百出，啊，关键参数都没说明！根本没法对接！让他们立刻更新文档！呃，否则就走违约流程！,这家的API文档写得什么玩意！错误百出关键参数都没说明！根本没法对接！让他们立刻更新文档！否则就走违约流程！,对方提供的API文档错误众多且缺乏关键参数说明，无法对接，要求立即更新否则按违约处理。,"错误百出, 没说明, 立刻更新",“错误百出”总体否定；“没说明”指出具体缺陷；“立刻更新”是强硬要求。,,
772,chitchat,calm,嗯，我觉得周末去逛逛花卉市场挺好的，啊，看看绿植鲜花，呃，心情也会变得很好，偶尔买两盆回来。,我觉得周末去逛逛花卉市场挺好的看看绿植鲜花心情也会变得很好偶尔买两盆回来。,认为周末逛花卉市场观赏绿植鲜花能改善心情，偶尔会购买。,"逛逛花卉市场, 心情变好",“逛逛花卉市场”是平淡活动；“心情变好”是温和益处，语气宁静。,,
773,notice,angry,严正警告！啊！禁止任何员工利用公司网络和资源进行挖矿、爬取数据等与工作无关的高耗能操作！呃，违者严惩不贷！,严正警告！禁止任何员工利用公司网络和资源进行挖矿爬取数据等与工作无关的高耗能操作！违者严惩不贷！,严禁使用公司网络与资源进行挖矿、爬数据等非工作高耗能操作，违者将受严厉处罚。,"禁止, 挖矿爬取数据, 严惩不贷",“禁止”是绝对命令；“挖矿爬取数据”是违规行为；“严惩不贷”是严厉警告。,,
774,task,sad,这个功能的用户投诉量，嗯...一直居高不下，啊，看来最初的设计思路可能有问题。呃，我们需要考虑重构这个模块了。,这个功能的用户投诉量一直居高不下看来最初的设计思路可能有问题。我们需要考虑重构这个模块了。,该功能用户投诉量持续高位，表明初始设计或有缺陷，需考虑模块重构。,"居高不下, 设计思路有问题, 重构",“居高不下”说明问题持续；“设计思路有问题”是根本原因；“重构”是重大调整，带无奈感。,,
775,chitchat,happy,哈哈！我老公今天居然下厨做了我最爱吃的糖醋排骨！嗯，虽然卖相一般但味道还不错！啊，值得表扬！,我老公今天居然下厨做了我最爱吃的糖醋排骨！虽然卖相一般但味道还不错！值得表扬！,丈夫意外下厨烹制其最爱的糖醋排骨，虽卖相普通但味道良好，值得高兴与表扬。,"居然下厨, 糖醋排骨, 味道不错",“居然下厨”是意外之喜；“糖醋排骨”是喜爱食物；“味道不错”是满意结果。,,
776,notice,calm,通知：嗯，为提升办公效率，啊，公司引入了新的在线协作文档工具，呃，使用教程已发至邮箱，请大家抽空学习。,通知：为提升办公效率公司引入了新的在线协作文档工具使用教程已发至邮箱请大家抽空学习。,公司引入新在线协作文档工具以提升效率，使用教程已发邮箱，请抽空学习。,"在线协作文档工具, 使用教程, 抽空学习",“在线协作文档工具”是新事物；“使用教程”是学习资料；“抽空学习”是建议，语气平稳。,,
777,task,surprised,什么？客户说如果我们能提前一周交付，啊，就愿意额外支付20%的奖金？呃...这虽然挑战很大，但值得一试！,什么？客户说如果我们能提前一周交付就愿意额外支付20%的奖金？这虽然挑战很大但值得一试！,客户提出若提前一周交付愿支付20%额外奖金，虽挑战大但值得尝试。,"提前一周, 额外支付20%, 值得一试",“提前一周”是困难要求；“额外支付20%”是巨大诱惑；“值得一试”是权衡后的决定。,,
778,chitchat,fearful,我好像...嗯...把老板要的那份重要报告的deadline记错了...啊，以为是周五，结果是周三！现在做还来得及吗？,我好像把老板要的那份重要报告的deadline记错了...以为是周五结果是周三！现在做还来得及吗？,可能误记了老板所需重要报告的截止日期（误为周五实为周三），担心无法按时完成。,"deadline记错了, 周三, 来得及吗",“deadline记错了”是错误根源；“周三”是真实的紧迫时间；“来得及吗”表达焦虑。,,
779,notice,disgusted,恶心！啊！又在茶水池发现倒掉的泡面残渣！呃，堵塞下水道并且气味难闻！嗯，请自重！下次直接曝光监控！,恶心！又在茶水池发现倒掉的泡面残渣！堵塞下水道并且气味难闻！请自重！下次直接曝光监控！,茶水池再次发现倾倒的泡面残渣导致堵塞及异味，谴责此行为并威胁曝光监控。,"泡面残渣, 堵塞下水道, 曝光监控",“泡面残渣”是令人作呕之物；“堵塞下水道”是后果；“曝光监控”是最终警告。,,
780,task,calm,关于新项目的kick-off meeting，嗯，需要预定一个会议室，啊，大概能容纳15人左右，呃，时间暂定下周二下午吧。,关于新项目的kick-off meeting需要预定一个会议室大概能容纳15人左右时间暂定下周二下午吧。,为新项目启动会预定可容纳15人的会议室，时间暂定下周二下午。,"kick-off meeting, 容纳15人, 下周二下午",“kick-off meeting”是会议类型；“容纳15人”是规模要求；“下周二下午”是暂定时间，语气平常。,,
781,chitchat,surprised,哇！你看那边的晚霞！呃，整个天空都是粉紫色的！啊，像画出来的一样！太美了！,你看那边的晚霞！整个天空都是粉紫色的！像画出来的一样！太美了！,观察到天空中出现粉紫色的绝美晚霞，景象如画令人惊叹。,"晚霞, 粉紫色, 太美了",“晚霞”是对象；“粉紫色”是惊艳的色彩；“太美了”是直接赞叹。,,
782,notice,happy,喜讯：啊，恭喜我公司荣获『年度最佳雇主』称号！嗯，这是对全体员工共同努力的认可！呃，周末举办庆祝活动！,喜讯：恭喜我公司荣获『年度最佳雇主』称号！这是对全体员工共同努力的认可！周末举办庆祝活动！,公司荣获年度最佳雇主称号，此乃对全体员工努力的认可，周末将举办庆祝活动。,"最佳雇主, 共同努力, 庆祝活动",“最佳雇主”是荣誉；“共同努力”是归因；“庆祝活动”是喜悦的延续。,,
783,task,angry,这代码是谁review的？啊？这么明显的逻辑错误都没发现！呃，导致线上出了这么大事故！相关人员写深刻检查！,这代码是谁review的？这么明显的逻辑错误都没发现！导致线上出了这么大事故！相关人员写深刻检查！,代码审查未发现明显逻辑错误以致引发线上事故，要求相关人员撰写深刻检查。,"谁review的, 逻辑错误, 深刻检查",“谁review的”追问责任；“逻辑错误”是具体失误；“深刻检查”是惩罚形式。,,
784,chitchat,sad,唉，我小时候常爬的那棵老榕树，嗯，因为道路扩建还是被砍掉了...啊，心里空落落的...,我小时候常爬的那棵老榕树因为道路扩建还是被砍掉了...心里空落落的...,童年时常爬的老榕树因道路扩建被砍伐，感到失落与惋惜。,"老榕树, 被砍掉了, 空落落的",“老榕树”是情感寄托；“被砍掉了”是悲伤事实；“空落落的”描述失落心境。,,
785,notice,fearful,紧急提醒：啊，据多家安全机构通报，呃，一种新型勒索病毒正在活跃，嗯，请大家切勿点击未知链接附件，及时更新杀毒软件！,紧急提醒：据多家安全机构通报一种新型勒索病毒正在活跃请大家切勿点击未知链接附件及时更新杀毒软件！,多家机构通报新型勒索病毒活跃，请勿点击未知链接附件并及时更新杀毒软件。,"新型勒索病毒, 切勿点击, 及时更新",“新型勒索病毒”是威胁来源；“切勿点击”是重要警告；“及时更新”是防护措施，带紧迫感。,,
786,task,happy,太好了！用户对我们新改版的官网反馈非常积极！嗯，都说更现代更易用了！啊，你收集一下具体的正面反馈，我们复盘一下。,太好了！用户对我们新改版的官网反馈非常积极！都说更现代更易用了！你收集一下具体的正面反馈我们复盘一下。,官网新改版获用户积极反馈，被认为更现代易用，请收集具体好评进行复盘。,"新改版, 更现代更易用, 收集反馈",“新改版”是对象；“更现代更易用”是优点；“收集反馈”是后续行动。,,
787,chitchat,calm,嗯，我觉得早晨喝一杯温蜂蜜水挺舒服的，啊，肠胃感觉暖暖的，呃，一上午都挺滋润的。,我觉得早晨喝一杯温蜂蜜水挺舒服的肠胃感觉暖暖的一上午都挺滋润的。,发现早晨饮用温蜂蜜水令人感到舒适温暖且滋润。,"温蜂蜜水, 暖暖的, 滋润",“温蜂蜜水”是平淡选择；“暖暖的”是温和体感；“滋润”是益处，语气平和。,,
788,notice,surprised,突发通知！啊，因重要客户临时到访，呃，原定今天下午的部门会议取消！哇，具体时间另行通知！,突发通知！因重要客户临时到访原定今天下午的部门会议取消！具体时间另行通知！,因重要客户临时到访，今日下午部门会议取消，时间另定。,"重要客户临时到访, 会议取消",“重要客户临时到访”是意外原因；“会议取消”是突发变更。,,
789,task,sad,这个季度的渠道销售数据，嗯...远未达到预期目标，啊，几个主要渠道都在下滑。呃，我们需要重新制定渠道策略了。,这个季度的渠道销售数据远未达到预期目标几个主要渠道都在下滑。我们需要重新制定渠道策略了。,本季度渠道销售数据未达预期且主要渠道均下滑，需重新制定渠道策略。,"远未达到, 渠道下滑, 重新制定",“远未达到”表示差距大；“渠道下滑”是问题表现；“重新制定”是必要调整。,,
790,chitchat,angry,真是岂有此理！我预定的酒店，呃，到店后被告知超售没房了！啊，大晚上的让我去哪找地方住！太不负责任了！,真是岂有此理！我预定的酒店到店后被告知超售没房了！大晚上的让我去哪找地方住！太不负责任了！,提前预定的酒店因超售无法提供房间，且发生在深夜，导致无处可住，令人极度愤怒。,"超售没房了, 大晚上, 不负责任",“超售没房了”是商家过失；“大晚上”加剧困境；“不负责任”是愤怒评价。,,
791,notice,calm,通知：嗯，为提高办公场所利用率，啊，公司将推行工位轮用制度，呃，具体实施细则将于下周公布。,通知：为提高办公场所利用率公司将推行工位轮用制度具体实施细则将于下周公布。,公司为提高办公场所利用率将推行工位轮用制度，实施细则下周公布。,"工位轮用制度, 下周公布",“工位轮用制度”是变更内容；“下周公布”是信息发布时间，语气平稳。,,
792,task,disgusted,这家的客服态度是我见过最差的！嗯，不仅不解决问题，啊，还各种推诿扯皮！立即终止合作！呃，并把他们的恶劣行为写进供应商评估报告！,这家的客服态度是我见过最差的！不仅不解决问题还各种推诿扯皮！立即终止合作！并把他们的恶劣行为写进供应商评估报告！,因客服态度极差且推诿问题，决定立即终止合作并将其劣行记入供应商评估报告。,"最差的, 推诿扯皮, 终止合作",“最差的”强烈否定；“推诿扯皮”是具体令人反感的行为；“终止合作”是决定。,,
793,chitchat,happy,哈哈！我女儿今天幼儿园老师表扬她了，嗯，说她主动帮助了摔倒的小朋友！啊，真是个小天使！,我女儿今天幼儿园老师表扬她了说她主动帮助了摔倒的小朋友！真是个小天使！,女儿在幼儿园因主动帮助摔倒的小朋友而受到老师表扬，为其感到高兴与自豪。,"表扬, 主动帮助, 小天使",“表扬”是喜悦起因；“主动帮助”是良好品质；“小天使”是喜悦的称赞。,,
794,notice,fearful,紧急预警：啊，气象台发布暴雨红色预警，呃，预计未来三小时将有强降雨，嗯，建议大家尽量减少外出，注意安全！,紧急预警：气象台发布暴雨红色预警预计未来三小时将有强降雨建议大家尽量减少外出注意安全！,气象台发布暴雨红色预警，未来三小时强降雨，建议尽量减少外出注意安全。,"暴雨红色预警, 强降雨, 尽量减少外出",“暴雨红色预警”是最高级别警告；“强降雨”是具体危害；“尽量减少外出”是安全建议，带紧迫感。,,
795,task,surprised,什么？竞争对手把他们核心产品的价格直接腰斩了？啊？这完全是亏本抢市场啊！我们需要紧急开会讨论应对策略！,什么？竞争对手把他们核心产品的价格直接腰斩了？这完全是亏本抢市场啊！我们需要紧急开会讨论应对策略！,竞争对手将其核心产品价格大幅降低（腰斩），疑似亏本抢占市场，需紧急开会商讨对策。,"价格腰斩, 亏本抢市场, 紧急开会",“价格腰斩”是惊人动作；“亏本抢市场”是推测意图；“紧急开会”是应对方式。,,
796,chitchat,sad,唉，我用了很多年的那个记事本APP，嗯，宣布下个月停止服务了...啊，里面记了好多东西呢，得赶紧导出来...,我用了很多年的那个记事本APP宣布下个月停止服务了...里面记了好多东西呢得赶紧导出来...,使用多年的记事本应用将于下月停止服务，其中存储大量内容需紧急导出，令人不舍且麻烦。,"停止服务, 记了好多东西, 赶紧导出来",“停止服务”是无奈结局；“记了好多东西”体现价值与损失；“赶紧导出来”是紧迫动作。,,
797,notice,angry,严正声明！啊！公司严禁在内部论坛及群组中散播未经证实的谣言及进行人身攻击！呃，违者一经查实，立即辞退！,严正声明！公司严禁在内部论坛及群组中散播未经证实的谣言及进行人身攻击！违者一经查实立即辞退！,公司严禁在内部平台散播谣言或进行人身攻击，违者立即辞退。,"散播谣言, 人身攻击, 立即辞退",“散播谣言”和“人身攻击”是严重违规行为；“立即辞退”是最严厉处罚，需强调。,,
798,task,calm,关于新员工的入职培训，嗯，需要增加一节关于公司信息安全制度的课程，啊，时长约一小时，呃，你来准备一下课件吧。,关于新员工的入职培训需要增加一节关于公司信息安全制度的课程时长约一小时你来准备一下课件吧。,新员工入职培训需增加一小时的公司信息安全制度课程，请准备相应课件。,"信息安全制度, 一小时, 准备课件",“信息安全制度”是课程主题；“一小时”是时长；“准备课件”是任务，语气平常。,,
799,chitchat,surprised,哇！你快看！呃，那边有只猫竟然在爬树！啊，而且爬得特别高！身手好敏捷！,你快看！那边有只猫竟然在爬树！而且爬得特别高！身手好敏捷！,观察到一只猫异常敏捷地爬至高处，令人惊讶。,"竟然在爬树, 特别高, 好敏捷",“竟然在爬树”是意外行为；“特别高”强调程度；“好敏捷”是赞叹。,,
800,notice,happy,好消息：啊，为感谢员工辛勤付出，呃，公司将于本月额外发放一笔季度效益奖金！嗯，随本月工资一同到账！,好消息：为感谢员工辛勤付出公司将于本月额外发放一笔季度效益奖金！随本月工资一同到账！,为感谢员工辛勤工作，公司将于本月随工资发放一笔季度效益奖金。,"辛勤付出, 效益奖金, 到账",“辛勤付出”是肯定；“效益奖金”是实质回馈；“到账”是喜悦时刻。,,
801,task,disgusted,这家的交付物质量简直是一场灾难！嗯，完全不符合需求规格书，啊，连基本的测试都通不过！立刻退货并要求全额退款！,这家的交付物质量简直是一场灾难！完全不符合需求规格书连基本的测试都通不过！立刻退货并要求全额退款！,供应商交付物质量极差，不符合需求且无法通过测试，要求立即退货并全额退款。,"一场灾难, 不符合需求, 全额退款",“一场灾难”强烈否定；“不符合需求”是根本问题；“全额退款”是强硬要求。,,
802,chitchat,calm,嗯，我觉得午休时到楼下小公园散散步挺不错的，啊，呼吸下新鲜空气，呃，下午工作效率好像都高了点。,我觉得午休时到楼下小公园散散步挺不错的呼吸下新鲜空气下午工作效率好像都高了点。,发现午间到楼下公园散步呼吸新鲜空气有助于提升下午工作效率。,"散散步, 呼吸新鲜空气, 效率高",“散散步”是平淡活动；“呼吸新鲜空气”是温和益处；“效率高”是积极结果，语气平和。,,
803,notice,angry,零容忍！啊！严禁任何形式的职场霸凌和歧视行为！呃，公司设有匿名举报渠道，嗯，一经核实，严惩不贷！,零容忍！严禁任何形式的职场霸凌和歧视行为！公司设有匿名举报渠道一经核实严惩不贷！,公司对职场霸凌和歧视行为零容忍，设有匿名举报渠道，核实后将严厉惩处。,"零容忍, 职场霸凌歧视, 严惩不贷",“零容忍”是坚决态度；“职场霸凌歧视”是严重问题；“严惩不贷”是后果警告。,,
804,task,sad,这个功能的用户活跃度，嗯...上线后一直不温不火，啊，远低于我们的预期。呃，或许我们需要考虑下线或彻底重构它了。,这个功能的用户活跃度上线后一直不温不火远低于我们的预期。或许我们需要考虑下线或彻底重构它了。,该功能上线后用户活跃度持续低迷，未达预期，需考虑将其下线或彻底重构。,"不温不火, 远低于预期, 下线重构",“不温不火”描述失望状态；“远低于预期”量化差距；“下线重构”是无奈考虑。,,
805,chitchat,happy,哈哈！我今天居然在旧衣服口袋里摸出一百块钱！嗯，虽然是自己的钱但像捡到的一样！啊，意外之财！,我今天居然在旧衣服口袋里摸出一百块钱！虽然是自己的钱但像捡到的一样！意外之财！,在旧衣口袋中意外发现一百元现金，虽本是己物但仍感惊喜如横财。,"摸出一百块钱, 像捡到的一样, 意外之财",“摸出一百块钱”是惊喜发现；“像捡到的一样”是愉悦心态；“意外之财”是幽默形容。,,
806,notice,surprised,紧急通知！啊，刚接到上级通知，呃，因重大突发公共事件，哇，公司明天起全员居家办公一周！具体安排稍后下发！,紧急通知！刚接到上级通知因重大突发公共事件公司明天起全员居家办公一周！具体安排稍后下发！,因重大突发公共事件，公司明日起全员居家办公一周，具体安排后续通知。,"重大突发公共事件, 居家办公一周",“重大突发公共事件”是意外原因；“居家办公一周”是长时间安排，需强调。,,
807,task,calm,关于下个月的团队建设活动，嗯，初步有几个意向地点，啊，我已经把简介发到群里了，呃，大家看看有没有偏好或者建议。,关于下个月的团队建设活动初步有几个意向地点我已经把简介发到群里了大家看看有没有偏好或者建议。,下月团队建设活动有数个意向地点，简介已发至群中，征集大家的偏好与建议。,"团队建设, 意向地点, 偏好建议",“团队建设”是活动类型；“意向地点”是待选项；“偏好建议”是征集内容，语气平和。,,
808,chitchat,angry,真是气不打一处来！我网上买的商品寄错了型号，呃，联系客服换货，啊，结果寄来的还是错的！耍人玩呢？,真是气不打一处来！我网上买的商品寄错了型号联系客服换货结果寄来的还是错的！耍人玩呢？,网购商品型号错误，换货后再次收到错误型号，客服处理不当令人愤怒。,"寄错了型号, 还是错的, 耍人玩",“寄错了型号”是初次错误；“还是错的”是二次失误，令人恼火；“耍人玩”是愤怒质疑。,,
809,notice,fearful,重要安全提醒：啊，近期冒充公检法人员进行电话诈骗的案件高发，呃，切勿相信任何要求转账到安全账户的电话！嗯，立即挂断并报警！,重要安全提醒：近期冒充公检法人员进行电话诈骗的案件高发切勿相信任何要求转账到安全账户的电话！立即挂断并报警！,警惕冒充公检法的电话诈骗，切勿相信任何要求转账至安全账户的说辞，应立即挂断并报警。,"冒充公检法, 转账到安全账户, 立即报警",“冒充公检法”是诈骗手段；“转账到安全账户”是诈骗目的；“立即报警”是正确应对，带紧迫感。,,
810,task,happy,太棒了！我们那个小成本实验项目居然被用户自发传播了！嗯，带来了大量自然增长！啊，你重点分析一下传播路径和关键节点。,太棒了！我们那个小成本实验项目居然被用户自发传播了！带来了大量自然增长！你重点分析一下传播路径和关键节点。,小成本实验项目获用户自发传播并带来显著自然增长，请分析传播路径与关键节点。,"用户自发传播, 自然增长, 传播路径",“用户自发传播”是理想效果；“自然增长”是商业价值；“传播路径”是分析重点。,,
811,chitchat,sad,唉，我常去的那个街角早餐摊，嗯，因为城管整治不能再摆了...啊，以后早上吃不到那口熟悉的煎饼了...,我常去的那个街角早餐摊因为城管整治不能再摆了...以后早上吃不到那口熟悉的煎饼了...,常光顾的街角早餐摊因城管整治无法继续经营，无法再吃到其煎饼，感到失落。,"不能再摆了, 吃不到, 熟悉的",“不能再摆了”是无奈结局；“吃不到”是直接损失；“熟悉的”包含情感价值。,,
812,notice,calm,通知：嗯，公司财务部提醒，啊，本月报销截止日期为25号，呃，请大家及时提交报销单据，逾期将延至下月处理。,通知：公司财务部提醒本月报销截止日期为25号请大家及时提交报销单据逾期将延至下月处理。,财务部提醒本月报销截止日为25号，请及时提交单据，逾期将顺延至下月处理。,"报销截止日期, 及时提交, 逾期延至下月",“报销截止日期”是时间节点；“及时提交”是要求；“逾期延至下月”是后果，语气平稳。,,
813,task,surprised,什么？客户说如果我们能集成这个冷门功能，啊，就愿意签三年长约？呃...这个功能虽然偏门，但值得投入资源开发！,什么？客户说如果我们能集成这个冷门功能就愿意签三年长约？这个功能虽然偏门但值得投入资源开发！,客户提出若集成一冷门功能则愿签订三年长期合同，虽功能偏门但值得开发。,"冷门功能, 三年长约, 值得投入",“冷门功能”是特殊要求；“三年长约”是巨大诱惑；“值得投入”是决策判断。,,
814,chitchat,fearful,我好像...嗯...把开会要用的重要PPT保存错了版本...啊，发给老板的是未修改的旧版...现在重发还来得及吗？会不会被骂？,我好像把开会要用的重要PPT保存错了版本...发给老板的是未修改的旧版...现在重发还来得及吗？会不会被骂？,可能误将未修改的旧版PPT作为会议材料发送给老板，担心挨骂并试图补救。,"保存错了版本, 未修改的旧版, 会不会被骂",“保存错了版本”是错误根源；“未修改的旧版”是问题严重性；“会不会被骂”是恐惧焦点。,,
815,notice,disgusted,恶心！啊！又在微波炉里发现加热后爆炸的鸡蛋！呃，清理起来极其麻烦且危险！严禁加热带壳鸡蛋和密封容器！,恶心！又在微波炉里发现加热后爆炸的鸡蛋！清理起来极其麻烦且危险！严禁加热带壳鸡蛋和密封容器！,微波炉内再次发现因加热而爆炸的鸡蛋，清理困难且危险，严禁加热带壳蛋及密封容器。,"爆炸的鸡蛋, 极其麻烦, 严禁加热",“爆炸的鸡蛋”是恶心场景；“极其麻烦”描述后果；“严禁加热”是严厉禁止。,,
816,task,calm,关于新项目的命名，嗯，目前收集了几个建议，啊，我已经整理成列表发邮件了，呃，你看一下，我们明天简短讨论一下。,关于新项目的命名目前收集了几个建议我已经整理成列表发邮件了你看一下我们明天简短讨论一下。,新项目命名已有数个建议并整理成列表发至邮箱，请查看并于明日简短讨论。,"命名, 几个建议, 简短讨论",“命名”是任务；“几个建议”是备选；“简短讨论”是安排，语气平常。,,
817,chitchat,surprised,哇！你快看天气预报！呃，说明天可能会下雪！啊，今年冬天第一场雪哎！,你快看天气预报！说明天可能会下雪！今年冬天第一场雪哎！,天气预报显示明日可能降雪，或将成为今年冬季初雪。,"下雪, 第一场雪",“下雪”是惊喜天气；“第一场雪”具有特殊意义，令人期待。,,
818,notice,happy,好消息：啊，为丰富员工业余生活，呃，公司工会将组建几个兴趣小组，嗯，包括篮球、摄影、烘焙等，欢迎大家报名！,好消息：为丰富员工业余生活公司工会将组建几个兴趣小组包括篮球摄影烘焙等欢迎大家报名！,公司工会将组建篮球、摄影、烘焙等兴趣小组以丰富员工业余生活，欢迎报名参加。,"兴趣小组, 篮球摄影烘焙, 欢迎大家报名",“兴趣小组”是福利形式；“篮球摄影烘焙”是具体内容；“欢迎大家报名”是热情邀请。,,
819,task,angry,这代码质量简直不堪入目！啊？变量命名随意，啊，没有任何注释，呃，函数长得一眼望不到头！全部打回重写！,这代码质量简直不堪入目！变量命名随意没有任何注释函数长得一眼望不到头！全部打回重写！,代码质量极差，变量命名不规范、缺乏注释、函数过长，要求全部返工重写。,"不堪入目, 变量命名随意, 打回重写",“不堪入目”强烈否定；“变量命名随意”是具体问题；“打回重写”是强硬指令。,,
820,chitchat,sad,唉，我小时候住过的那条老胡同，嗯，听说马上就要拆迁改造了...啊，又一段记忆要消失在城市发展里了...,我小时候住过的那条老胡同听说马上就要拆迁改造了...又一段记忆要消失在城市发展里了...,童年居住的老胡同即将拆迁改造，伴随其中的记忆也将随之消逝，令人感伤。,"老胡同, 拆迁改造, 记忆消失",“老胡同”是情感载体；“拆迁改造”是不可逆变化；“记忆消失”是失落根源。,,
821,notice,fearful,紧急提醒：啊，公司附近出现可疑人员疑似针对下班员工进行推销诈骗，呃，请大家务必提高警惕，切勿轻信，必要时报警！,紧急提醒：公司附近出现可疑人员疑似针对下班员工进行推销诈骗请大家务必提高警惕切勿轻信必要时报警！,公司附近出现可疑人员疑似针对下班员工进行推销诈骗，请提高警惕勿轻信并可报警。,"可疑人员, 推销诈骗, 提高警惕",“可疑人员”是风险来源；“推销诈骗”是可能目的；“提高警惕”是防御态度，带担忧。,,
822,task,happy,真不错！客户把我们推荐给了行业内的头部企业！嗯，对方已经发来合作意向书了！啊，你优先处理这个潜在的大客户。,真不错！客户把我们推荐给了行业内的头部企业！对方已经发来合作意向书了！你优先处理这个潜在的大客户。,客户将我们推荐给行业头部企业，对方已发合作意向书，请优先处理此大客户。,"头部企业, 合作意向书, 优先处理",“头部企业”是优质机会；“合作意向书”是正式兴趣；“优先处理”是资源倾斜决定。,,
823,chitchat,calm,嗯，我觉得晚上用热水泡点菊花茶喝挺好的，啊，清清淡淡的，呃，有助于降火安神。,我觉得晚上用热水泡点菊花茶喝挺好的清清淡淡的有助于降火安神。,认为晚间饮用清淡的菊花茶有助于降火安神。,"菊花茶, 清淡淡, 降火安神",“菊花茶”是平和选择；“清淡淡”是温和口感；“降火安神”是益处，语气宁静。,,
824,notice,surprised,突发通知！啊，因获得重要投资，呃，公司决定所有员工本月工资额外发放一个月作为奖金！哇，恭喜大家！,突发通知！因获得重要投资公司决定所有员工本月工资额外发放一个月作为奖金！恭喜大家！,公司因获得重要投资，决定为本月所有员工额外发放一个月工资作为奖金。,"重要投资, 额外发放一个月工资",“重要投资”是惊喜背景；“额外发放一个月工资”是实质惊喜，需重读强调。,,
825,task,sad,这个平台的用户投诉量，嗯...近期暴增，啊，主要是关于数据隐私和安全性的担忧。呃，我们需要立刻发布一份详细的隐私政策说明。,这个平台的用户投诉量近期暴增主要是关于数据隐私和安全性的担忧。我们需要立刻发布一份详细的隐私政策说明。,平台用户投诉量近期暴增，焦点集中于数据隐私与安全性，需立即发布详细隐私政策说明。,"投诉量暴增, 数据隐私, 立刻发布",“投诉量暴增”表示问题严重；“数据隐私”是核心关切；“立刻发布”是紧急应对。,,
826,chitchat,angry,真是受不了！隔壁邻居半夜十二点多还在开派对！啊，音乐声震天响！敲门沟通还嫌我事多！这还怎么睡觉！,真是受不了！隔壁邻居半夜十二点多还在开派对！音乐声震天响！敲门沟通还嫌我事多！这还怎么睡觉！,邻居深夜派对噪音巨大，沟通无效反被抱怨，严重影响睡眠，令人愤怒。,"半夜十二点, 音乐震天响, 嫌我事多",“半夜十二点”强调时间不当；“音乐震天响”是噪音描述；“嫌我事多”是沟通失败，加剧怒气。,,
827,notice,calm,通知：嗯，公司将于下季度起启用新的考勤系统，啊，支持手机打卡及外出登记，呃，操作指南将提前一周发放。,通知：公司将于下季度起启用新的考勤系统支持手机打卡及外出登记操作指南将提前一周发放。,公司下季度起启用新考勤系统，支持手机打卡与外出登记，操作指南提前一周发放。,"新的考勤系统, 手机打卡, 操作指南",“新的考勤系统”是变更；“手机打卡”是新功能；“操作指南”是学习资料，语气平稳。,,
828,task,disgusted,这家的设计稿完全就是抄袭竞争对手的！嗯，连配色和布局都几乎一模一样！啊，毫无创意可言！立即终止合作！,这家的设计稿完全就是抄袭竞争对手的！连配色和布局都几乎一模一样！毫无创意可言！立即终止合作！,外包设计稿涉嫌完全抄袭竞争对手，缺乏原创性，要求立即终止合作。,"抄袭, 一模一样, 终止合作",“抄袭”是严重问题；“一模一样”强调抄袭程度；“终止合作”是果断决定。,,
829,chitchat,happy,哈哈！我今天居然准点下班了！嗯，太阳都还没下山呢！啊，感觉赚到了，可以去逛逛超市。,我今天居然准点下班了！太阳都还没下山呢！感觉赚到了可以去逛逛超市。,今日意外准点下班，天色尚早，感觉幸运并计划逛超市。,"准点下班, 太阳没下山, 赚到了",“准点下班”是难得之事；“太阳没下山”形象化时间早；“赚到了”是愉悦心态。,,
830,notice,fearful,紧急预警：啊，疾控中心发布通知，呃，本地出现数例流感确诊病例，嗯，请大家注意个人防护，佩戴口罩，及时接种疫苗。,紧急预警：疾控中心发布通知本地出现数例流感确诊病例请大家注意个人防护佩戴口罩及时接种疫苗。,疾控中心通知本地出现流感确诊病例，请注意个人防护、佩戴口罩并及时接种疫苗。,"流感确诊病例, 佩戴口罩, 接种疫苗",“流感确诊病例”是健康威胁；“佩戴口罩”和“接种疫苗”是防护建议，带关切。,,
831,task,surprised,什么？对方公司提出想收购我们整个技术团队？啊？连人带项目一起？这太突然了...我们需要认真评估这个提议。,什么？对方公司提出想收购我们整个技术团队？连人带项目一起？这太突然了...我们需要认真评估这个提议。,对方公司提出收购整个技术团队（连人带项目）的意向，需认真评估此突发提议。,"收购技术团队, 连人带项目, 认真评估",“收购技术团队”是重大事件；“连人带项目”是范围；“认真评估”是谨慎应对。,,
832,chitchat,sad,唉，我追更了好几年的那部网络小说，嗯，作者突然宣布无限期停更了...啊，说是生活压力太大...故事就这样没了结局...,我追更了好几年的那部网络小说作者突然宣布无限期停更了...说是生活压力太大...故事就这样没了结局...,追更多年的网络小说因作者生活压力无限期停更，故事失去结局，令人遗憾。,"无限期停更, 生活压力, 没了结局",“无限期停更”是悲伤事实；“生活压力”是无奈原因；“没了结局”是读者损失。,,
833,notice,angry,严正警告！啊！禁止利用公司资源进行任何形式的虚拟货币交易和炒作！呃，违者不仅立即开除，嗯，还将追究法律责任！,严正警告！禁止利用公司资源进行任何形式的虚拟货币交易和炒作！违者不仅立即开除还将追究法律责任！,严禁使用公司资源进行虚拟货币交易炒作，违者立即开除并追究法律责任。,"虚拟货币交易炒作, 立即开除, 追究法律责任",“虚拟货币交易炒作”是违规行为；“立即开除”是公司处罚；“追究法律责任”是法律后果，需严厉强调。,,
834,task,calm,关于新员工的导师分配，嗯，名单我已经初步拟好了，啊，发给你看一下，呃，有没有什么需要调整的地方。,关于新员工的导师分配名单我已经初步拟好了发给你看一下有没有什么需要调整的地方。,新员工导师分配名单已初步拟定，请查看并提出调整意见。,"导师分配, 初步拟好, 调整",“导师分配”是事项；“初步拟好”是当前状态；“调整”是征求建议，语气平和。,,
835,chitchat,surprised,哇！你看那个小朋友滑滑板好厉害！呃，那么高的台阶直接就冲下去了！啊，动作好流畅！,你看那个小朋友滑滑板好厉害！那么高的台阶直接就冲下去了！动作好流畅！,目睹一小朋友滑滑板技巧高超，直接从高台阶滑下且动作流畅，令人惊讶。,"好厉害, 高台阶冲下去, 好流畅",“好厉害”是总体评价；“高台阶冲下去”是惊险动作；“好流畅”是技巧体现。,,
836,notice,happy,喜讯：啊，恭喜我公司产品荣获『用户体验金奖』！嗯，这是对设计研发团队的巨大肯定！呃，今晚部门聚餐庆祝！,喜讯：恭喜我公司产品荣获『用户体验金奖』！这是对设计研发团队的巨大肯定！今晚部门聚餐庆祝！,公司产品荣获用户体验金奖，是对设计研发团队的肯定，今晚部门聚餐庆祝。,"用户体验金奖, 巨大肯定, 聚餐庆祝",“用户体验金奖”是荣誉名称；“巨大肯定”是价值；“聚餐庆祝”是喜悦的延续。,,
837,task,angry,这测试用例覆盖率连50%都不到！啊？怎么通过验收的？呃，那么多边界条件都没覆盖！测试团队重新全面测试！,这测试用例覆盖率连50%都不到！怎么通过验收的？那么多边界条件都没覆盖！测试团队重新全面测试！,测试用例覆盖率不足50%，且未覆盖众多边界条件，要求测试团队重新进行全面测试。,"覆盖率50%不到, 没覆盖, 重新全面测试",“覆盖率50%不到”量化低质量；“没覆盖”指出具体缺失；“重新全面测试”是强硬指令。,,
838,chitchat,sad,唉，我家养了十几年的那只老猫，嗯，今天早上安静地走了...啊，虽然知道这一天总会来，但还是很难过...,我家养了十几年的那只老猫今天早上安静地走了...虽然知道这一天总会来但还是很难过...,饲养十余年的老猫于今早离世，虽有心理准备但仍感悲伤。,"十几年, 安静地走了, 很难过",“十几年”强调感情深厚；“安静地走了”是悲伤事实；“很难过”是直接情绪。,,
839,notice,fearful,紧急提醒：啊，警方通报近期发生多起针对夜跑者的抢夺案件，呃，事发时间多在晚间9点后，嗯，建议大家夜跑注意选择人多光亮路线！,紧急提醒：警方通报近期发生多起针对夜跑者的抢夺案件事发时间多在晚间9点后建议大家夜跑注意选择人多光亮路线！,警方通报多起晚间9点后针对夜跑者的抢夺案件，建议夜跑选择人多光亮路线以确保安全。,"抢夺案件, 晚间9点后, 人多光亮路线",“抢夺案件”是安全威胁；“晚间9点后”是高危时段；“人多光亮路线”是安全建议，带担忧。,,
840,task,happy,太好了！用户对我们新推出的会员体系反馈非常积极！嗯，付费转化率超出了预期！啊，你分析一下核心驱动力是什么。,太好了！用户对我们新推出的会员体系反馈非常积极！付费转化率超出了预期！你分析一下核心驱动力是什么。,新会员体系获用户积极反馈且付费转化率超预期，请分析其核心驱动力。,"会员体系, 付费转化率, 核心驱动力",“会员体系”是对象；“付费转化率”是商业成功；“核心驱动力”是分析目标。,,
841,chitchat,calm,嗯，我觉得周末在家整理一下房间挺解压的，啊，断舍离掉一些不需要的东西，呃，空间清爽了心情也好了。,我觉得周末在家整理一下房间挺解压的断舍离掉一些不需要的东西空间清爽了心情也好了。,认为周末居家整理房间并进行断舍离能释放压力，使空间清爽、心情舒畅。,"整理房间, 断舍离, 心情好了",“整理房间”是普通活动；“断舍离”是方法；“心情好了”是获益，语气平和。,,
842,notice,surprised,突发通知！啊，因服务器供应商机房故障，呃，公司部分线上服务可能会出现短暂中断，哇，技术团队正在紧急修复中！,突发通知！因服务器供应商机房故障公司部分线上服务可能会出现短暂中断技术团队正在紧急修复中！,因服务器供应商机房故障，公司部分线上服务可能出现短暂中断，技术团队正紧急修复。,"机房故障, 短暂中断, 紧急修复",“机房故障”是意外原因；“短暂中断”是影响；“紧急修复”是应对状态。,,
843,task,sad,这个渠道的推广效果，嗯...持续下滑，啊，ROI已经降到临界点以下了。呃，我们需要决定是加大投入挽救还是直接放弃这个渠道。,这个渠道的推广效果持续下滑ROI已经降到临界点以下了。我们需要决定是加大投入挽救还是直接放弃这个渠道。,该推广渠道效果持续下滑，投资回报率已低于临界点，需决定加大投入或放弃。,"持续下滑, ROI临界点, 加大投入或放弃",“持续下滑”是消极趋势；“ROI临界点”是决策依据；“加大投入或放弃”是两难选择。,,
844,chitchat,angry,真是无语！我网上预约的政府办事号，呃，提前一周约上的，啊，结果现场告诉我系统故障号全作废了！白请半天假！,真是无语！我网上预约的政府办事号提前一周约上的结果现场告诉我系统故障号全作废了！白请半天假！,提前一周预约的政府办事号因现场系统故障全部作废，导致白白请假，令人气愤。,"提前一周约上的, 系统故障, 白请半天假",“提前一周约上的”体现不易；“系统故障”是官方责任；“白请半天假”是个人损失，引发怒气。,,
845,notice,calm,通知：嗯，公司人力资源部将于下周开展年度员工满意度匿名调查，啊，问卷链接将通过邮件发送，呃，希望大家积极参与。,通知：公司人力资源部将于下周开展年度员工满意度匿名调查问卷链接将通过邮件发送希望大家积极参与。,人力资源部下周开展年度员工满意度匿名调查，问卷链接通过邮件发送，请积极参与。,"员工满意度调查, 匿名, 积极参与",“员工满意度调查”是事项；“匿名”保证真实性；“积极参与”是希望，语气平稳。,,
846,task,disgusted,这家的售后响应速度慢得令人发指！嗯，报修三天都没人联系！啊，电话永远占线！立即投诉到他们总公司并要求赔偿！,这家的售后响应速度慢得令人发指！报修三天都没人联系！电话永远占线！立即投诉到他们总公司并要求赔偿！,售后服务响应极慢，报修三天无联系且电话占线，要求立即向其总公司投诉并索赔。,"慢得令人发指, 三天没人联系, 投诉赔偿",“慢得令人发指”强烈表达不满；“三天没人联系”是具体问题；“投诉赔偿”是要求的行动。,,
847,chitchat,happy,哈哈！我今天居然在小区里捡到一只很可爱的小流浪猫，嗯，很亲人，啊，决定先带回家照顾再帮它找领养！,我今天居然在小区里捡到一只很可爱的小流浪猫很亲人决定先带回家照顾再帮它找领养！,在小区内意外捡到一只亲人的可爱流浪猫，决定先行带回家照料并为其寻找领养。,"捡到, 小流浪猫, 带回家",“捡到”是意外收获；“小流浪猫”是可爱对象；“带回家”是善举，心情愉悦。,,
848,notice,fearful,紧急预警：啊，接相关部门通知，呃，近期有非法集资团伙以高额回报为诱饵 targeting 企业员工，嗯，请大家切勿相信，谨防上当！,紧急预警：接相关部门通知近期有非法集资团伙以高额回报为诱饵 targeting 企业员工请大家切勿相信谨防上当！,警惕针对企业员工的非法集资活动，承诺高额回报均为骗局，请勿相信以防受骗。,"非法集资, 高额回报, 切勿相信",“非法集资”是骗局类型；“高额回报”是诱惑手段；“切勿相信”是强烈警告。,,
849,task,surprised,什么？客户说如果我们能支持这个极其冷门的文件格式，啊，就愿意把我们列入优先供应商清单？呃...这个需求虽然奇怪但值得做！,什么？客户说如果我们能支持这个极其冷门的文件格式就愿意把我们列入优先供应商清单？这个需求虽然奇怪但值得做！,客户提出若支持一极其冷门的文件格式则愿将我们列为优先供应商，此需求虽怪但有价值。,"极其冷门, 优先供应商清单, 值得做",“极其冷门”表示特殊；“优先供应商清单”是商业好处；“值得做”是决策。,,
850,chitchat,sad,唉，我用了很多年的那个电子词典，嗯，今天突然开不了机了...啊，虽然现在手机都能查，但还是有点舍不得...,我用了很多年的那个电子词典今天突然开不了机了...虽然现在手机都能查但还是有点舍不得...,使用多年的电子词典突然无法开机，虽已有替代品但仍感不舍。,"很多年, 开不了机, 舍不得",“很多年”蕴含感情；“开不了机”是故障；“舍不得”是怀旧情绪。,,
851,notice,angry,最后警告！啊！禁止在办公室任何区域吸烟！呃，包括卫生间、楼梯间！嗯，烟雾报警器已经因此触发多次了！再发现直接严肃处理！,最后警告！禁止在办公室任何区域吸烟！包括卫生间楼梯间！烟雾报警器已经因此触发多次了！再发现直接严肃处理！,严禁在办公室任何区域（包括卫生间、楼梯间）吸烟，因此已多次触发烟雾报警器，违者将受严肃处理。,"任何区域吸烟, 触发多次, 严肃处理",“任何区域吸烟”是绝对禁止的行为；“触发多次”强调问题严重性；“严肃处理”是最终警告。,,
852,task,calm,关于下周的客户演示，嗯，需要准备一个简短的产品介绍PPT，啊，大概10页左右，突出重点就好，呃，周五前给我初稿。,关于下周的客户演示需要准备一个简短的产品介绍PPT大概10页左右突出重点就好周五前给我初稿。,请为下周客户演示准备10页左右的简短产品介绍PPT，突出重点，周五前提交初稿。,"产品介绍PPT, 10页左右, 周五前",“产品介绍PPT”是任务目标；“10页左右”是篇幅要求；“周五前”是时间节点，语气平稳。,,
853,chitchat,happy,哈哈！我今天居然在旧书摊淘到了绝版多年的小说！嗯，品相还不错！啊，真是意外收获！,我今天居然在旧书摊淘到了绝版多年的小说！品相还不错！真是意外收获！,在旧书摊意外购得绝版多年且品相良好的小说，感到十分欣喜。,"淘到了, 绝版多年, 意外收获",“淘到了”是幸运动作；“绝版多年”体现珍贵；“意外收获”是喜悦心情。,,
854,notice,surprised,紧急通知！啊，刚接到通知，因主干光缆被施工挖断，呃，公司网络预计中断两小时！哇，请大家保存工作，耐心等待！,紧急通知！刚接到通知因主干光缆被施工挖断公司网络预计中断两小时！请大家保存工作耐心等待！,因主干光缆被挖断，公司网络预计中断两小时，请保存工作并耐心等待修复。,"光缆挖断, 中断两小时, 保存工作",“光缆挖断”是意外原因；“中断两小时”是预计时长；“保存工作”是紧急建议。,,
855,task,sad,这个功能的用户留存数据，嗯...看起来并不理想，啊，次留和七留都低于产品平均值。呃，我们需要深入分析一下原因。,这个功能的用户留存数据看起来并不理想次留和七留都低于产品平均值。我们需要深入分析一下原因。,该功能用户留存数据（次日、七日留存）均低于产品平均值，表现不理想，需深入分析原因。,"并不理想, 低于平均值, 深入分析",“并不理想”是总体评价；“低于平均值”量化问题；“深入分析”是必要步骤。,,
856,chitchat,fearful,我好像...嗯...把一份包含客户信息的文件忘在共享打印机那儿了...啊，过了快一小时才想起来，回去找已经不见了...怎么办...,我好像把一份包含客户信息的文件忘在共享打印机那儿了...过了快一小时才想起来回去找已经不见了...怎么办...,可能将包含客户信息的文件遗落在共享打印机处，一小时后返回寻找时已不见，担心信息泄露。,"包含客户信息, 忘在了, 已经不见了",“包含客户信息”强调数据敏感性；“忘在了”是错误起因；“已经不见了”加剧安全担忧。,,
857,notice,disgusted,实在无法理解！啊，为什么总有人把厨余垃圾扔进可回收垃圾桶？呃，增加分拣难度且污染可回收物！请分类投放！,实在无法理解！为什么总有人把厨余垃圾扔进可回收垃圾桶？增加分拣难度且污染可回收物！请分类投放！,谴责将厨余垃圾投入可回收垃圾桶的行为，此行为增加分拣难度并造成污染，要求正确分类投放。,"厨余垃圾, 可回收桶, 分类投放",“厨余垃圾”是错误物品；“可回收桶”是错误投放点；“分类投放”是正确要求，带不满情绪。,,
858,task,happy,太好了！用户对我们新上线的无障碍功能反馈特别好！嗯，收到了很多残障人士的感谢邮件！啊，你整理一下这些案例，我们做内部宣传。,太好了！用户对我们新上线的无障碍功能反馈特别好！收到了很多残障人士的感谢邮件！你整理一下这些案例我们做内部宣传。,新上线的无障碍功能获用户特别是残障人士积极反馈，请整理感谢案例用于内部宣传。,"无障碍功能, 感谢邮件, 内部宣传",“无障碍功能”是好评对象；“感谢邮件”是积极反馈；“内部宣传”是后续行动。,,
859,chitchat,angry,真是气死我了！快递员未经允许就把我的包裹扔在物业门口，啊，结果下雨全淋湿了！包装也破了！这损失谁负责？,真是气死我了！快递员未经允许就把我的包裹扔在物业门口结果下雨全淋湿了！包装也破了！这损失谁负责？,快递员未经允许将包裹放置物业门口，导致被雨淋湿损坏，追问责任归属，令人气愤。,"未经允许, 扔在物业门口, 全淋湿了",“未经允许”是违规操作；“扔在物业门口”是错误放置；“全淋湿了”是损失后果，引发怒气。,,
860,notice,calm,通知：嗯，公司将于本月末进行办公软件正版化核查，啊，请大家检查电脑已安装授权软件，呃，未授权软件请自行卸载。,通知：公司将于本月末进行办公软件正版化核查请大家检查电脑已安装授权软件未授权软件请自行卸载。,公司将于月末进行办公软件正版化核查，请检查并确保使用授权软件，卸载未授权软件。,"正版化核查, 授权软件, 自行卸载",“正版化核查”是事项；“授权软件”是要求；“自行卸载”是操作，语气平稳告知。,,
861,task,surprised,什么？行业协会邀请我们在年会上做主题演讲？啊？分享我们那个小项目的经验？这太意外了...但是个好机会！,什么？行业协会邀请我们在年会上做主题演讲？分享我们那个小项目的经验？这太意外了...但是个好机会！,行业协会邀请在年会上就某一小项目经验进行主题演讲，感到意外但视为良好机会。,"主题演讲, 小项目经验, 好机会",“主题演讲”是荣誉；“小项目经验”是分享内容；“好机会”是积极看待。,,
862,chitchat,sad,唉，我小时候常去的那家文具店，嗯，经营了二十多年，啊，这个月底也要关门了...老板说实在撑不下去了...,我小时候常去的那家文具店经营了二十多年这个月底也要关门了...老板说实在撑不下去了...,经营二十余年的童年文具店因经营困难将于本月底关闭，令人惋惜。,"二十多年, 要关门了, 撑不下去",“二十多年”是时间跨度；“要关门了”是悲伤结局；“撑不下去”是无奈原因。,,
863,notice,fearful,紧急安全提示：啊，近期有诈骗分子冒充银行人员发送钓鱼短信，呃，以“账户异常”为由要求点击链接，嗯，切勿点击！立即删除！,紧急安全提示：近期有诈骗分子冒充银行人员发送钓鱼短信以“账户异常”为由要求点击链接切勿点击！立即删除！,警惕冒充银行人员的钓鱼短信，以账户异常为由诱骗点击链接，请勿点击并立即删除。,"冒充银行, 钓鱼短信, 切勿点击",“冒充银行”是诈骗手段；“钓鱼短信”是风险载体；“切勿点击”是重要警告，带紧迫感。,,
864,task,calm,关于下季度的培训计划，嗯，需要征集一下大家想学习的技能或 topics，啊，我已经发了匿名问卷，呃，麻烦周五前填写一下。,关于下季度的培训计划需要征集一下大家想学习的技能或 topics我已经发了匿名问卷麻烦周五前填写一下。,为制定下季度培训计划，已发放匿名问卷征集大家想学习的技能或主题，请于周五前填写。,"培训计划, 匿名问卷, 周五前",“培训计划”是背景；“匿名问卷”是工具；“周五前”是时间点，语气平常。,,
865,chitchat,surprised,哇！你看那个风筝飞得好高！呃，都快变成一个小点了！啊，这得放了多少线啊！,你看那个风筝飞得好高！都快变成一个小点了！这得放了多少线啊！,观察到风筝飞得极高，几乎变为空中小点，惊叹其放飞高度。,"飞得好高, 一个小点, 放了多少线",“飞得好高”是直观印象；“一个小点”形象化高度；“放了多少线”是惊奇推测。,,
866,notice,happy,好消息：啊，为庆祝公司成立十周年，呃，公司将组织全体员工为期三天的旅游活动，嗯，具体方案稍后公布！,好消息：为庆祝公司成立十周年公司将组织全体员工为期三天的旅游活动具体方案稍后公布！,为庆祝公司十周年，将组织全体员工进行三天旅游活动，具体方案后续公布。,"十周年, 旅游活动, 全体员工",“十周年”是喜庆由头；“旅游活动”是福利内容；“全体员工”是覆盖范围。,,
867,task,angry,这需求文档写得跟没写一样！啊？全是模糊的表述和『再看看』！呃，让产品经理重新写！写不清楚就不要开发！,这需求文档写得跟没写一样！全是模糊的表述和『再看看』！让产品经理重新写！写不清楚就不要开发！,需求文档质量极差，内容模糊不清，要求产品经理重新撰写，明确前暂停开发。,"写得跟没写一样, 模糊表述, 重新写",“写得跟没写一样”强烈否定；“模糊表述”是具体问题；“重新写”是强硬要求。,,
868,chitchat,calm,嗯，我觉得早晨醒来后先在床上躺几分钟醒醒神，啊，然后再慢慢起来，呃，一整天都会比较精神。,我觉得早晨醒来后先在床上躺几分钟醒醒神然后再慢慢起来一整天都会比较精神。,认为早晨醒来后在床上稍躺片刻清醒后再起身，有助于保持全天精神。,"躺几分钟醒醒神, 比较精神",“躺几分钟醒醒神”是平和习惯；“比较精神”是获益，语气温和。,,
869,notice,surprised,突发通知！啊，因疫情防控等级提升，呃，公司明天起全员需持48小时核酸阴性证明上岗！哇，请大家尽快完成检测！,突发通知！因疫情防控等级提升公司明天起全员需持48小时核酸阴性证明上岗！请大家尽快完成检测！,因疫情防控等级提升，明日起全员需持48小时内核酸阴性证明上岗，请尽快完成检测。,"持核酸阴性证明, 48小时, 尽快检测",“持核酸阴性证明”是新要求；“48小时”是时效限制；“尽快检测”是紧急提醒。,,
870,task,sad,这个版本的崩溃率，嗯...又回升了，啊，特别是Android低端机型上。呃，我们需要优先修复这些稳定性问题。,这个版本的崩溃率又回升了特别是Android低端机型上。我们需要优先修复这些稳定性问题。,本版本应用崩溃率回升，尤以Android低端机型为甚，需优先修复稳定性问题。,"崩溃率回升, Android低端机型, 优先修复",“崩溃率回升”是质量倒退；“Android低端机型”是问题重点；“优先修复”是应对策略。,,
871,chitchat,happy,哈哈！我今天做的红烧肉居然一次就成功了！嗯，色泽味道都超级棒！啊，看来我有当大厨的潜质！,我今天做的红烧肉居然一次就成功了！色泽味道都超级棒！看来我有当大厨的潜质！,首次尝试烹制红烧肉即获成功，色香味俱佳，自诩有烹饪天赋。,"一次就成功了, 超级棒, 大厨潜质",“一次就成功了”是意外之喜；“超级棒”是自我满意；“大厨潜质”是幽默自夸。,,
872,notice,angry,严禁！啊！禁止将公司配发的笔记本电脑用于玩游戏、挖矿等与工作无关的高耗能操作！呃，违规者将受到严厉处罚！,严禁！禁止将公司配发的笔记本电脑用于玩游戏挖矿等与工作无关的高耗能操作！违规者将受到严厉处罚！,严禁使用公司笔记本电脑进行玩游戏、挖矿等非工作高耗能操作，违者将受严厉处罚。,"玩游戏挖矿, 高耗能操作, 严厉处罚",“玩游戏挖矿”是违规用途；“高耗能操作”强调危害；“严厉处罚”是后果警告。,,
873,task,surprised,什么？对方提出如果我们愿意接受股权支付，啊，合同金额可以上浮30%？呃...这个方案有点特别，需要仔细评估风险。,什么？对方提出如果我们愿意接受股权支付合同金额可以上浮30%？这个方案有点特别需要仔细评估风险。,对方提出若接受股权支付方式则合同金额可增加30%，此方案特殊需仔细评估风险。,"股权支付, 上浮30%, 评估风险",“股权支付”是特殊方式；“上浮30%”是诱惑条件；“评估风险”是谨慎态度。,,
874,chitchat,fearful,我感觉...嗯...刚才好像有陌生人一直跟在我后面...啊，我加快脚步他也加快...呃，拐了几个弯才甩掉...吓死我了...,我感觉刚才好像有陌生人一直跟在我后面...我加快脚步他也加快...拐了几个弯才甩掉...吓死我了...,感觉被陌生人尾随，加速行走后对方同样加速，经多次转弯才摆脱，感到害怕。,"陌生人, 跟在我后面, 吓死我了",“陌生人”是威胁源；“跟在我后面”是恐怖感觉；“吓死我了”直接表达恐惧。,,
875,notice,calm,通知：嗯，公司图书角新增了一批行业前沿书籍和杂志，啊，欢迎大家借阅学习，呃，借阅周期仍为两周。,通知：公司图书角新增了一批行业前沿书籍和杂志欢迎大家借阅学习借阅周期仍为两周。,公司图书角新增行业前沿书籍与杂志，欢迎借阅学习，借期两周。,"新增, 行业前沿书籍, 借阅学习",“新增”告知事件；“行业前沿书籍”是内容；“借阅学习”是目的，语气平和。,,
876,task,disgusted,这家的API响应速度慢得像蜗牛！嗯，平均响应时间超过3秒！啊，还经常超时！根本无法用于生产环境！立即切换备用方案！,这家的API响应速度慢得像蜗牛！平均响应时间超过3秒！还经常超时！根本无法用于生产环境！立即切换备用方案！,第三方API响应速度极慢（平均超3秒）且常超时，无法满足生产环境要求，要求立即启用备用方案。,"慢得像蜗牛, 超过3秒, 切换备用",“慢得像蜗牛”形象化表达不满；“超过3秒”量化问题；“切换备用”是紧急决策。,,
877,chitchat,surprised,我的天！你看那棵树的树洞！呃，里面好像有一窝刚出生的小鸟！啊，嘴巴张得好大！,你看那棵树的树洞！里面好像有一窝刚出生的小鸟！嘴巴张得好大！,发现树洞中有一窝刚出生的雏鸟，张着嘴巴，令人惊奇。,"树洞, 一窝小鸟, 嘴巴张得好大",“树洞”是意外发现地；“一窝小鸟”是惊喜对象；“嘴巴张得好大”是可爱细节。,,
878,notice,sad,沉重通知：呃，我们得知友公司项目经理王女士，啊，于上周末不幸因病逝世...嗯，在此表示深切哀悼。,沉重通知：我们得知友公司项目经理王女士于上周末不幸因病逝世...在此表示深切哀悼。,友公司项目经理王女士于上周末病逝，表示哀悼。,"不幸因病逝世, 深切哀悼",“不幸因病逝世”是悲伤事实；“深切哀悼”是情感表达，语气沉重。,,
879,task,calm,关于新项目的进度汇报，嗯，需要准备一个简单的周报模板，啊，包含主要任务进展和风险点就行，呃，你来负责一下。,关于新项目的进度汇报需要准备一个简单的周报模板包含主要任务进展和风险点就行你来负责一下。,请为新项目准备一个简单的周报模板，需包含主要任务进展及风险点。,"进度汇报, 周报模板, 风险点",“进度汇报”是目的；“周报模板”是交付物；“风险点”是内容要求，语气平常。,,
880,chitchat,happy,哈哈！我今天居然在路上碰到明星了！嗯，就是演那个很火的网剧的男主！啊，本人比电视上还要帅！,我今天居然在路上碰到明星了！就是演那个很火的网剧的男主！本人比电视上还要帅！,在路上意外遇见知名网剧男主角，其本人比荧幕上更加帅气。,"碰到明星了, 很火的网剧, 还要帅",“碰到明星了”是幸运经历；“很火的网剧”具体化人物；“还要帅”是惊喜点。,,
881,notice,fearful,紧急提醒：啊，据通报，近期有假冒防疫人员上门推销高价消毒产品的骗局，呃，请大家务必核实身份，切勿购买！,紧急提醒：据通报近期有假冒防疫人员上门推销高价消毒产品的骗局请大家务必核实身份切勿购买！,警惕假冒防疫人员上门推销高价消毒产品的骗局，请务必核实身份切勿购买。,"假冒防疫人员, 高价消毒产品, 核实身份",“假冒防疫人员”是骗局身份；“高价消毒产品”是诈骗商品；“核实身份”是防护手段，带担忧。,,
882,task,happy,太好了！用户对我们新优化的搜索功能反馈非常积极！嗯，搜索准确率和满意度都大幅提升！啊，你整理一下具体数据。,太好了！用户对我们新优化的搜索功能反馈非常积极！搜索准确率和满意度都大幅提升！你整理一下具体数据。,搜索功能优化后获用户积极反馈，准确率与满意度大幅提升，请整理具体数据。,"搜索功能, 准确率满意度提升, 整理数据",“搜索功能”是优化对象；“准确率满意度提升”是成功指标；“整理数据”是后续动作。,,
883,chitchat,calm,嗯，我觉得晚上睡前用热水泡一泡脚，啊，再加点艾草包，呃，驱寒除湿，睡觉都暖和了。,我觉得晚上睡前用热水泡一泡脚再加点艾草包驱寒除湿睡觉都暖和了。,认为晚间用热水加艾草包泡脚有助于驱寒除湿，使睡眠时更加暖和。,"泡一泡脚, 艾草包, 驱寒除湿",“泡一泡脚”是养生习惯；“艾草包”是添加物；“驱寒除湿”是益处，语气平和。,,
884,notice,surprised,快看通知！哇！公司决定试行『弹性工作制』，啊，员工可在核心工作时间外自主安排上下班时间！呃，下月起实施！,快看通知！公司决定试行『弹性工作制』员工可在核心工作时间外自主安排上下班时间！下月起实施！,公司决定下月起试行弹性工作制，员工可在核心工作时间外自主安排上下班时间。,"弹性工作制, 自主安排, 下月起",“弹性工作制”是惊喜政策；“自主安排”是自由度；“下月起”是实施时间。,,
885,task,sad,这个渠道的获客成本，嗯...近期飙升了50%，啊，而转化率却没有相应提升。呃，我们需要重新评估这个渠道的性价比了。,这个渠道的获客成本近期飙升了50%而转化率却没有相应提升。我们需要重新评估这个渠道的性价比了。,该渠道获客成本近期大幅上升50%，但转化率未提升，需重新评估其性价比。,"飙升50%, 转化率未提升, 重新评估",“飙升50%”表示成本恶化；“转化率未提升”是效果问题；“重新评估”是必要决策。,,
886,chitchat,angry,真是岂有此理！我预订的酒店房间，呃，到店后告诉我要加收莫名其妙的『景观费』！啊？预订时根本没提！这不是宰客吗？,真是岂有此理！我预订的酒店房间到店后告诉我要加收莫名其妙的『景观费』！预订时根本没提！这不是宰客吗？,预订酒店后到店被要求加收未事先告知的“景观费”，质疑其合理性并感到被欺骗。,"加收景观费, 根本没提, 宰客",“加收景观费”是无理要求；“根本没提”是欺诈行为；“宰客”是愤怒定性。,,
887,notice,calm,通知：嗯，公司将于下周对全体员工进行一次信息安全意识线上培训，啊，课程约30分钟，呃，完成情况将计入年度考核。,通知：公司将于下周对全体员工进行一次信息安全意识线上培训课程约30分钟完成情况将计入年度考核。,公司下周将开展30分钟的信息安全意识线上培训，全体员工需参加，完成情况计入年度考核。,"信息安全培训, 30分钟, 计入考核",“信息安全培训”是内容；“30分钟”是时长；“计入考核”是要求，语气正式平稳。,,
888,task,disgusted,这家的设计水平一次不如一次！嗯，这次的海报设计毫无创意，啊，甚至还有版权争议的素材！立即退回并要求更换设计师！,这家的设计水平一次不如一次！这次的海报设计毫无创意甚至还有版权争议的素材！立即退回并要求更换设计师！,外包设计水平持续下降，本次海报缺乏创意且涉版权争议，要求立即退回并更换设计师。,"一次不如一次, 毫无创意, 更换设计师",“一次不如一次”表达持续失望；“毫无创意”是专业否定；“更换设计师”是具体要求。,,
889,chitchat,happy,哈哈！我今天偶然发现一家藏在巷子里的宝藏面包店！嗯，牛角包做得特别酥脆！啊，以后早餐就它了！,我今天偶然发现一家藏在巷子里的宝藏面包店！牛角包做得特别酥脆！以后早餐就它了！,偶然发现一家位于巷内的优质面包店，其牛角包非常酥脆，决定作为日后早餐选择。,"宝藏面包店, 特别酥脆, 早餐就它",“宝藏面包店”是惊喜发现；“特别酥脆”是品质好评；“早餐就它”是愉悦决定。,,
890,notice,fearful,紧急预警：啊，气象台发布大风橙色预警，呃，预计下午将有10级以上阵风并伴有强沙尘，嗯，请大家关好门窗，减少外出！,紧急预警：气象台发布大风橙色预警预计下午将有10级以上阵风并伴有强沙尘请大家关好门窗减少外出！,气象台发布大风橙色预警，下午将有10级以上阵风及强沙尘，请关好门窗减少外出。,"大风橙色预警, 10级以上阵风, 关好门窗",“大风橙色预警”是高级别警告；“10级以上阵风”是具体危害；“关好门窗”是防护措施，带紧迫感。,,
891,task,surprised,什么？客户提出想买断我们那个小工具的源代码？啊？包括后续独家使用权？这有点突然...但报价确实很有吸引力。,什么？客户提出想买断我们那个小工具的源代码？包括后续独家使用权？这有点突然...但报价确实很有吸引力。,客户提出买断某小工具的源代码及独家使用权，感到意外但其报价颇具吸引力。,"买断源代码, 独家使用权, 有吸引力",“买断源代码”是意外要求；“独家使用权”是范围；“有吸引力”是考虑因素。,,
892,chitchat,sad,唉，我追了好几年的那个漫画系列，嗯，作者突然宣布因为身体原因要无限期休刊了...啊，故事正好卡在关键剧情...,我追了好几年的那个漫画系列作者突然宣布因为身体原因要无限期休刊了...故事正好卡在关键剧情...,追更多年的漫画因作者身体原因无限期休刊，且停滞于关键剧情处，令人遗憾。,"无限期休刊, 身体原因, 关键剧情",“无限期休刊”是悲伤消息；“身体原因”是无奈缘由；“关键剧情”加剧失落感。,,
893,notice,angry,零容忍！啊！严禁在公司内部任何平台传播负能量、抱怨、煽动性言论！呃，一经发现，立即删除并严肃处理发言者！,零容忍！严禁在公司内部任何平台传播负能量抱怨煽动性言论！一经发现立即删除并严肃处理发言者！,严禁在公司内部平台传播负能量、抱怨及煽动性言论，违者内容将被删除并受严肃处理。,"负能量抱怨, 煽动性言论, 严肃处理",“负能量抱怨”影响士气；“煽动性言论”是危险行为；“严肃处理”是坚决态度。,,
894,task,calm,关于新员工的入职流程，嗯，需要优化一下签到和物资领取环节，啊，减少排队等待时间，呃，你梳理一下提出改进方案。,关于新员工的入职流程需要优化一下签到和物资领取环节减少排队等待时间你梳理一下提出改进方案。,需优化新员工入职流程中的签到与物资领取环节以减少排队时间，请梳理并提出改进方案。,"入职流程, 减少排队, 改进方案",“入职流程”是优化对象；“减少排队”是目标；“改进方案”是输出，语气平和。,,
895,chitchat,surprised,哇！你快看！呃，那边的云彩好像一群奔跑的骏马！啊，形态特别生动！,你快看！那边的云彩好像一群奔跑的骏马！形态特别生动！,观察到云朵形状酷似一群奔跑的骏马，形态栩栩如生。,"云彩, 奔跑的骏马, 特别生动",“云彩”是对象；“奔跑的骏马”是惊奇联想；“特别生动”是赞叹。,,
896,notice,happy,喜讯：啊，恭喜我公司荣获『年度最具创新力企业』大奖！嗯，这是对全体员工创新精神的最高认可！呃，今晚举办庆功宴！,喜讯：恭喜我公司荣获『年度最具创新力企业』大奖！这是对全体员工创新精神的最高认可！今晚举办庆功宴！,公司荣获年度最具创新力企业大奖，是对全体员工创新精神的认可，今晚举办庆功宴。,"最具创新力企业, 最高认可, 庆功宴",“最具创新力企业”是荣誉名称；“最高认可”是价值；“庆功宴”是庆祝方式。,,
897,task,angry,这测试报告简直就是敷衍！啊？很多关键场景都没覆盖！呃，得出的结论根本不可信！测试团队全部重新测试！,这测试报告简直就是敷衍！很多关键场景都没覆盖！得出的结论根本不可信！测试团队全部重新测试！,测试报告敷衍了事，未覆盖众多关键场景，结论不可信，要求测试团队全部重新测试。,"简直就是敷衍, 没覆盖, 重新测试",“简直就是敷衍”强烈否定；“没覆盖”指出具体缺失；“重新测试”是强硬指令。,,
898,chitchat,sad,唉，我家附近那家开了二十多年的老式理发店，嗯，老师傅退休了，店也关门了...啊，再也找不到那么便宜手艺又好的了...,我家附近那家开了二十多年的老式理发店老师傅退休了店也关门了...再也找不到那么便宜手艺又好的了...,附近经营二十多年的老式理发店因老师傅退休而关闭，其便宜且手艺好的服务不复存在，令人惋惜。,"二十多年, 老师傅退休, 便宜手艺好",“二十多年”是时间印记；“老师傅退休”是关闭原因；“便宜手艺好”是损失的价值。,,
899,notice,fearful,紧急提醒：啊，接公安部门通报，呃，近期发生多起针对独行女性的抢夺案件，嗯，事发时间多在傍晚，请大家务必注意安全！,紧急提醒：接公安部门通报近期发生多起针对独行女性的抢夺案件事发时间多在傍晚请大家务必注意安全！,公安通报多起傍晚针对独行女性的抢夺案件，请务必注意人身安全。,"独行女性, 抢夺案件, 注意安全",“独行女性”是受害群体；“抢夺案件”是犯罪类型；“注意安全”是强烈提醒，带担忧。,,
900,task,happy,真不错！新版本的用户好评率创了历史新高！嗯，应用商店里都是五星好评！啊，你收集一下这些评价，我们做口碑宣传。,真不错！新版本的用户好评率创了历史新高！应用商店里都是五星好评！你收集一下这些评价我们做口碑宣传。,新版本用户好评率创历史新高，应用商店充满五星好评，请收集评价用于口碑宣传。,"好评率历史新高, 五星好评, 口碑宣传",“好评率历史新高”是成功指标；“五星好评”是具体表现；“口碑宣传”是后续利用。,,
901,chitchat,calm,嗯，我觉得周末去河边钓钓鱼挺放松的，啊，即使钓不到，呃，看着水面发呆也挺好的。,我觉得周末去河边钓钓鱼挺放松的即使钓不到看着水面发呆也挺好的。,认为周末去河边钓鱼是种放松方式，即使无收获，静观水面也能让人平静。,"钓钓鱼, 看着水面发呆, 挺好的",“钓钓鱼”是平淡活动；“看着水面发呆”是放松状态；“挺好的”是温和评价，语气宁静。,,
902,notice,surprised,突发通知！啊，因供电局临时检修，呃，本大楼明天上午9点至11点将停电两小时！哇，请大家提前保存文件！,突发通知！因供电局临时检修本大楼明天上午9点至11点将停电两小时！请大家提前保存文件！,因供电局临时检修，大楼明早9-11点停电两小时，请提前保存文件。,"临时检修, 停电两小时, 提前保存",“临时检修”是意外原因；“停电两小时”是影响时长；“提前保存”是紧急建议。,,
903,task,sad,这个季度的市场推广效果，嗯...远低于预期，啊，投入产出比很不理想。呃，我们需要彻底复盘并调整推广策略了。,这个季度的市场推广效果远低于预期投入产出比很不理想。我们需要彻底复盘并调整推广策略了。,本季度市场推广效果未达预期，投入产出比不佳，需彻底复盘并调整策略。,"远低于预期, 投入产出比, 调整策略",“远低于预期”表示差距大；“投入产出比”是衡量标准；“调整策略”是必要改变。,,
904,chitchat,happy,哈哈！我今天清理旧手机，嗯，居然发现了好多以前旅行的照片！啊，回忆一下子都涌上来了！,我今天清理旧手机居然发现了好多以前旅行的照片！回忆一下子都涌上来了！,清理旧手机时意外发现大量昔日旅行照片，引发美好回忆，感到开心。,"清理旧手机, 旅行照片, 回忆涌上来",“清理旧手机”是普通动作；“旅行照片”是惊喜发现；“回忆涌上来”是情感体验。,,
905,notice,angry,严禁！啊！禁止在办公室内任何地方给电动车电池充电！呃，已有多个单位发生爆燃事故！嗯，违者一律没收充电器并严肃处理！,严禁！禁止在办公室内任何地方给电动车电池充电！已有多个单位发生爆燃事故！违者一律没收充电器并严肃处理！,严禁在办公室内为电动车电池充电，因此已发生多起爆燃事故，违者将没收充电器并受严肃处理。,"电动车电池充电, 爆燃事故, 没收严肃处理",“电动车电池充电”是危险行为；“爆燃事故”强调严重后果；“没收严肃处理”是严厉措施。,,
906,task,calm,关于下周的团队周会，嗯，需要简单准备一下你负责模块的进展汇报，啊，5分钟左右就好，呃，重点说一下遇到的问题。,关于下周的团队周会需要简单准备一下你负责模块的进展汇报5分钟左右就好重点说一下遇到的问题。,请为下周团队周会准备5分钟左右负责模块的进展汇报，重点说明遇到的问题。,"进展汇报, 5分钟, 遇到的问题",“进展汇报”是内容；“5分钟”是时长要求；“遇到的问题”是汇报重点，语气平常。,,
907,chitchat,fearful,我好像...嗯...误操作删掉了一个重要的工作文件夹...啊，回收站里也清空了...怎么办，还能恢复吗？,我好像误操作删掉了一个重要的工作文件夹...回收站里也清空了...怎么办，还能恢复吗？,可能误删重要工作文件夹且清空回收站，担心数据丢失无法恢复。,"误操作删除, 回收站清空, 还能恢复吗",“误操作删除”是错误起因；“回收站清空”加剧问题；“还能恢复吗”是焦虑核心。,,
908,notice,disgusted,无法忍受！啊，洗手间的洗手液又被大量挤走浪费！呃，甚至弄得台面上到处都是！嗯，请大家节约使用公共物资！,无法忍受！洗手间的洗手液又被大量挤走浪费！甚至弄得台面上到处都是！请大家节约使用公共物资！,谴责浪费洗手液及弄脏台面的行为，要求节约使用公共物资。,"大量挤走浪费, 到处都是, 节约使用",“大量挤走浪费”是令人反感的行为；“到处都是”描述混乱场面；“节约使用”是要求，带不满情绪。,,
909,task,happy,太好了！用户对我们新上线的个性化推荐功能很买账！嗯，相关内容的点击率提升了60%！啊，你分析一下不同用户群的偏好差异。,太好了！用户对我们新上线的个性化推荐功能很买账！相关内容的点击率提升了60%！你分析一下不同用户群的偏好差异。,新上线的个性化推荐功能获用户认可，相关内容点击率提升60%，请分析不同用户群的偏好差异。,"个性化推荐, 点击率提升60%, 偏好差异",“个性化推荐”是成功功能；“点击率提升60%”是量化效果；“偏好差异”是分析方向。,,
910,chitchat,angry,真是气人！我网上买的水果，呃，送到时箱子都烂了，啊，里面水果压坏了一大半！商家还推卸说是快递的问题！,真是气人！我网上买的水果送到时箱子都烂了里面水果压坏了一大半！商家还推卸说是快递的问题！,网购水果送达时包装破损且大部分水果被压坏，商家推诿责任，令人气愤。,"箱子烂了, 压坏一大半, 推卸问题",“箱子烂了”是送货问题；“压坏一大半”是损失程度；“推卸问题”是商家态度，引发怒气。,,
911,notice,calm,通知：嗯，公司将于本周末对全体员工邮箱系统进行安全升级，啊，期间可能出现短暂登录异常，呃，请大家谅解。,通知：公司将于本周末对全体员工邮箱系统进行安全升级期间可能出现短暂登录异常请大家谅解。,公司本周末将进行邮箱系统安全升级，期间可能出现短暂登录异常，请谅解。,"安全升级, 登录异常, 谅解",“安全升级”是事由；“登录异常”是可能影响；“谅解”是请求，语气平稳。,,
912,task,surprised,什么？客户提出想把他们整个公司的IT系统都迁移到我们的云平台上？啊？这将是公司历史上最大单！需要立刻成立项目组！,什么？客户提出想把他们整个公司的IT系统都迁移到我们的云平台上？这将是公司历史上最大单！需要立刻成立项目组！,客户提出将其整个公司IT系统迁移至我司云平台的意向，这可能是公司史上最大订单，需立即成立项目组。,"整个IT系统, 最大单, 立刻成立项目组",“整个IT系统”是巨大范围；“最大单”是商业意义；“立刻成立项目组”是紧急应对。,,
913,chitchat,sad,唉，我小时候经常爬的那座野山，嗯，现在被划成开发区了，啊，树都砍光了，再也看不到原来的样子了...,我小时候经常爬的那座野山现在被划成开发区了树都砍光了再也看不到原来的样子了...,童年常爬的野山现被划为开发区且树木被砍伐，旧貌不再，令人感伤。,"野山, 开发区, 树砍光了",“野山”是记忆载体；“开发区”是变化原因；“树砍光了”是具体破坏，带来失落感。,,
914,notice,fearful,紧急安全提示：啊，近期有诈骗分子冒充公司IT部门，呃，以“系统升级”为由索要账号密码，嗯，切勿透露！IT部门绝不会索要密码！,紧急安全提示：近期有诈骗分子冒充公司IT部门以“系统升级”为由索要账号密码切勿透露！IT部门绝不会索要密码！,警惕冒充IT部门以系统升级为由索要账号密码的诈骗，切勿透露，IT部门绝不会索要密码。,"冒充IT部门, 索要密码, 切勿透露",“冒充IT部门”是诈骗手段；“索要密码”是目的；“切勿透露”是重要警告，带紧迫感。,,
915,task,calm,关于新项目的文档整理，嗯，需要按照新的模板来归档，啊，模板我已经发给你了，呃，这周内完成就可以。,关于新项目的文档整理需要按照新的模板来归档模板我已经发给你了这周内完成就可以。,请按新模板整理新项目文档，模板已发送，本周内完成即可。,"文档整理, 新模板, 本周内",“文档整理”是任务；“新模板”是标准；“本周内”是时间要求，语气平和。,,
916,chitchat,surprised,哇！你看那个风筝！呃，居然在空中翻了好几个跟头！啊，放风筝的人技术真好！,你看那个风筝！居然在空中翻了好几个跟头！放风筝的人技术真好！,观察到风筝在空中连续翻转，赞叹放风筝者的高超技术。,"翻了好几个跟头, 技术真好",“翻了好几个跟头”是惊奇动作；“技术真好”是赞叹原因。,,
917,notice,happy,好消息：啊，为提升员工福利，呃，公司将与附近健身馆合作，嗯，为员工提供专属折扣，具体方案下周公布！,好消息：为提升员工福利公司将与附近健身馆合作为员工提供专属折扣具体方案下周公布！,公司将为员工提供附近健身馆的专属折扣以提升福利，具体方案下周公布。,"员工福利, 健身馆折扣, 专属折扣",“员工福利”是目的；“健身馆折扣”是福利内容；“专属折扣”是吸引力，语气积极。,,
918,task,angry,这代码注释率连10%都不到！啊？让人怎么看怎么维护？呃，全部打回去补注释！不达标不准合入主线！,这代码注释率连10%都不到！让人怎么看怎么维护？全部打回去补注释！不达标不准合入主线！,代码注释率极低（不足10%），可维护性差，要求全部补充注释，达标后方可合入主线。,"注释率10%不到, 补注释, 不准合入",“注释率10%不到”量化问题严重性；“补注释”是硬性要求；“不准合入”是质量门槛。,,
919,chitchat,calm,嗯，我觉得晚上睡前看几页闲书挺好的，啊，什么类型的都行，呃，帮助放松思绪，容易入睡。,我觉得晚上睡前看几页闲书挺好的什么类型的都行帮助放松思绪容易入睡。,认为晚间睡前阅读各类书籍有助于放松思维并促进睡眠。,"看几页闲书, 放松思绪, 容易入睡",“看几页闲书”是平和习惯；“放松思绪”是心理益处；“容易入睡”是生理获益，语气温和。,,
920,notice,surprised,突发通知！啊，因获得关键技术创新奖，呃，公司决定给研发部门发放特殊奖励！哇，具体金额稍后公布！,突发通知！因获得关键技术创新奖公司决定给研发部门发放特殊奖励！具体金额稍后公布！,公司因获关键技术创新奖，决定为研发部门发放特殊奖励，具体金额后续公布。,"关键技术创新奖, 特殊奖励, 研发部门",“关键技术创新奖”是荣誉背景；“特殊奖励”是惊喜内容；“研发部门”是受益群体。,,
921,task,sad,这个渠道的用户活跃度，嗯...持续走低，啊，看来单纯的补贴已经无法留住用户了。呃，我们需要思考更深层的价值主张。,这个渠道的用户活跃度持续走低看来单纯的补贴已经无法留住用户了。我们需要思考更深层的价值主张。,该渠道用户活跃度持续下降，表明单纯补贴失效，需思考更深层的用户价值主张。,"持续走低, 补贴无法留住, 价值主张",“持续走低”是消极趋势；“补贴无法留住”是策略失效；“价值主张”是新的思考方向。,,
922,chitchat,happy,哈哈！我今天做的杯子蛋糕居然一次成功！嗯，装饰得也很可爱！啊，带给同事们都夸好！,我今天做的杯子蛋糕居然一次成功！装饰得也很可爱！带给同事们都夸好！,首次尝试制作杯子蛋糕即成功，装饰可爱且获同事称赞，感到高兴。,"一次成功, 装饰可爱, 都夸好",“一次成功”是意外之喜；“装饰可爱”是自我满意；“都夸好”是外部认可。,,
923,notice,angry,严禁！啊！禁止利用公司网络访问和下载任何与工作无关的视频、大型文件！呃，严重占用带宽，影响正常工作！,严禁！禁止利用公司网络访问和下载任何与工作无关的视频大型文件！严重占用带宽影响正常工作！,严禁使用公司网络访问下载非工作相关视频及大文件，因此严重占用带宽影响工作。,"访问下载, 占用带宽, 影响工作",“访问下载”是违规行为；“占用带宽”是直接危害；“影响工作”是后果，需严厉制止。,,
924,task,surprised,什么？对方提出如果我们愿意接受部分用实物抵扣，啊，合同总金额可以上浮25%？呃...这个方式很新颖，需要评估一下实物价值。,什么？对方提出如果我们愿意接受部分用实物抵扣合同总金额可以上浮25%？这个方式很新颖需要评估一下实物价值。,对方提出若接受部分实物抵扣则合同总金额可增加25%，此方式新颖需评估实物价值。,"实物抵扣, 上浮25%, 评估价值",“实物抵扣”是特殊方式；“上浮25%”是诱惑条件；“评估价值”是风险控制。,,
925,chitchat,fearful,我感觉...嗯...刚才电梯运行的时候突然顿挫了一下...啊，灯也闪了...呃，现在想想有点后怕...,我感觉刚才电梯运行的时候突然顿挫了一下...灯也闪了...现在想想有点后怕...,电梯运行中发生顿挫且灯光闪烁，回想起来感到害怕。,"电梯顿挫, 灯闪了, 后怕",“电梯顿挫”是异常现象；“灯闪了”加剧恐惧；“后怕”是事后恐惧情绪。,,
926,notice,calm,通知：嗯，公司将于下月初更新员工通讯录，啊，如有联系方式变更，呃，请于本周五前告知人力资源部。,通知：公司将于下月初更新员工通讯录如有联系方式变更请于本周五前告知人力资源部。,公司下月初更新员工通讯录，如联系方式有变请于本周五前告知人力资源部。,"更新通讯录, 联系方式变更, 本周五前",“更新通讯录”是事项；“联系方式变更”是需告知内容；“本周五前”是截止时间，语气平稳。,,
927,task,disgusted,这家的售后技术支持水平太差了！嗯，简单问题都解决不了，啊，只会让重启和重装！立即要求更换技术支持团队！,这家的售后技术支持水平太差了！简单问题都解决不了只会让重启和重装！立即要求更换技术支持团队！,售后技术支持水平低下，无法解决简单问题只会建议重启重装，要求立即更换技术支持团队。,"水平太差, 解决不了, 更换团队",“水平太差”总体评价；“解决不了”是能力问题；“更换团队”是解决方式。,,
928,chitchat,surprised,我的天！你看那棵树上！呃，有一只羽毛颜色特别鲜艳的鸟！啊，从来没见过这种品种！,你看那棵树上！有一只羽毛颜色特别鲜艳的鸟！从来没见过这种品种！,发现树上有只羽毛极其鲜艳的鸟类，品种陌生从未见过。,"特别鲜艳, 没见过",“特别鲜艳”是视觉冲击；“没见过”表示罕见，引人惊奇。,,
929,notice,sad,沉痛通告：呃，我们得知长期为我们提供保洁服务的张阿姨，啊，于上周因病不幸离世...嗯，感谢她多年的辛勤付出。,沉痛通告：我们得知长期为我们提供保洁服务的张阿姨于上周因病不幸离世...感谢她多年的辛勤付出。,长期提供保洁服务的张阿姨于上周病逝，感谢其多年的辛勤工作。,"不幸离世, 辛勤付出",“不幸离世”是悲伤事实；“辛勤付出”是感激与怀念，语气沉重。,,
930,task,calm,关于新项目的风险评估，嗯，需要列出可能的主要风险点和应对策略，啊，不用太复杂，一页纸就好，呃，明天给我。,关于新项目的风险评估需要列出可能的主要风险点和应对策略不用太复杂一页纸就好明天给我。,请为新项目列出主要风险点及应对策略，内容简洁于一页纸内，明日提交。,"风险评估, 风险点应对策略, 一页纸",“风险评估”是任务；“风险点应对策略”是内容要求；“一页纸”是篇幅限制，语气平常。,,
931,chitchat,happy,哈哈！我今天在路上居然捡到50块钱！嗯，虽然不多但感觉像是幸运日！啊，中午给自己加个鸡腿！,我今天在路上居然捡到50块钱！虽然不多但感觉像是幸运日！中午给自己加个鸡腿！,在路上意外捡到50元现金，虽金额不大但视为幸运征兆，决定中午加餐犒劳自己。,"捡到50块钱, 幸运日, 加个鸡腿",“捡到50块钱”是意外收获；“幸运日”是积极心态；“加个鸡腿”是愉悦决定。,,
932,notice,fearful,紧急提醒：啊，据警方通报，呃，近期发生多起冒充学校老师骗取“培训费”的诈骗，嗯，家有子女的员工请务必警惕！,紧急提醒：据警方通报近期发生多起冒充学校老师骗取“培训费”的诈骗家有子女的员工请务必警惕！,警方通报多起冒充学校老师骗取培训费的诈骗案件，提醒家有子女的员工务必警惕。,"冒充老师, 骗取培训费, 务必警惕",“冒充老师”是诈骗身份；“骗取培训费”是目的；“务必警惕”是强烈警告，带关切。,,
933,task,happy,太好了！新版本的崩溃率下降了90%！嗯，用户差评也明显减少了！啊，你重点总结一下这次稳定性优化的经验。,太好了！新版本的崩溃率下降了90%！用户差评也明显减少了！你重点总结一下这次稳定性优化的经验。,新版本应用崩溃率大幅下降90%，用户差评显著减少，请总结本次稳定性优化经验。,"崩溃率下降90%, 差评减少, 总结经验",“崩溃率下降90%”是巨大改进；“差评减少”是用户反馈改善；“总结经验”是知识沉淀。,,
934,chitchat,calm,嗯，我觉得周末在家学着烤点小饼干挺有意思的，啊，即使烤糊了，呃，过程也挺解压的。,我觉得周末在家学着烤点小饼干挺有意思的即使烤糊了过程也挺解压的。,认为周末居家尝试烘焙小饼干有趣，即使结果不佳过程也能减压。,"烤点小饼干, 烤糊了, 解压",“烤点小饼干”是休闲活动；“烤糊了”是可能结果；“解压”是益处，语气平和。,,
935,notice,surprised,快看邮件！哇！公司决定试行“每周一次远程办公”制度！啊，各部门轮流执行，呃，下月开始试点！,快看邮件！公司决定试行“每周一次远程办公”制度！各部门轮流执行下月开始试点！,公司决定下月起试行每周一次远程办公制度，各部门将轮流执行。,"远程办公制度, 轮流执行, 下月试点",“远程办公制度”是惊喜政策；“轮流执行”是方式；“下月试点”是时间安排。,,
936,task,sad,这个功能的用户访谈反馈，嗯...比较消极，啊，用户觉得并没有解决他们的核心痛点。呃，我们需要重新调研需求了。,这个功能的用户访谈反馈比较消极用户觉得并没有解决他们的核心痛点。我们需要重新调研需求了。,用户访谈反馈对该功能较为消极，认为未解决核心痛点，需重新调研需求。,"反馈消极, 未解决痛点, 重新调研",“反馈消极”是总体评价；“未解决痛点”是根本问题；“重新调研”是必要步骤。,,
937,chitchat,angry,真是受不了！电影院后排的人一直踢我椅子！啊，提醒了好几次都不听！呃，好好的一场电影被毁了！,真是受不了！电影院后排的人一直踢我椅子！提醒了好几次都不听！好好的一场电影被毁了！,电影院观影时后排观众持续踢椅背且多次提醒无效，破坏观影体验，令人气愤。,"踢我椅子, 提醒不听, 电影被毁",“踢我椅子”是恼人行为；“提醒不听”是素质问题；“电影被毁”是后果，引发怒气。,,
938,notice,calm,通知：嗯，公司将于下周对公共区域绿植进行更换养护，啊，期间可能会有短暂异味，呃，请大家谅解。,通知：公司将于下周对公共区域绿植进行更换养护期间可能会有短暂异味请大家谅解。,公司下周将更换养护公共区域绿植，期间可能产生短暂异味，请谅解。,"绿植更换养护, 短暂异味, 谅解",“绿植更换养护”是事项；“短暂异味”是可能影响；“谅解”是请求，语气平稳。,,
939,task,disgusted,这家的翻译质量简直是小学生水平！嗯，语法错误百出，啊，专业术语全错！完全不能用！立即终止合作并要求赔偿！,这家的翻译质量简直是小学生水平！语法错误百出专业术语全错！完全不能用！立即终止合作并要求赔偿！,外包翻译质量极差，充满语法错误且专业术语翻译错误，要求立即终止合作并索赔。,"小学生水平, 错误百出, 终止赔偿",“小学生水平”极度贬低；“错误百出”是具体问题；“终止赔偿”是强硬要求。,,
940,chitchat,surprised,哇！你快看！呃，那边的夕阳把整个湖面都染成金色的了！啊，像一大块金子一样！,你快看！那边的夕阳把整个湖面都染成金色的了！像一大块金子一样！,观察到夕阳将湖面映照成金色，景象璀璨如金。,"湖面染成金色, 像金子",“湖面染成金色”是绚丽景象；“像金子”是比喻，令人赞叹。,,
941,notice,happy,好消息：啊，为提升员工健康水平，呃，公司引入年度中医理疗服务，嗯，为大家提供免费按摩、咨询等，欢迎预约！,好消息：为提升员工健康水平公司引入年度中医理疗服务为大家提供免费按摩咨询等欢迎预约！,公司引入年度中医理疗服务，为员工提供免费按摩与咨询，以提升健康水平，欢迎预约。,"中医理疗服务, 免费按摩, 欢迎预约",“中医理疗服务”是福利新项；“免费按摩”是具体内容；“欢迎预约”是邀请，语气积极。,,
942,task,angry,这项目计划排期也太理想化了！啊？根本没有考虑意外情况和缓冲时间！呃，按这个计划根本不可能完成！重新排！,这项目计划排期也太理想化了！根本没有考虑意外情况和缓冲时间！按这个计划根本不可能完成！重新排！,项目计划排期过于理想化，未考虑意外情况及缓冲时间，要求重新制定可行计划。,"太理想化, 没考虑缓冲, 重新排",“太理想化”否定计划；“没考虑缓冲”是具体缺陷；“重新排”是指令。,,
943,chitchat,sad,唉，我用了很久的那个闹钟APP，嗯，因为系统升级不再兼容了...啊，再也听不到那个熟悉的起床铃了...,我用了很久的那个闹钟APP因为系统升级不再兼容了...再也听不到那个熟悉的起床铃了...,因系统升级，长期使用的闹钟应用不再兼容，无法再使用熟悉的起床铃声，感到失落。,"不再兼容, 熟悉的起床铃",“不再兼容”是无奈原因；“熟悉的起床铃”是失去的怀旧元素。,,
944,notice,fearful,紧急预警：啊，气象台发布高温红色预警，呃，明后两天最高气温将超40度，嗯，请大家做好防暑降温，避免中暑！,紧急预警：气象台发布高温红色预警明后两天最高气温将超40度请大家做好防暑降温避免中暑！,气象台发布高温红色预警，明后两天最高气温超40度，请做好防暑降温避免中暑。,"高温红色预警, 超40度, 防暑降温",“高温红色预警”是最高级别警告；“超40度”是具体危险；“防暑降温”是防护措施，带紧迫感。,,
945,task,surprised,什么？客户说如果我们能支持这个古老的操作系统，啊，就愿意签五年维护合同？呃...虽然技术挑战大，但值得研究！,什么？客户说如果我们能支持这个古老的操作系统就愿意签五年维护合同？虽然技术挑战大但值得研究！,客户提出若支持一古老操作系统则愿签订五年维护合同，虽技术挑战大但值得研究。,"古老操作系统, 五年维护合同, 值得研究",“古老操作系统”是特殊要求；“五年维护合同”是长期利益；“值得研究”是权衡后的决定。,,
946,chitchat,happy,哈哈！我昨天随口提的建议，嗯，今天居然被团队采纳了！啊，还有点小激动呢！,我昨天随口提的建议今天居然被团队采纳了！还有点小激动呢！,昨日随口提出的建议被团队采纳实施，感到些许激动与开心。,"随口提的建议, 被采纳, 小激动",“随口提的建议”是意外来源；“被采纳”是认可；“小激动”是喜悦心情。,,
947,notice,angry,最后通牒！啊！禁止任何员工占用会议室长时间进行与工作无关的讨论！呃，屡次发现此类现象，将取消该部门会议室预约权限！,最后通牒！禁止任何员工占用会议室长时间进行与工作无关的讨论！屡次发现此类现象将取消该部门会议室预约权限！,严禁占用会议室进行长时间非工作讨论，屡次发现将取消该部门会议室预约权限。,"占用会议室, 非工作讨论, 取消权限",“占用会议室”是资源滥用；“非工作讨论”是错误用途；“取消权限”是惩罚措施。,,
948,task,calm,关于新员工的入职指引，嗯，需要更新一下公司周边餐饮和交通信息，啊，这部分内容有点过时了，呃，你有空更新一下。,关于新员工的入职指引需要更新一下公司周边餐饮和交通信息这部分内容有点过时了你有空更新一下。,新员工入职指引中公司周边餐饮交通信息已过时，请有空予以更新。,"入职指引, 餐饮交通信息, 有空更新",“入职指引”是文档；“餐饮交通信息”是更新部分；“有空更新”是非紧急要求，语气平和。,,
949,chitchat,surprised,哇！你看那边的彩虹！呃，居然是双层的！啊，而且颜色特别分明！好久没看到这么完整的彩虹了！,你看那边的彩虹！居然是双层的！而且颜色特别分明！好久没看到这么完整的彩虹了！,观察到天空出现颜色分明且完整的双层彩虹，景象罕见令人惊叹。,"双层, 颜色分明, 完整彩虹",“双层”是惊喜特征；“颜色分明”是视觉美感；“完整彩虹”是罕见程度。,,
950,notice,happy,喜讯：啊，恭喜我公司连续三年荣获“诚信企业”称号！嗯，这是对公司经营理念的认可！呃，感谢大家的共同努力！,喜讯：恭喜我公司连续三年荣获“诚信企业”称号！这是对公司经营理念的认可！感谢大家的共同努力！,公司连续三年荣获“诚信企业”称号，此乃对公司经营理念的认可，感谢全体员工努力。,"连续三年, 诚信企业, 共同努力",“连续三年”体现持续性；“诚信企业”是荣誉；“共同努力”是归因，语气高兴。,,
951,task,disgusted,这家的代码质量简直是一场灾难！嗯，到处都是复制粘贴的代码，啊，逻辑混乱不堪！完全无法维护！立刻终止合作！,这家的代码质量简直是一场灾难！到处都是复制粘贴的代码逻辑混乱不堪！完全无法维护！立刻终止合作！,外包代码质量极差，充满复制粘贴代码且逻辑混乱，无法维护，要求立即终止合作。,"一场灾难, 复制粘贴, 终止合作",“一场灾难”强烈否定；“复制粘贴”是低级问题；“终止合作”是果断决定。,,
952,chitchat,calm,嗯，我觉得早晨起来喝一杯温开水挺舒服的，啊，肠胃感觉暖暖的，呃，一整天都挺通畅的。,我觉得早晨起来喝一杯温开水挺舒服的肠胃感觉暖暖的一整天都挺通畅的。,认为早晨饮用温开水令人舒适温暖且有益于整天肠胃通畅。,"温开水, 暖暖的, 通畅",“温开水”是平淡选择；“暖暖的”是温和体感；“通畅”是生理获益，语气平和。,,
953,notice,angry,零容忍！啊！严禁任何形式的性骚扰和职场PUA！呃，公司设有独立举报通道，嗯，一经核实，立即开除并依法处理！,零容忍！严禁任何形式的性骚扰和职场PUA！公司设有独立举报通道一经核实立即开除并依法处理！,公司对性骚扰及职场PUA行为零容忍，设有独立举报通道，核实后立即开除并依法处理。,"性骚扰职场PUA, 独立举报, 依法处理",“性骚扰职场PUA”是严重问题；“独立举报”是保密途径；“依法处理”是严厉后果，需强调。,,
954,task,sad,这个产品的用户流失率，嗯...始终居高不下，啊，特别是在使用三个月后的节点。呃，我们需要深入分析流失原因了。,这个产品的用户流失率始终居高不下特别是在使用三个月后的节点。我们需要深入分析流失原因了。,产品用户流失率持续高位，尤以使用三个月后为甚，需深入分析流失原因。,"居高不下, 三个月节点, 分析原因",“居高不下”表示问题持续；“三个月节点”是关键时段；“分析原因”是必要工作。,,
955,chitchat,happy,哈哈！我今天整理旧书，嗯，居然找到了失踪好久的那本签名小说！啊，还以为丢了呢！,我今天整理旧书居然找到了失踪好久的那本签名小说！还以为丢了呢！,整理旧书时意外找到遗失许久的签名版小说，感到欣喜。,"找到了, 签名小说, 还以为丢了",“找到了”是失而复得；“签名小说”有特殊价值；“还以为丢了”是意外喜悦。,,
956,notice,surprised,突发通知！啊，因市政重大活动安排，呃，公司明天临时放假一天！哇，请大家及时调整工作安排！,突发通知！因市政重大活动安排公司明天临时放假一天！请大家及时调整工作安排！,因市政重大活动，公司明日临时放假一天，请及时调整工作安排。,"重大活动, 临时放假, 调整安排",“重大活动”是意外原因；“临时放假”是惊喜安排；“调整安排”是建议。,,
957,task,calm,关于下个月的部门分享会，嗯，需要确定一下主题和主讲人，啊，初步有几个方向，呃，我们明天简短讨论一下。,关于下个月的部门分享会需要确定一下主题和主讲人初步有几个方向我们明天简短讨论一下。,需确定下月部门分享会的主题与主讲人，已有初步方向，明日简短讨论。,"分享会, 主题主讲人, 简短讨论",“分享会”是活动；“主题主讲人”是待定内容；“简短讨论”是安排，语气平常。,,
958,chitchat,fearful,我好像...嗯...把开会要用的重要文件混在废纸里扔了...啊，现在才想起来...还能找回来吗？,我好像把开会要用的重要文件混在废纸里扔了...现在才想起来...还能找回来吗？,可能误将重要会议文件混入废纸丢弃，担心无法找回。,"重要文件, 混在废纸, 还能找回来吗",“重要文件”强调价值；“混在废纸”是错误操作；“还能找回来吗”是焦虑核心。,,
959,notice,disgusted,恶心！啊！又在茶水池发现倾倒的茶叶渣和咖啡粉！呃，严重堵塞下水道！严禁倒入水槽！请倒入指定垃圾桶！,恶心！又在茶水池发现倾倒的茶叶渣和咖啡粉！严重堵塞下水道！严禁倒入水槽！请倒入指定垃圾桶！,茶水池再次发现倾倒的茶叶渣咖啡粉导致堵塞，严禁倒入水槽，请倒入指定垃圾桶。,"茶叶渣咖啡粉, 堵塞下水道, 指定垃圾桶",“茶叶渣咖啡粉”是令人不悦的垃圾；“堵塞下水道”是后果；“指定垃圾桶”是正确去处，带怒气。,,
960,task,happy,太好了！用户对我们新上线的夜间模式好评如潮！嗯，特别是对护眼效果的认可！啊，你收集一下具体反馈。,太好了！用户对我们新上线的夜间模式好评如潮！特别是对护眼效果的认可！你收集一下具体反馈。,新上线的夜间模式获用户大量好评，尤以护眼效果为甚，请收集具体反馈。,"夜间模式, 好评如潮, 护眼效果",“夜间模式”是成功功能；“好评如潮”是积极反响；“护眼效果”是亮点。,,
961,chitchat,angry,真是气人！我预约的医生门诊，呃，提前一个月约上的，啊，结果到医院告诉我医生临时停诊！也不提前通知！,真是气人！我预约的医生门诊提前一个月约上的结果到医院告诉我医生临时停诊！也不提前通知！,提前一月预约的医生门诊因医生临时停诊且未提前通知而作废，令人气愤。,"提前一个月约上的, 临时停诊, 不提前通知",“提前一个月约上的”体现不易；“临时停诊”是变故；“不提前通知”是医院过失，引发怒气。,,
962,notice,calm,通知：嗯，公司将于本月底进行年度固定资产盘点，啊，涉及各位办公电脑等设备，呃，请大家配合行政部工作。,通知：公司将于本月底进行年度固定资产盘点涉及各位办公电脑等设备请大家配合行政部工作。,公司将于月底进行年度固定资产盘点，涉及办公电脑等设备，请配合行政部工作。,"固定资产盘点, 办公电脑, 配合",“固定资产盘点”是事项；“办公电脑”是盘点对象；“配合”是要求，语气平稳。,,
963,task,surprised,什么？行业协会想把我们那个小工具作为标准解决方案推广？啊？这影响力可就大了！需要认真准备技术文档。,什么？行业协会想把我们那个小工具作为标准解决方案推广？这影响力可就大了！需要认真准备技术文档。,行业协会有意将公司某小工具作为标准解决方案推广，影响力巨大，需认真准备技术文档。,"标准解决方案, 影响力大, 技术文档",“标准解决方案”是荣誉与责任；“影响力大”是意义；“技术文档”是准备工作。,,
964,chitchat,sad,唉，我小时候常去的那家游戏厅，嗯，如今已经变成停车场了...啊，那些投币游戏的记忆再也找不回来了...,我小时候常去的那家游戏厅如今已经变成停车场了...那些投币游戏的记忆再也找不回来了...,童年常去的游戏厅现已成为停车场，往昔玩投币游戏的记忆无法重现，令人感伤。,"游戏厅, 变成停车场, 记忆找不回",“游戏厅”是回忆场所；“变成停车场”是物非；“记忆找不回”是失落根源。,,
965,notice,fearful,紧急安全提示：啊，近期有冒充公司领导通过微信、QQ要求转账的诈骗，呃，务必电话或当面核实！切勿轻信！,紧急安全提示：近期有冒充公司领导通过微信QQ要求转账的诈骗务必电话或当面核实！切勿轻信！,警惕冒充公司领导通过微信、QQ要求转账的诈骗，务必电话或当面核实，切勿轻信。,"冒充领导, 要求转账, 电话核实",“冒充领导”是诈骗手段；“要求转账”是目的；“电话核实”是防护措施，带紧迫感。,,
966,task,calm,关于新项目的用户调研，嗯，需要设计一个简单的问卷，啊，10个问题以内，呃，主要了解使用习惯和痛点。,关于新项目的用户调研需要设计一个简单的问卷10个问题以内主要了解使用习惯和痛点。,请为新项目设计一份10题以内的简单问卷，重点了解用户使用习惯与痛点。,"用户调研, 10个问题, 使用习惯痛点",“用户调研”是任务；“10个问题”是篇幅限制；“使用习惯痛点”是内容重点，语气平和。,,
967,chitchat,surprised,哇！你看那只猫！呃，居然在试图抓自己尾巴转圈圈！啊，傻乎乎的好可爱！,你看那只猫！居然在试图抓自己尾巴转圈圈！傻乎乎的好可爱！,观察到猫咪试图追逐自己尾巴转圈，模样傻气可爱。,"抓自己尾巴, 转圈圈, 好可爱",“抓自己尾巴”是有趣行为；“转圈圈”形象化动作；“好可爱”是喜爱之情。,,
968,notice,happy,好消息：啊，为感谢员工辛勤付出，呃，公司将于本月底组织全员观影活动，嗯，具体影片和时间另行通知！,好消息：为感谢员工辛勤付出公司将于本月底组织全员观影活动具体影片和时间另行通知！,为感谢员工辛勤工作，公司将于本月底组织全员观影活动，具体安排另行通知。,"观影活动, 全体员工, 另行通知",“观影活动”是福利；“全体员工”是范围；“另行通知”是后续安排，语气积极。,,
969,task,angry,这需求变更也太频繁了！啊？一天变三次！呃，还让不让人写代码了？必须规范变更流程，减少随意变更！,这需求变更也太频繁了！一天变三次！还让不让人写代码了？必须规范变更流程减少随意变更！,需求变更过于频繁（一日三次），严重影响开发，必须规范流程减少随意变更。,"一天变三次, 规范流程, 减少变更",“一天变三次”量化混乱程度；“规范流程”是解决之道；“减少变更”是目标。,,
970,chitchat,calm,嗯，我觉得午休时听点纯音乐挺好的，啊，不用带歌词的那种，呃，能让大脑真正放松一下。,我觉得午休时听点纯音乐挺好的不用带歌词的那种能让大脑真正放松一下。,认为午休时聆听无歌词的纯音乐有助于大脑真正放松。,"听点纯音乐, 不带歌词, 放松",“听点纯音乐”是平静活动；“不带歌词”是选择标准；“放松”是益处，语气温和。,,
971,notice,surprised,突发通知！啊，因核心服务器突发硬件故障，呃，公司主要业务系统需紧急停机维护两小时！哇，请大家保存数据！,突发通知！因核心服务器突发硬件故障公司主要业务系统需紧急停机维护两小时！请大家保存数据！,因核心服务器硬件故障，主要业务系统需紧急停机维护两小时，请保存数据。,"硬件故障, 紧急停机, 保存数据",“硬件故障”是意外原因；“紧急停机”是应对措施；“保存数据”是紧急提醒。,,
972,task,sad,这个功能的用户参与度，嗯...远低于预期，啊，看来我们低估了用户的使用门槛。呃，需要增加引导和教育内容。,这个功能的用户参与度远低于预期看来我们低估了用户的使用门槛。需要增加引导和教育内容。,该功能用户参与度未达预期，可能因使用门槛过高，需增加引导与教育内容。,"远低于预期, 使用门槛, 增加引导",“远低于预期”表示差距；“使用门槛”是可能原因；“增加引导”是改进方向。,,
973,chitchat,happy,哈哈！我今天居然在超市抽奖中了一袋大米！嗯，虽然不值钱但感觉好幸运！啊，晚上就煮它了！,我今天居然在超市抽奖中了一袋大米！虽然不值钱但感觉好幸运！晚上就煮它了！,在超市抽奖中幸运获得一袋大米，虽价值不高但觉幸运，决定当晚食用。,"中了一袋大米, 好幸运, 晚上煮",“中了一袋大米”是意外收获；“好幸运”是心情；“晚上煮”是愉悦决定。,,
974,notice,angry,严禁！啊！禁止任何员工在办公室内给各类充电宝、无人机电池等大容量电池充电！呃，火灾风险极高！,严禁！禁止任何员工在办公室内给各类充电宝无人机电池等大容量电池充电！火灾风险极高！,严禁在办公室内为充电宝、无人机电池等大容量电池充电，因此火灾风险极高。,"大容量电池充电, 火灾风险",“大容量电池充电”是危险行为；“火灾风险”是严重警示，需严厉禁止。,,
975,task,surprised,什么？客户提出如果我们愿意开放部分源代码，啊，就愿意投资我们下一轮？呃...这个提议需要非常谨慎地评估。,什么？客户提出如果我们愿意开放部分源代码就愿意投资我们下一轮？这个提议需要非常谨慎地评估。,客户提出若开放部分源代码则愿投资下一轮，此提议需极其谨慎评估。,"开放源代码, 投资下一轮, 谨慎评估",“开放源代码”是重大决策；“投资下一轮”是诱惑；“谨慎评估”是必要态度。,,
976,chitchat,fearful,我感觉...嗯...刚才好像有陌生人试图尾随我进楼道...啊，我赶紧把门禁关上了...现在心跳还很快...,我感觉刚才好像有陌生人试图尾随我进楼道...我赶紧把门禁关上了...现在心跳还很快...,感觉有陌生人试图尾随进入楼道，迅速关闭门禁后仍感后怕。,"尾随进楼道, 关上门禁, 心跳快",“尾随进楼道”是安全威胁；“关上门禁”是紧急应对；“心跳快”是恐惧生理反应。,,
977,notice,calm,通知：嗯，公司将于下周一起更换停车场道闸系统，啊，期间车辆进出可能会有短暂延误，呃，请大家谅解配合。,通知：公司将于下周一起更换停车场道闸系统期间车辆进出可能会有短暂延误请大家谅解配合。,公司下周一更换停车场道闸系统，期间车辆进出可能短暂延误，请谅解配合。,"更换道闸系统, 短暂延误, 谅解配合",“更换道闸系统”是事由；“短暂延误”是可能影响；“谅解配合”是请求，语气平稳。,,
978,task,disgusted,这家的UI设计完全不符合我们的设计规范！嗯，色系、字体全是错的！啊，简直像是另一个世界的产品！重做！,这家的UI设计完全不符合我们的设计规范！色系字体全是错的！简直像是另一个世界的产品！重做！,外包UI设计完全不符合公司设计规范，色系字体均错误，要求重新设计。,"不符合规范, 色系字体错, 重做",“不符合规范”是根本问题；“色系字体错”是具体错误；“重做”是强硬要求。,,
979,chitchat,surprised,我的天！你看那棵树的形状！呃，好像一个巨大的人张开手臂！啊，真是奇特的自然景观！,你看那棵树的形状！好像一个巨大的人张开手臂！真是奇特的自然景观！,发现一棵树木形状奇特，酷似张开手臂的巨人，令人称奇。,"树的形状, 张开手臂, 奇特景观",“树的形状”是观察对象；“张开手臂”是惊奇联想；“奇特景观”是赞叹。,,
980,notice,sad,沉痛通告：呃，我们得知公司退休员工赵师傅，啊，于昨日凌晨安然离世...嗯，享年85岁，愿老师傅一路走好。,沉痛通告：我们得知公司退休员工赵师傅于昨日凌晨安然离世...享年85岁愿老师傅一路走好。,公司退休员工赵师傅于昨日凌晨离世，享年85岁，愿其安息。,"安然离世, 享年85岁, 一路走好",“安然离世”是悲痛事实；“享年85岁”是高龄；“一路走好”是祝愿，语气沉重。,,
981,task,calm,关于新项目的例会时间，嗯，暂定每周三下午三点，啊，如果这个时间大家有冲突，呃，我们再调整。,关于新项目的例会时间暂定每周三下午三点如果这个时间大家有冲突我们再调整。,新项目例会时间暂定每周三下午三点，若此时间有冲突可再调整。,"例会时间, 周三下午三点, 调整",“例会时间”是事项；“周三下午三点”是暂定；“调整”是灵活性，语气平常。,,
982,chitchat,happy,哈哈！我今天做的油焖大虾居然零失误！嗯，色香味俱全！啊，感觉自己厨艺大增！,我今天做的油焖大虾居然零失误！色香味俱全！感觉自己厨艺大增！,首次烹制油焖大虾即完美成功，色香味俱佳，自感厨艺提升。,"零失误, 色香味俱全, 厨艺大增",“零失误”是完美结果；“色香味俱全”是高品质；“厨艺大增”是自我肯定。,,
983,notice,fearful,紧急提醒：啊，接网监部门通报，呃，近期有黑客针对企业邮箱进行密码撞库攻击，嗯，请大家立即修改弱密码！,紧急提醒：接网监部门通报近期有黑客针对企业邮箱进行密码撞库攻击请大家立即修改弱密码！,网监通报黑客针对企业邮箱进行密码撞库攻击，请立即修改弱密码以确保安全。,"撞库攻击, 企业邮箱, 修改弱密码",“撞库攻击”是安全威胁；“企业邮箱”是目标；“修改弱密码”是紧急防护，带担忧。,,
984,task,happy,真不错！新功能的用户满意度调查得分很高！嗯，特别是易用性方面获得好评！啊，你总结一下成功经验。,真不错！新功能的用户满意度调查得分很高！特别是易用性方面获得好评！你总结一下成功经验。,新功能用户满意度调查得分高，尤以易用性获好评，请总结成功经验。,"满意度得分高, 易用性好评, 总结经验",“满意度得分高”是积极结果；“易用性好评”是亮点；“总结经验”是知识积累。,,
985,chitchat,calm,嗯，我觉得晚上点个香薰蜡烛挺助眠的，啊，淡淡的香味，呃，昏暗的烛光，很容易让人放松下来。,我觉得晚上点个香薰蜡烛挺助眠的淡淡的香味昏暗的烛光很容易让人放松下来。,认为晚间点燃香薰蜡烛，其淡淡香味与昏暗烛光有助于睡眠放松。,"香薰蜡烛, 助眠, 放松",“香薰蜡烛”是平和物品；“助眠”是生理益处；“放松”是心理状态，语气宁静。,,
986,notice,surprised,快看通知！哇！公司决定给所有员工发放一笔额外的“高温补贴”！啊，随本月工资发放！呃，感谢大家辛勤工作！,快看通知！公司决定给所有员工发放一笔额外的“高温补贴”！随本月工资发放！感谢大家辛勤工作！,公司决定为所有员工发放额外高温补贴，随本月工资发放，感谢大家辛勤工作。,"高温补贴, 随工资发放, 辛勤工作",“高温补贴”是惊喜福利；“随工资发放”是时间；“辛勤工作”是肯定，语气高兴。,,
987,task,sad,这个渠道的获客成本，嗯...再次大幅上涨，啊，而用户质量却没有同步提升。呃，我们需要考虑逐步减少对这个渠道的依赖了。,这个渠道的获客成本再次大幅上涨而用户质量却没有同步提升。我们需要考虑逐步减少对这个渠道的依赖了。,该渠道获客成本再次大幅上涨，但用户质量未提升，需考虑减少对其依赖。,"大幅上涨, 用户质量未提升, 减少依赖",“大幅上涨”是成本问题；“用户质量未提升”是效果问题；“减少依赖”是战略调整。,,
988,chitchat,angry,真是无语！我预订的民宿，呃，到店后告诉我要加收“清洁费”和“服务费”！啊？预订平台根本没显示！这不是隐藏消费吗？,真是无语！我预订的民宿到店后告诉我要加收“清洁费”和“服务费”！预订平台根本没显示！这不是隐藏消费吗？,预订民宿后到店被要求加收未事先告知的清洁费与服务费，质疑其为隐藏消费。,"加收清洁费, 根本没显示, 隐藏消费",“加收清洁费”是无理要求；“根本没显示”是信息不透明；“隐藏消费”是愤怒定性。,,
989,notice,calm,通知：嗯，公司将于下季度更新员工手册，啊，主要涉及考勤和报销流程的微调，呃，新版手册将发送至各位邮箱。,通知：公司将于下季度更新员工手册主要涉及考勤和报销流程的微调新版手册将发送至各位邮箱。,公司下季度将更新员工手册，主要微调考勤与报销流程，新版手册将发至邮箱。,"更新员工手册, 考勤报销微调, 发送邮箱",“更新员工手册”是事项；“考勤报销微调”是内容变化；“发送邮箱”是发布方式，语气平稳。,,
990,task,disgusted,这家的数据清洗服务做得太差了！嗯，清洗后的数据错误率反而更高！啊，完全是在帮倒忙！立即终止合同！,这家的数据清洗服务做得太差了！清洗后的数据错误率反而更高！完全是在帮倒忙！立即终止合同！,数据清洗服务质量极差，清洗后数据错误率不降反升，要求立即终止合同。,"错误率更高, 帮倒忙, 终止合同",“错误率更高”是反向效果；“帮倒忙”是极度不满；“终止合同”是决定。,,
991,chitchat,surprised,哇！你快看天上的云！呃，好像一群奔腾的野马！啊，气势磅礴！,你快看天上的云！好像一群奔腾的野马！气势磅礴！,观察到云朵形状酷似奔腾的野马群，景象气势恢宏。,"奔腾的野马, 气势磅礴",“奔腾的野马”是生动比喻；“气势磅礴”是视觉感受，令人惊叹。,,
992,notice,happy,喜讯：啊，恭喜我公司荣获“年度最佳企业文化奖”！嗯，这是对全体员工共建和谐氛围的肯定！呃，周末举办庆祝活动！,喜讯：恭喜我公司荣获“年度最佳企业文化奖”！这是对全体员工共建和谐氛围的肯定！周末举办庆祝活动！,公司荣获年度最佳企业文化奖，是对全体员工共建和谐氛围的肯定，周末举办庆祝活动。,"最佳企业文化奖, 和谐氛围, 庆祝活动",“最佳企业文化奖”是荣誉名称；“和谐氛围”是获奖原因；“庆祝活动”是喜悦延续。,,
993,task,angry,这项目文档写得跟天书一样！啊？术语堆砌不说，啊，关键逻辑一点没讲清楚！让负责人重写！写不明白就别开工！,这项目文档写得跟天书一样！术语堆砌不说关键逻辑一点没讲清楚！让负责人重写！写不明白就别开工！,项目文档质量极差，充斥术语且关键逻辑不清，要求负责人重写，明确前不得开工。,"写得跟天书一样, 关键逻辑不清, 重写",“写得跟天书一样”强烈否定；“关键逻辑不清”是致命问题；“重写”是硬性要求。,,
994,chitchat,sad,唉，我用了多年的那个笔记软件，嗯，被大公司收购后逐渐变得臃肿难用...啊，纯净好用的时代一去不复返了...,我用了多年的那个笔记软件被大公司收购后逐渐变得臃肿难用...纯净好用的时代一去不复返了...,使用多年的笔记软件被收购后变得臃肿难用，怀念其过去纯净好用的时代。,"变得臃肿难用, 纯净好用, 一去不复返",“变得臃肿难用”是现状；“纯净好用”是失去的优点；“一去不复返”是无奈感叹。,,
995,notice,fearful,紧急预警：啊，疾控中心通报本地出现传染病聚集性疫情，呃，请大家注意个人卫生，佩戴口罩，减少聚集！,紧急预警：疾控中心通报本地出现传染病聚集性疫情请大家注意个人卫生佩戴口罩减少聚集！,疾控中心通报本地出现传染病聚集性疫情，请注意个人卫生、佩戴口罩并减少聚集。,"聚集性疫情, 注意卫生, 减少聚集",“聚集性疫情”是健康风险；“注意卫生”是防护基础；“减少聚集”是重要建议，带关切。,,
996,task,happy,太好了！用户对我们新改版的支付流程反馈极佳！嗯，支付成功率提升了15%！啊，你分析一下是哪些优化起了关键作用。,太好了！用户对我们新改版的支付流程反馈极佳！支付成功率提升了15%！你分析一下是哪些优化起了关键作用。,支付流程改版后获用户极佳反馈，支付成功率提升15%，请分析关键优化点。,"支付流程, 成功率提升15%, 关键作用",“支付流程”是优化对象；“成功率提升15%”是商业成效；“关键作用”是分析重点。,,
997,chitchat,calm,嗯，我觉得周末去逛逛古董市场挺有意思的，啊，即使不买，呃，看看那些老物件也很有味道。,我觉得周末去逛逛古董市场挺有意思的即使不买看看那些老物件也很有味道。,认为周末逛古董市场有趣，即使不购买，观赏老物件也颇具韵味。,"逛逛古董市场, 老物件, 有味道",“逛逛古董市场”是休闲活动；“老物件”是观赏重点；“有味道”是文化体验，语气平和。,,
998,notice,surprised,突发通知！啊，因园区临时接到重要接待任务，呃，明天所有车辆不得入园！哇，请大家选择公共交通出行！,突发通知！因园区临时接到重要接待任务明天所有车辆不得入园！请大家选择公共交通出行！,因园区临时重要接待任务，明日所有车辆禁止入园，请选择公共交通出行。,"重要接待任务, 车辆不得入园, 公共交通",“重要接待任务”是意外原因；“车辆不得入园”是突发规定；“公共交通”是替代方案。,,
999,task,sad,这个功能的用户访谈显示，嗯...用户觉得它有点“鸡肋”，啊，食之无味弃之可惜。呃，我们需要认真考虑它的去留了。,这个功能的用户访谈显示用户觉得它有点“鸡肋”食之无味弃之可惜。我们需要认真考虑它的去留了。,用户访谈反馈该功能略显“鸡肋”（价值不大但弃之可惜），需认真考虑其去留。,"鸡肋, 食之无味弃之可惜, 考虑去留",“鸡肋”是尴尬评价；“食之无味弃之可惜”是具体心态；“考虑去留”是决策压力。,,
1000,chitchat,happy,哈哈！我今天居然在小区比赛中赢了羽毛球冠军！嗯，虽然他只是轻敌了，啊，但还是很开心！,我今天居然在小区比赛中赢了羽毛球冠军！虽然他只是轻敌了但还是很开心！,在小区羽毛球比赛中意外战胜常胜冠军，虽因对方轻敌，但仍感开心。,"赢了冠军, 轻敌了, 很开心",“赢了冠军”是意外成果；“轻敌了”是客观原因；“很开心”是主观喜悦。,,
